,ExcitatoryL6,Olig,HPC,Smc,Endo,Inhibitory Sst,Inhibitory Vip,Npy,Inhibitory Pvalb,Other,Astro,ExcitatoryL4,ExcitatoryL2/3,ExcitatoryL5,Micro
0,0.0,0.0,0.3079305576824965,0.12887441169896466,0.0,0.12886150492757623,0.0,0.031800809393015377,0.19432442378639148,0.011075208024072015,0.19713308448748387,0.0,0.0,0.0,0.0
1,0.1467185513123001,0.0,0.0,0.00875800611631081,0.0,0.20373087624794262,0.040457898661991815,0.0,0.0,0.0,0.36334965293187105,0.0,0.0,0.01545332460662057,0.22153169012296287
2,0.02727913274782406,0.46299611538334656,0.0,0.0,0.0,0.12421573688006254,0.1008095364955503,0.05217943806571252,0.0,0.15552300087955942,0.07699703954794473,0.0,0.0,0.0,0.0
3,0.0,0.3305865683866177,0.027678483306336685,0.0,0.0,0.0,0.07968448095339663,0.0,0.0,0.10484491686255702,0.285485367749615,0.0,0.043832111249586345,0.06169722681685128,0.06619084467503931
4,0.30502163768949203,0.0,0.0,0.13278109062550128,0.0,0.26814628408288316,0.0,0.07521889218453652,0.0,0.0,0.0,0.0,0.13819423359442862,0.03995271777975417,0.040685144043404196
5,0.5291333063101208,0.0,0.0,0.04507361089614401,0.0,0.0,0.14066095538485623,0.07015972313937102,0.0,0.05995446834422217,0.07585359249667636,0.0,0.0507909994750487,0.0,0.02837334395356061
6,0.4880364649915308,0.05299300086884667,0.10011362103179376,0.0,0.06367691429152415,0.0774747904176707,0.09358388890623448,0.0,0.0,0.0,0.0,0.0,0.0,0.05844954773313398,0.06567177175926552
7,0.27300004463197297,0.01873872995599952,0.0,0.0,0.18480059911938476,0.020128974505435354,0.005929849115819324,0.0,0.05289644292544441,0.0,0.0,0.0,0.14851628258012262,0.23405080343739415,0.061938273728426814
8,0.013642737185197281,0.22875358127734907,0.13979165369143842,0.0,0.0,0.06711987910125367,0.0,0.0,0.300821945602847,0.00012341586835724685,0.0,0.16223624613381318,0.08751054113974417,0.0,0.0
9,0.26022891271556076,0.007001384568094479,0.03902550284467834,0.1069277675121556,0.03375866363916817,0.17737124366867535,0.0,0.07363808511622807,0.0,0.0,0.059815802684136575,0.055828207910855965,0.0,0.14345357619565607,0.04295085314479074
10,0.1694116799041725,0.0,0.0051571815083231096,0.046685488120828775,0.08231959648175527,0.0,0.05466954968934852,0.023898421364546743,0.18103916305709733,0.009658303327240353,0.0,0.23197470149333893,0.0,0.1951859150533486,0.0
11,0.0,0.0,0.0008505096821604306,0.17452271485395107,0.022204453590741836,0.21927007543308868,0.04431158759633247,0.021299328314043242,0.0,0.02543231162187681,0.0,0.20676148159111365,0.08729473759914286,0.12704193676460473,0.07101086295294408
12,0.21234023278880837,0.0,0.0,0.11431032715191364,0.0,0.004043117848720783,0.0360229788614775,0.07340196925012889,0.142495381428011,0.0,0.0,0.3491161869279576,0.06826980574298215,0.0,0.0
13,0.0,0.0008247612555719475,0.0859621174286782,0.0,0.0,0.0,0.0,0.03003090147483925,0.0,0.1293408221805322,0.0,0.2384853438729853,0.3900228716123453,0.1253331821750479,0.0
14,0.0,0.0801577101868841,0.0,0.0,0.023047469442808492,0.2426481116066288,0.0,0.001831586102492286,0.0,0.023551293568523982,0.0,0.0,0.46834422219324784,0.07826101022884216,0.08215859667057232
15,0.07037741607213678,0.0,0.0,0.0,0.1463261278988479,0.0004629679657091579,0.046702339243114614,0.0,0.06481408988619036,0.0,0.09315554515748033,0.0,0.5330174724327091,0.0,0.0451440413438117
16,0.20922194779928865,0.0,0.0,0.00811933129806593,0.2536621039957635,0.00028352511723159,0.013174754507392486,0.01933084535361135,0.0,0.0,0.13557026836373914,0.0,0.19049183618197707,0.0019703040813900227,0.16817508330154018
17,0.15939437330381473,0.04387178280324491,0.07674382465902392,0.0,0.0,0.0,0.23783884913884315,0.0,0.04409193886925047,0.0,0.08977400678156751,0.0,0.3482852244442553,0.0,0.0
18,0.0,0.11460888954953304,0.039310934415421904,0.0,0.10799664468969727,0.0,0.0,0.0,0.0,0.37807280461064624,0.0,0.1084246699135213,0.0,0.08693751578881494,0.16464854103236526
19,0.03296862711703342,0.0,0.0,0.07952939646297237,0.0,0.038789457732107686,0.3602042324047434,0.0,0.0,0.14996997473676865,0.19118252186451715,0.0,0.0,0.07126007950426569,0.07609571017759156
20,0.14615455859706128,0.16711130173371258,0.0,0.06031319682484893,0.040469750204764295,0.3075717965585687,0.0,0.0,0.0,0.0,0.20361830826436292,0.02963436108331084,0.0,0.0,0.04512672673337038
21,0.0,0.4347747960067412,0.07145647394665366,0.0,0.0,0.0075195510737374556,0.12424353435933959,0.0,0.0,0.14669783866484318,0.0576278659578403,0.0,0.0,0.0,0.1576799399908448
22,0.0,0.5066274088597233,0.0,0.005634688529220699,0.1626167892964648,0.0,0.0,0.09284315751970183,0.09118222279261153,0.0,0.0,0.019525200926338065,0.059909668365673435,0.061660863710266224,0.0
23,0.6387127293559458,0.0,0.05934113691541102,0.052716308761243634,0.020583461899870488,0.09045800324322921,0.0,0.049911751037794216,0.0,0.018397165684254327,0.031673446116818126,0.03820599698543307,0.0,0.0,0.0
24,0.22591974351955454,0.0,0.06259217252295844,0.0,0.11262461933509553,0.11028282333012915,0.05492743337511798,0.0,0.0,0.0,0.0,0.0,0.07216868484279082,0.28496255368827783,0.07652196938607585
25,0.4778462065943617,0.0,0.011397227786249554,0.034123938933429,0.0,0.0,0.0711322809998898,0.10521678766700979,0.0,0.13400104408472563,0.0,0.0,0.15743698661831163,0.008845527316022662,0.0
26,0.15983534780924605,0.12329130589422603,0.16005923252462773,0.007405264557366519,0.0,0.017905917964484708,0.037250933314714706,0.0,0.0,0.09646041442161804,0.0,0.23007120163779368,0.0,0.16772038187592264,0.0
27,0.036042016208401764,0.0,0.0,0.0,0.20215254744258182,0.0,0.0,0.20866927678246003,0.0,0.0,0.0,0.13824285855541218,0.0,0.41489330101114424,0.0
28,0.10960839075393995,0.18077864065131838,0.0,0.08156984460291013,0.0850201625475794,0.20715887263645516,0.0,0.0,0.0,0.05347923411067123,0.012198173870868669,0.0,0.0,0.2701866808262572,0.0
29,0.12839617487911925,0.0,0.023258713687539127,0.0,0.3125285569591197,0.0,0.15855030778608775,0.03470219323384165,0.12947129128439203,0.0,0.0353659879892025,0.0,0.17772677418069802,0.0,0.0
30,0.0,0.00545202675178993,0.0,0.16815206622072648,0.1594480261438262,0.0,0.09067494997025677,0.0,0.14718719795566534,0.0,0.015709110802587873,0.17994676365072773,0.23342985850441958,0.0,0.0
31,0.12534775776728801,0.0,0.02692858795428001,0.051055967279885095,0.29128874110168856,0.031136885081327892,0.0,0.0,0.08842714745252692,0.001492257071424665,0.0,0.21547140272154885,0.16885125357003,0.0,0.0
32,0.003607700120529743,0.0,0.061921843667814135,0.0,0.07934604531148366,0.0,0.0,0.11520674063357525,0.16348327844670402,0.12224153538451897,0.012579178538359702,0.21349322145895422,0.22812045643806042,0.0,0.0
33,0.0,0.0,0.11492989414325673,0.12651629602821415,0.2330098026737489,0.02857804777545733,0.004057553649232675,0.0,0.0,0.0,0.08709954054176627,0.0809733009844199,0.32230442058791564,0.002531143615988549,0.0
34,0.23597853336828542,0.0,0.0,0.10619821926576302,0.045647021025935514,0.022104210976375726,0.035005308509251196,0.0,0.0,0.0,0.10895039168816101,0.09132275908727601,0.305540488339898,0.012270471637478707,0.03698259610157538
35,0.18827381645448357,0.04892525123909832,0.05170550839059439,0.051892174343762636,0.07714360489348167,0.0,0.026014292324981054,0.0,0.2044828283246228,0.0,0.0,0.0,0.3515625240289754,0.0,0.0
36,0.0,0.009527504794486824,0.0660355336369457,0.0,0.18485650040574836,0.0,0.0,0.0,0.009308152305790608,0.04974721453649927,0.031027898433945586,0.0,0.5438103762007557,0.0,0.10568681968582809
37,0.0,0.0,0.0,0.1119055496453447,0.09319461014756676,0.11709671208497405,0.0539139020155486,0.1694851374657341,0.03929465632008392,0.16698981130446375,0.07428484458369218,0.0,0.0,0.17383477643259193,0.0
38,0.05805750634773876,0.0,0.5541549727468004,0.0,0.10881545073194138,0.0,0.04192330620993198,0.0,0.0,0.00564379155153125,0.0,0.1262143489947135,0.0,0.0,0.10519062341734282
39,0.024614994672177138,0.28858822945802076,0.04010614916206832,0.09129988199499198,0.0,0.1366561667146827,0.10154634222006378,0.10661410854071128,0.0,0.12308484727080522,0.04800717970421816,0.018952505886083684,0.0,0.0,0.020529594376177154
40,0.0,0.453067166951859,0.08196368191589724,0.0,0.0,0.02869124568275259,0.10258052207191083,0.0,0.021734791230701284,0.07965196336407855,0.14315093815777385,0.02248555600941473,0.0,0.0,0.06667413461561206
41,0.0,0.26052117001394026,0.0,0.2016783349835361,0.014632727499559472,0.0758220521000885,0.10788682153304625,0.03302178609219342,0.07347896343462731,0.08610983066947475,0.13257368006309625,0.0,0.014274633610437567,0.0,0.0
42,0.5531235151568112,0.0,0.0,0.12059765642007976,0.0,0.13221089660506916,0.06754879858951567,0.0,0.0,0.0,0.11110389365356631,0.015415239574957905,0.0,0.0,0.0
43,0.3796802458186954,0.0,0.1459920121122236,0.011915340201109946,0.014258646299847813,0.0,0.0,0.0,0.13768189310105813,0.110063993655635,0.02709358869962705,0.018915447083376398,0.11954362233231136,0.0,0.03485521069611522
44,0.26475096615285326,0.018347280111795032,0.056056319920176595,0.0,0.0,0.012185041486369935,0.0,0.0,0.28359690463114945,0.0,0.16145139806073938,0.0492193589103948,0.06286558594046265,0.0564201721554036,0.035106972630655126
45,0.0,0.05480721929887784,0.0974724749149557,0.0,0.3196285899765328,0.0,0.038609533292313016,0.0,0.017451528101114083,0.0,0.12252635899671188,0.0,0.2689880853468834,0.037111230749926984,0.04340497932268412
46,0.04391296528389249,0.0,0.02061258731039284,0.17297711751308836,0.0,0.1514495884089787,0.04478288487756772,0.011620688314493973,0.0,0.0,0.24817956526032,0.02086288223007767,0.0,0.2517426581291818,0.033859062672006376
47,0.21487961725567886,0.0,0.037770831842538495,0.17622840473963125,0.043218094653453755,0.06466113866656907,0.07887010866611202,0.025592735804771283,0.0,0.0017054092874299429,0.049370620529718336,0.0,0.01675136353233761,0.2909516750217594,0.0
48,0.0,0.07170567910339465,0.09752507180936731,0.0,0.0,0.026446743880374917,0.0,0.09831837324993273,0.0,0.025468598000221637,0.05523166942509744,0.23487844539427696,0.0,0.19142320468369062,0.1990022144536438
49,0.10813239731252298,0.019909572841165624,0.0,0.011840794239665798,0.19141921029477765,0.11326193134588775,0.051188742203424925,0.04779068796353184,0.051727740426197454,0.0,0.04872400738700382,0.35600491598582207,0.0,0.0,0.0
50,0.1987576239675456,0.0,0.027421694849288785,0.0,0.2283717217019779,0.0,0.0,0.026034176578558894,0.2796966640206007,0.0,0.0,0.016483847056432722,0.22323427182559546,0.0,0.0
51,0.0,0.10440953327836823,0.07277743008304059,0.0,0.18027543065345156,0.0,0.0,0.06786119879721067,0.12124594847007901,0.0,0.0,0.2670144708553043,0.18641598786254565,0.0,0.0
52,0.0,0.10371075115059508,0.06349069201370779,0.0,0.08873162972030998,0.0,0.0,0.0,0.25940141750134665,0.0,0.0,0.0,0.3361679441942769,0.07883906011792781,0.06965850530183582
53,0.2093878094407144,0.0,0.07950784979289138,0.06282236994416802,0.0,0.06524521670411318,0.14274930453386683,0.02805981570506593,0.0,0.0,0.0,0.0,0.4079754693869787,0.0,0.00425216449220179
54,0.0,0.09011364346557049,0.05067908798567098,0.0,0.0,0.2764158840022242,0.010439760754157519,0.0,0.01693445201705479,0.03505912436640402,0.0,0.032600438108798514,0.46763185180109773,0.020125757499021683,0.0
55,0.0,0.0,0.0,0.06161521738084901,0.1024285161239953,0.036825875271941234,0.1867538242898027,0.18978618609691328,0.0,0.08674581850939074,0.12413435897736998,0.0,0.11884994810782826,0.09286025524190955,0.0
56,0.0,0.19135171164003797,0.12200084293910525,0.03409474864976625,0.3150014736684592,0.0,0.045178561473297914,0.06402568832236759,0.034358494521545706,0.0,0.15178181580137487,0.0007247893098469779,0.005037994919108016,0.0,0.0364438787550902
57,0.0,0.0917544333084565,0.28528286844299533,0.050642671169660695,0.0,0.0,0.0,0.12161618951805131,0.0,0.12669933081720905,4.0749195430920876e-05,0.0,0.09604356721539777,0.13580070007656297,0.09211949025623539
58,0.0,0.012507518254186946,0.0,0.014420272128454613,0.19882945641879754,0.0,0.0,0.07709920825167371,0.06678522416909097,0.0,0.11541277439706922,0.0,0.07392458016429752,0.2386161733247269,0.2024047928917027
59,0.0,0.4191620855492941,0.011796294515671898,0.0,0.11090206811638724,0.0,0.0,0.053789040837290504,0.0,0.1599653414234981,0.0,0.08466040759152486,0.0,0.09238129928804105,0.0673434626782921
60,0.0,0.43500459669673996,0.040055847235312914,0.0068186275413999456,0.07712113910287596,0.0,0.062264631623266085,0.04890437018992004,0.10312178339304576,0.0030147274594285864,0.0,0.0,0.0,0.0,0.22369427675801065
61,0.3074119462703457,0.0,0.0,0.11634750324703882,0.03299141185570115,0.12916001280686001,0.09749853425978677,0.10271088721663259,0.06469822147684172,0.0,0.06925464425001167,0.0,0.07992683861678167,0.0,0.0
62,0.23160200449906337,0.0,0.0,0.1879927145326372,0.008201674098062531,0.0,0.08098855614174925,0.0,0.1871038582616825,0.0,0.15981531267155186,0.0,0.14422303586008803,7.284393516531564e-05,0.0
63,0.4960006062464707,0.026862217156542634,0.03609162355845808,0.0,0.0,0.0627166264047843,0.0,0.120550992592015,0.03880176032518182,0.02937283018468258,0.0,0.0,0.06849519508678963,0.1211081484450754,0.0
64,0.11832217672917164,0.0,0.0,0.2061088387612714,0.0,0.008141558298055771,0.1255580260615195,0.02277866864964606,0.0,0.0,0.0,0.048134094992629904,0.0,0.42615934206781114,0.044797294439894435
65,0.25912803944304963,0.0,0.13877442833807577,0.11553339085285609,0.03158400874416984,0.0,0.07342299038986591,0.0,0.0815711433754527,0.0,0.10712576690898427,0.11562213290366768,0.07723809904387795,0.0,0.0
66,0.09243968348510438,0.0,0.0,0.08051818585163563,0.05223140115546928,0.0,0.0,0.0,0.17957495580980015,0.0,0.0,0.0,0.35089331010902236,0.1425663008254444,0.1017761627635239
67,0.014401734689029682,0.027594206239530367,0.0810948185005323,0.0,0.10554864784190965,0.029455066345138333,0.06166490846452681,0.07439973653493002,0.05617885328868509,0.0,0.0,0.4678885076525298,0.0,0.0,0.08177352044318777
68,0.0,0.0,0.09087624651155593,0.10669696543541428,0.12015929044939813,0.049531596802560876,0.025862287463252597,0.0,0.0,0.0,0.0,0.520816214493857,0.0,0.026944013861150393,0.059113384982810865
69,0.17723312330642205,0.0,0.0,0.05290927582938318,0.0,0.008777648689465647,0.0,0.06960739226182076,0.0,0.010819695332990422,0.15276559097885561,0.4436212402706136,0.0,0.018455066398961467,0.0658109669314873
70,0.0,0.0768063401475912,0.0,0.0,2.8009288470104272e-05,0.0,0.007098735877235582,0.0,0.06572060540360351,0.04813469030025514,0.0729443379846524,0.336729733136685,0.2354053013672005,0.032180969649234864,0.12495127684507164
71,0.08402718253888579,0.0,0.0,0.050352144291967105,0.006489452849894939,0.003955896143942896,0.0605092061815342,0.030658137388488594,0.15646770710475327,0.09421195765535012,0.09493091458288161,0.08376271414058116,0.33249632039443083,0.0,0.0021383667272896318
72,0.12055844369472643,0.0,0.0,0.0,0.1680226897911655,0.0,0.015864550612825067,0.002865407979976711,0.1492427316673645,0.0,0.014117284717705732,0.0,0.3766487467100679,0.0,0.15268014482616815
73,0.1292705303481974,0.0,0.012766880619992524,0.01935066598770268,0.0,0.036807052559736354,0.013361294019183132,0.08492018158065277,0.11203502812147609,0.0,0.11181730866995249,0.0,0.4796710580931065,0.0,0.0
74,0.0,0.06474210836190596,0.0,0.04235114155668107,0.10918052922841877,0.0,0.05393829103368717,0.16698826240952813,0.1396188593261971,0.0670478061759659,0.24775165089876652,0.0,0.0,0.0,0.1083813510088494
75,0.0,0.19792976434604798,0.11335722751094782,0.059915763187038035,0.21181907426554655,0.0,0.0,0.05188949407844792,0.0,0.03852726681288625,0.09445207732455435,0.0,0.08221918645082357,0.05949720033267405,0.09039294569103351
76,0.0,0.006371765884650877,0.09950962586056919,0.0714811073046056,0.0,0.0,0.09650092633439178,0.042196826246145874,0.0,0.2899212715489336,0.0,0.0030245227378138608,0.010803585008760722,0.38019036907412856,0.0
77,0.05957861368249836,0.0,0.0,0.054492695592578896,0.0,0.20861899118730887,0.10077331124666393,0.0,0.0,0.030800569651003886,0.36548429636363033,0.0,0.0,0.1802515222763159,0.0
78,0.0,0.34989541785049744,0.0,0.11037835567815453,0.0,0.10546129203183567,0.15871215699721375,0.04029035062330667,0.037101004636492234,0.0,0.07103944967475809,0.04815076191853263,0.0,0.0,0.07897121058920899
79,0.19444973242094113,0.17324043021451085,0.0,0.12371050720332348,0.0,0.009423278179568584,0.03351980813843819,0.191124812780792,0.0,0.043631402042489706,0.18925459103286613,0.0,0.012911721088705825,0.0,0.028733716898364077
80,0.4524293479639751,0.019238093832109174,0.015025028951999553,0.0,0.06851949779608672,0.008123394020709551,0.0,0.0,0.177598745842044,0.0,0.13562323940496512,0.008050773664353526,0.008080539530581821,0.10731133899317542,0.0
81,0.19459320744850409,0.0,0.07012381242516214,0.14589575324614687,0.004087392436096188,0.0,0.08791524290386071,0.0,0.14740965019785035,0.17646593507860098,0.0,0.17350900626377866,0.0,0.0,0.0
82,0.11989030388610723,0.0,0.03307969317201703,0.0,0.062416752651208524,0.0,0.16922766695771096,0.0,0.3046170942741391,0.02917333523524539,0.14521460739871134,0.0,0.014332566977672701,0.0,0.12204797944718786
83,0.014473134034826364,0.0,0.0,0.020660689009012474,0.0,0.20253562954571208,0.08981513702549367,0.17056890438628866,0.03690697167403634,0.0,0.16385157017530205,0.0,0.0,0.10147000272030837,0.19971796142901999
84,0.0,0.0,0.05842415927663863,0.0,0.18877798040336835,0.0,0.14314022158409034,0.0,0.0,0.0,0.1747615269551707,0.0,0.060975181790612724,0.3739209299901193,0.0
85,0.0,0.05844671619904646,0.09995955255043264,0.20611721325124308,0.0,0.023996552632158653,0.0,0.0,0.09973763722803303,0.05084523678276149,0.05281399529237629,0.15196782214093968,0.0,0.23229995215668414,0.02381532176632449
86,0.0,0.0396972622144622,0.0,0.0,0.0,0.27288192144773793,0.0,0.0,0.0,0.0,0.09757245533195952,0.2489713839842004,0.0024113483194829898,0.30837503736088084,0.030090591341275955
87,0.0,0.0,0.0,0.0,0.058418214799924054,0.015296245548597927,0.11244798658984906,0.07090054643335929,0.0,0.0,0.20645450894025447,0.4882947018321359,0.008823246390753225,0.03936454946512618,0.0
88,0.0,0.0,0.043541332155142574,0.0,0.04790808784255398,0.0,0.16635248846836623,0.0,0.010839910589752502,0.04798796809995265,0.13408295202863815,0.5492872608155939,0.0,0.0,0.0
89,0.19319737457326236,0.09998894034836296,0.03941235946895941,0.11948659317716405,0.0,0.010262134022806025,0.03710073154904767,0.0,0.0,0.0,0.0,0.18075324297743486,0.24844862384522287,0.0025396447915761607,0.0688103552461636
90,0.08655624668891253,0.0,0.07897598415581772,0.0,0.0,0.09483095514964897,0.008464865144074662,0.0,0.0,0.0,0.13715996936135247,0.0,0.5940119795001937,0.0,0.0
91,0.0,0.0,0.10059718639590443,0.13003460073566542,0.1161544139309033,0.16636222511951423,0.018215725935992202,0.0,0.0,0.20900004686550921,0.0,0.17685746989502682,0.0,0.024159061722675037,0.0586192693988093
92,0.0,0.0,0.0,0.1337488294118555,0.07316829301012112,0.0,0.07501261032415908,0.019978875670306186,0.07408711331566083,0.0,0.20910394223930626,0.0,0.414900336028591,0.0,0.0
93,0.0,0.09015165485631717,0.061191670220335954,0.16460866077875708,0.0,0.0,0.0005394513370831308,0.0,0.0,0.2554861056659032,0.0,0.009961082079281446,0.051483672030838444,0.1893779987883657,0.17719970424311787
94,0.0,0.21540435822434648,0.0,0.057789945159903176,0.17726667197789295,0.0,0.0,0.0,0.2510827757239457,0.029885436295870694,0.0,0.09480981969085141,0.0,0.07215214084889358,0.10160885207829594
95,0.14077180145276505,0.0,0.16506879888277534,0.00273392458294666,0.0,0.13593476435812024,0.06653806866550488,0.013030461725259988,0.0,0.0,0.25535412753197295,0.0,0.0,0.12074717088007743,0.09982088192057738
96,0.02617827312836262,0.24983495067344003,0.0,0.050535553015368676,0.0,0.0,0.06261494737606604,0.05039195382525721,0.08130901035810463,0.07178129720573416,0.40735401441766667,0.0,0.0,0.0,0.0
97,0.0,0.3451594440861681,0.058864327321897836,0.0,0.0,0.0,0.0642132087296656,0.0,0.0,0.13980727709459606,0.14114556007008802,0.0,0.04773851500206566,0.058260155121651155,0.14481151257386746
98,0.487791566165918,0.14592469413671935,0.07576479534562042,0.07010755000878705,0.08076032822943618,0.0,0.04242205070254862,0.0,0.0,0.07076345543536548,0.0,0.015684010822956777,0.0,0.0,0.01078154915264802
99,0.4979494078990131,0.10177695117729071,0.0,0.0,0.032939850814249626,0.0207468769857377,0.06624034780739506,0.08657370959060605,0.0,0.1537828801252442,0.0,0.0,0.0,0.0,0.039989975600463426
100,0.20138024018381973,0.0,0.0,0.029433399593962302,0.0,0.14783260260820819,0.0,0.024244001491538474,0.16277195063027106,0.0,0.1468473954840598,0.07785873491997042,0.05867774711390333,0.1509539279742668,0.0
101,0.19473597079445915,0.1929074800968222,0.0,0.014881348708272525,0.0,0.13343679756225524,0.035291976077896116,0.05557786540772977,0.0,0.0,0.0,0.0589336406274893,0.030061758892154643,0.17967468708400622,0.10449847474891474
102,0.0718923429488921,0.0,0.0,0.03798272511893107,0.0,0.37298176848854153,0.03852962494189371,0.17966018028439978,0.024454633011203437,0.0,0.23991212462113545,0.020364246658287143,0.014222353926715703,0.0,0.0
103,0.06137411390010518,0.0,0.14080556239359865,0.0,0.0,0.0,0.014533315445964687,0.0,0.2832307296788716,0.04847845382836458,0.09486765807610448,0.17063208266261312,0.0,0.1860780840143778,0.0
104,0.0,0.131953874921894,0.0,0.0,0.0,0.030567466734469705,0.0,0.0,0.08549471891012304,0.023297046896783417,0.09006256224772236,0.0021429177707545546,0.1054302648388901,0.28137821727696466,0.2496729304023982
105,0.05617057239194667,0.0,0.02264360359529283,0.0123640466138406,0.0,0.18137184177239293,0.0,0.0,0.3143546218497706,0.07351612783631917,0.1375112866355027,0.16360753994927055,0.038460359355663956,0.0,0.0
106,0.0,0.0,0.0006523557264899432,0.0,0.0,0.0,0.0,0.0,0.18302595341126024,0.14243101270586528,0.09029318674057538,0.1963012656208159,0.19714933144025965,0.0,0.1901468943547336
107,0.0,0.0,0.0,0.0,0.18590059684839927,0.12063694521192835,0.0,0.17654681033042938,0.0377567948361987,0.0,0.0,0.29096910801299664,0.1797220138639682,0.008467730896079521,0.0
108,0.0,0.0,0.0,0.09804619811800484,0.0,0.0630570697726608,0.09403046605567432,0.0,0.036030816290955905,0.013542016626972148,0.09840445677255173,0.13817068020121293,0.3828142652007933,0.07590403096117407,0.0
109,0.0,0.0,0.0,0.03395764527555926,0.029755571655559972,0.06329249667267088,0.0,0.19331939092067207,0.01097152300451589,0.0,0.014574214804755138,0.0,0.6297273342960474,0.024401823370219393,0.0
110,0.12478737817367302,0.0,0.04211017954131953,0.03019043636570638,0.0535470968838227,0.04368699732375975,0.06358994800951849,0.05529266264652366,0.0,0.0,0.0,0.0,0.5867953010556766,0.0,0.0
111,0.0,0.0,0.05021017658311606,0.08425108350433907,0.045005189752181284,0.08726957504114267,0.0,0.0,0.05410267289380617,0.1673285177886036,0.0,0.0,0.4356673544104929,0.07092901954231502,0.005236410484003104
112,0.0,0.0,0.0,0.054309042155166215,0.2061352715478011,0.0,0.08062219826103875,0.1305207915997344,0.0,0.09816729890273033,0.22526774350936324,0.0,0.07313266266829777,0.13184499135586822,0.0
113,0.0,0.06174265687238905,0.07370937010436966,0.03275917047126764,0.1070100746120416,0.0,0.029887737338312244,0.0,0.1986951336996247,0.048818022215621266,0.05415610702241844,0.0,0.1899558465417982,0.1481997305939338,0.05506615052822337
114,0.039467896481608505,0.19044736357200973,0.06157643324581014,0.0,0.0,0.3227035691969318,0.0,0.0,0.0,0.0,0.3135410214098972,0.07226371609374256,0.0,0.0,0.0
115,0.0,0.4615184053214215,0.0,0.06981758778045093,0.0,0.0,0.0724845875270939,0.0461421751733136,0.06637098514588623,0.11877766118622037,0.0,0.0,0.0,0.1648885978656135,0.0
116,0.2778296637687188,0.0,0.0,0.15193740552296528,0.03337873940686638,0.0,0.0,0.06635004731895654,0.0823576734549707,0.08691410065957035,0.0,0.3012323698679519,0.0,0.0,0.0
117,0.39528526958443316,0.0,0.0,0.04693542417098584,0.0,0.0,0.12971415587287785,0.053636335364782024,0.0,0.07452185028983478,0.026831924577787086,0.21001602503716507,0.0,0.06305901510213416,0.0
118,0.36744454195644927,0.0,0.016607614180133307,0.19399293044291804,0.0,0.0,0.034874081551339725,0.0,0.07100873340933138,0.0,0.009269622032302019,0.0,0.13280673157033335,0.10172618534175769,0.07226955951543508
119,0.2230993503431328,0.0,0.08799943471513165,0.0,0.008903998505221191,0.06921247821134488,0.04275456619734143,0.0,0.08678733731884568,0.0030598809176141865,0.19264683255762774,0.0,0.21870055215608175,0.06683556907765867,0.0
120,0.05513130649627608,0.0,0.0,0.07175776997628383,0.21415832769032206,0.10881354262184295,0.0,0.05486772303872048,0.039230918702433414,0.0,0.0,0.0,0.0,0.2727898054825837,0.18325060599153745
121,0.2116612925918787,0.0,0.0,0.0,0.0,0.0872125314194317,0.06127128032263576,0.0,0.3429550340606964,0.0,0.10752379662002867,0.0,0.0,0.16630009777941157,0.02307596720591709
122,0.0,0.0,0.054940499515095026,0.027408524326057507,0.0,0.08760864077513726,0.0,0.08814725876709531,0.025170903998947468,0.06412818805218057,0.08301977223568527,0.2372539260757773,0.092227758588017,0.24009452766600722,0.0
123,0.010821534090656875,0.0,0.0,0.05513834741958001,0.0,0.031688441520952036,0.15671581383999622,0.0215725701928806,0.0,0.15342100741824719,0.06619664608168703,0.42010945388943155,0.0,0.0,0.08433618554656849
124,0.0,0.1491059976201754,0.0,0.0,0.010193897731882765,0.1862515742278837,0.0,0.0,0.12056664377151158,0.0,0.0,0.2569379776284274,0.0,0.15621325195013744,0.12073065706998169
125,0.0460415510149271,0.07325970367473544,0.0931359802616951,0.0,0.12144317901734274,0.0,0.0,0.0,0.01768899036377974,0.07232198504084797,0.0,0.048526832546259065,0.5275817780804127,0.0,0.0
126,0.0,0.0,0.0,0.050045229332352004,0.2280790862911958,0.0,0.05438594333359127,0.05121406945193282,0.0,0.062480177660615734,0.054089959467735066,0.04016187169524937,0.32522315493962517,0.09137155393881391,0.04294895388888896
127,0.0,0.0,0.0,0.07881719819008563,0.1278299585366233,0.013471117959917733,0.04179656166704323,0.04910009113386977,0.09009315993146567,0.08705035648908771,0.09897835333000782,0.0,0.2933255679434469,0.06486186240784249,0.05467577241060974
128,0.0858195925089566,0.013583193973128745,0.0,0.012699594185599704,0.0,0.24633951458372916,0.00794934114221628,0.04493795276488794,0.0,0.0,0.318305701124101,0.0,0.22363472678021834,0.03295611905441539,0.013774263882746822
129,0.0,0.0,0.0887664479006547,0.11407700104758033,0.010630930852738989,0.0022090930854141593,0.03982518164488307,0.11492300565007262,0.08126695199265342,0.13544978854888592,0.0,0.08629676313195601,0.2664090973279469,0.06014573881721365,0.0
130,0.0,0.11929099398377598,0.11192903884160517,0.10158773613835367,0.080416161288038,0.0,0.0,0.07033524856038613,0.04316791166254904,0.06067069048778946,0.0,0.19891900120832606,0.0025406730035682887,0.16667556862148764,0.0444669762041204
131,0.0,0.007328557745444781,0.0,0.17674047236600338,0.0,0.028382340445302356,0.03978207372079786,0.5022016514056385,0.13932952932194867,0.0,0.0,0.0,0.0,0.10623537499486443,0.0
132,0.0,0.0,0.0,0.0,0.0,0.2660323898964783,0.11493374559076146,0.01760928298019589,0.005010235860456119,0.04692286450745082,0.2997504388933879,0.0,0.0,0.0,0.24974104227126948
133,0.0,0.10052684058527846,0.0019359660799808073,0.0,0.0,0.15996766005314006,0.06800701715976705,0.14183263631913673,0.0,0.12530167233070424,0.22926402866773074,0.0,0.0,0.0,0.17316417880426194
134,0.0,0.5245905573365114,0.06219238160993599,0.10354187415175894,0.0892871729903014,0.0,0.0,0.0418601492386247,0.1310007016121101,0.0,0.0,0.0,0.0475271630607573,0.0,0.0
135,0.14247442926276557,0.2212068166299097,0.12859361830808533,0.13594227924213922,0.0,0.0,0.036360685959131486,0.0,0.04282048042177232,0.012757720794209232,0.0,0.0,0.06862033979077276,0.18314493515092817,0.02807869444028614
136,0.4350275995587575,0.0,0.12466941359217708,0.0721578014295199,0.0330822729493901,0.06720820516253427,0.028269525634580187,0.0,0.08546035565344386,0.0,0.0,0.154124826019597,0.0,0.0,0.0
137,0.35757358131022915,0.07116324084614009,0.15743812314016611,0.0,0.09120930317985643,0.0,0.009464538111226632,0.0,0.12534649613750845,0.0,0.0,0.1878047172748732,0.0,0.0,0.0
138,0.2482793429074184,0.0,0.10515465433611379,0.10219716148609795,0.13035629714342242,0.0,0.15051489722067662,0.04152471547706403,0.049460540184930686,0.0,0.04821957448080516,0.0,0.08585066166936885,0.038442155094102246,0.0
139,0.3426645968285873,0.0,0.06073717145950271,0.062414213877972184,0.0,0.0,0.0,0.0,0.30259725259208636,0.03696437252084799,0.0,0.0,0.0,0.16306525045379702,0.031557142267206316
140,0.0,0.08448709988315774,0.0,0.0,0.0,0.0,0.09122096767613568,0.0,0.20797478696204444,0.033921525366650405,0.0063305374639591305,0.0870331664568119,0.19333228535818475,0.18889560737246516,0.10680402346059077
141,0.0,0.021441549235653206,0.0,0.01063067638910502,0.0,0.0,0.0,0.0,0.04629625375566315,0.08123455948085435,0.003943708290884714,0.414020456481926,0.0,0.2704461595607271,0.15198663680518643
142,0.05484723250156661,0.0,0.001586608104860621,0.1371665282960585,0.02379476019803492,0.06655693847297635,0.0,0.03386549553690205,0.13691674939443824,0.019533981587085136,0.07911899110024653,0.39339128443951515,0.0,0.05322143036831586,0.0
143,0.21672774156794258,0.0,0.0,0.07288947898775554,0.0,0.11071305345707405,0.012507887595054962,0.0071850261830544455,0.012442007535892715,0.17998127866069516,0.0,0.3875535260125304,0.0,0.0,0.0
144,0.16730957541156483,0.0,0.0,0.14745011929309085,0.0,0.042810794624709145,0.0861037063984612,0.051773566983129765,0.08581793501671404,0.06516647450518191,0.10945385502006282,0.05918112301873218,0.18493284972835322,0.0,0.0
145,0.04217053600650993,0.0,0.0,0.05861402184046306,0.0,0.18146431510532898,0.0024023093878807384,0.08994969888682106,0.0,0.0,0.0647991102138843,0.09655473360431971,0.2987525121988636,0.1652927627559286,0.0
146,0.0,0.0,0.0,0.07620626053791069,0.16717364693759365,0.04585610647748357,0.027854152716457248,0.0,0.11413544102406704,0.0003987686443281493,0.02097752923952208,0.0,0.5473980944226375,0.0,0.0
147,0.06311744575867326,0.0,0.0,0.05690699819804621,0.0,0.15461523070206934,0.0,0.03817534559260977,0.0,0.0,0.17229327966875674,0.0,0.44733069727269653,0.05143784690988652,0.016123155897261685
148,0.0,0.0,0.008281367317198808,0.0,0.048361623660112915,0.05749725759922437,0.0,0.15553980378076612,0.018682050186538936,0.1522832686369512,0.0,0.043343075589092055,0.5014781811426263,0.01453337208748926,0.0
149,0.0,0.12750471294064278,0.025894238650946446,0.1645838778324087,0.27366985214310274,0.0,0.0,0.0,0.013931564388346439,0.1379177135143463,0.0,0.02302925251500533,0.06306064367230453,0.1166151195742316,0.05379302476866502
150,0.03953606614928902,0.0,0.07123951763959538,0.4479329531958574,0.09284043952427758,0.0,0.051918976379615074,0.023694069571009,0.0541482483900468,0.0,0.14314993341618915,0.0,0.06662879995818935,0.0,0.008910995775931421
151,0.0,0.330998830397484,0.0,0.0,0.0,0.11546646345131249,0.07362743147782237,0.025372855104394226,0.0,0.19682934815227307,0.15625752959972422,0.00797886550248731,0.0,0.0,0.09346867631450233
152,0.0,0.4345548479101801,0.06042119600319668,0.0,0.0,0.0,0.0534336037125959,0.015111193641025082,0.02729772319172835,0.05227783016532399,0.015973591410700757,0.19196521474459738,0.0,0.0,0.1489647992206517
153,0.0,0.43171882388481286,0.0,0.08867920458229997,0.0,0.03218008047607572,0.11760506872797762,0.07980134189106357,0.1337675501766261,0.10395706214168275,0.0,0.0,0.0,0.0,0.012290868119461472
154,0.6414244655826158,0.049643675351501805,0.0,0.06355618932310372,0.024363285170533787,0.05777820083114913,0.09571459993309571,0.0,0.0,0.0,0.05017602554339103,0.0,0.015357102034991013,0.0,0.0019864562296178292
155,0.30786653285693377,0.040231825153750074,0.0,0.0533496133410351,0.0,0.2010241245108922,0.06353606746866507,0.10058322953100973,0.0,0.06776246077911308,0.0,0.0,0.11838795307057456,0.047258193288026315,0.0
156,0.36343222423403726,0.0,0.0,0.0787924281337498,0.0,0.019029350867549748,0.1005222004326549,0.0,0.05098424964496929,0.18861418136290317,0.1337743381936763,0.011836117239280122,0.0,0.05301490989117943,0.0
157,0.04758243996908805,0.0,0.0,0.0,0.09104921568651467,0.07183008942862482,0.06048909483371953,0.009728981867290728,0.2833558727601563,0.0,0.15811563432873071,0.09208255543716205,0.0,0.0,0.18576611568871318
158,0.14726174143431436,0.0,0.0483532163497895,0.0014164626935761996,0.0,0.0,0.07139280958056682,0.0,0.09235407735477079,0.13586224739755604,0.214069723529257,0.14908291479921676,0.0,0.14020680686095255,0.0
159,0.17535335208905042,0.0,0.0,0.0492339115236734,0.0,0.3462464390808061,0.021527949051228092,0.011392633748573768,0.10155211744074978,0.0,0.09353610893607096,0.0,0.0,0.2011574881298476,0.0
160,0.0016294779063183308,0.0,0.0,0.0,0.0,0.2454981569320568,0.012114532987772299,0.001371337739658371,0.13885716001261994,0.0,0.22777752785358632,0.31734479035379776,0.0,0.05540701621419014,0.0
161,0.0,0.0,0.015983690928697333,0.025893263040765665,0.0,0.03638210084506916,0.019668895651408655,0.0,0.0,0.046020087259657526,0.11168253141371214,0.6830283272350902,0.0,0.049691893755573785,0.011649209870025613
162,0.0,0.1276485706125066,0.03705974203704512,0.0,0.07236600311891993,0.0,0.0,0.11764612677850424,0.09073714326241024,0.0,0.027025019707753287,0.40185123676199763,0.125666157720863,0.0,0.0
163,0.0,0.0,0.0,0.13882530413776567,0.04088904953831464,0.010894540588678966,0.03211724596670103,0.09973981997600224,0.04843704684356665,0.0,0.11705396772697034,0.028628125576580624,0.37567828445793755,0.08491720193766214,0.022819413249820016
164,0.0,0.052045391928569315,0.0,0.0,0.0500636384756229,0.0,0.048306885498804325,0.0,0.0,0.0,0.07328561235878965,0.08465988585031807,0.6732637105701423,0.01837487531775342,0.0
165,0.0,0.0,0.059942173843534466,0.04663984398191452,0.09814593219206552,0.0,0.08318252424621188,0.03129330600835884,0.17001728490740603,0.0,0.0,0.011425935793126271,0.4993529990273824,0.0,0.0
166,0.0,0.0,0.0,0.0,0.0,0.06402130935226436,0.02201964355718062,0.0,0.0,0.08930894786621925,0.11090580359804744,0.0,0.5690976469068084,0.0,0.1446466487194799
167,0.17251422817856127,0.01670876157005562,0.0,0.01723436026019972,0.0,0.0,0.0,0.0,0.15474766252859148,0.07816802845692178,0.02875524339433804,0.0,0.5318717156113321,0.0,0.0
168,0.07230304897567695,0.048849102321460273,0.0,0.15007084857392053,0.28815736290519983,0.005552053157291796,0.08435737621743555,0.22969409653876113,0.0,0.0,0.0,0.0,0.12101611131025382,0.0,0.0
169,0.1764492306638182,0.0,0.0,0.40216082895421734,0.0,0.007534451997949578,0.0,0.10888066079108426,0.03419460155102027,0.0,0.18821119820546556,0.0,0.0,0.08256902783644471,0.0
170,0.0,0.2743558941802901,0.07075639630516271,0.0,0.006151375641306132,0.0,0.05257789029516493,0.04065326483684329,0.0,0.18210899088747617,0.05394153601544896,0.0,0.008158900612030394,0.08926884412787861,0.2220269070983988
171,0.0,0.18427344411349664,0.12077191239950164,0.06920704758127491,0.2388321929111651,0.0,0.0,0.06455787293557871,0.0,0.008971478449395966,0.0,0.026701804610988863,0.0,0.11366096876653543,0.1730232782320628
172,0.0,0.4306064733620317,0.051308836777982494,0.09358256040841303,0.08608809384070527,0.0,0.1208232031748337,0.0,0.07698029218065565,0.0,0.0,0.0,0.09413833170757809,0.0,0.04647220854780008
173,0.38218063505918715,0.0,0.0,0.03888374066148108,0.057956634914738424,0.0,0.08316223925866649,0.0,0.0,0.0,0.0968862223852484,0.0,0.023194847366609043,0.15937571402890557,0.15835996632516386
174,0.22694035354956948,0.008847162476257239,0.0,0.15575733622791135,0.06269074563251152,0.11797468057477259,0.006081845493434993,0.0,0.21545553939333761,0.03758224317413238,0.0,0.06630885323245711,0.021059798826560398,0.08130144141905525,0.0
175,0.516555707091007,0.0,0.05378003019925149,0.004634009869741405,0.034674065347232705,0.0,0.06978590872844909,0.0,0.0,0.0,0.19281078888902553,0.0,0.12139428123052882,0.0,0.006365208644764114
176,0.0,0.15246975654798173,0.0027834792776655413,0.0,0.05917230285035963,0.05563037236010556,0.0,0.0,0.07676446404243208,0.01890235083092155,0.0,0.0,0.16838955577051343,0.28516783805069706,0.18071988026932345
177,0.0,0.12990825453295216,0.10124319706484228,0.0,0.07668997927793747,0.0,0.09895290480111658,0.01099176503739858,0.0,0.06740625202471073,0.0,5.8256766105669056e-05,0.0,0.4181653697135046,0.0965840207814319
178,0.0,0.08872661749826588,0.0,0.0,0.0012700365166150756,0.15100886308464717,0.06176827506015189,0.0,0.006244307944120363,0.0967475422313397,0.0,0.16580494990430908,0.0,0.259750552438498,0.16867885532205282
179,0.0,0.007941979576980448,0.04081101191503597,0.0,0.03789822201752805,0.3570811127544911,0.0,0.04261967525353894,0.0,0.07040946390860404,0.003771242590369725,0.007879812540523529,0.15074572499027128,0.24167897725207327,0.03916277720058373
180,0.0,0.11365763782806539,0.0,0.0,0.0,0.037616992539994946,0.0,0.0,0.0,0.11293456554089809,0.01478024251255892,0.4292938609494787,0.0,0.17175850460472253,0.11995819602428151
181,0.0,0.01710718866125689,0.0,0.0,0.10867991881148889,0.08623323006975565,0.07654727096037696,0.0059264190437321755,0.0,0.036608593866176105,0.0676439582561014,0.19808084454066469,0.40066933438619023,0.0,0.0025032414042568505
182,0.08011155391434346,0.047997802789096856,0.09940074385032693,0.03595622689555972,0.2021969027270171,0.062156724139731875,0.0,0.017832706513752388,0.16573821954238868,0.0,0.0,0.016295569185005618,0.2468455356286997,0.02546801481407767,0.0
183,0.13095303425085697,0.0,0.0,0.11489392241864348,0.0,0.03894423636181302,0.03745844631382715,0.01219957144661544,0.08093432043304269,0.0,0.0,0.0,0.5367309146160356,0.0,0.047885554159165705
184,0.0,0.0016044841132098395,0.0,0.034415411200480646,0.0,0.0,0.0,0.2110741212504013,0.31145328315108645,0.0,0.1099090444015751,0.08099790382003046,0.24045916757980754,0.0,0.010086584483408656
185,0.0,0.09330884807951448,0.047713112501507525,0.0,0.05671350125705745,0.0,0.07564304532422893,0.0,0.0,0.15763126290365692,0.05580418019717892,0.0,0.30419895221685056,0.06895816832459772,0.1400289291954075
186,0.0,0.0,0.11109729615895354,0.1195521986459193,0.26017871847861745,0.0,0.03704656649906183,0.0,0.014191106120345668,0.10035864387507763,0.0,0.3240822377351699,0.0,0.0,0.033493232486854624
187,0.0,0.08901108872398224,0.13877477501238802,0.23361791821103334,0.12517071048635964,0.0,0.12209574214692008,0.0,0.07456007206959038,0.0,0.03408154993966637,0.0,0.09035793978077378,0.029494973417328,0.0628352302119581
188,0.0,0.08381372062101808,0.0,0.4879849313371605,0.0,0.0,0.11103917116830765,0.0,0.0,0.0,0.0,0.0,0.17019085194922629,0.1046583202119087,0.04231300471237872
