"","alveolar macrophage","b cell","basal cell","capillary endothelial cell","ciliated cell","club cell","dendritic cell","endothelial cell","endothelial cell of lymphatic vessel","fibroblast","goblet cell","lung neuroendocrine cell","monocyte","natural killer cell","pericyte","smooth muscle cell","t cell","type i pneumocyte","type ii pneumocyte"
"0",0,0,0,0.080655835811622,0.0900020965250719,0.0039718468350178,0,0,0,0,0,0,0,0,0.653436419725201,0,0,0.129384315286139,0.0425494858169478
"1",0,0,0,0,0,0,0,0,0,0,0,0,0,0,0.760849627811255,0,0,0.234670417288992,0.00447995489975379
"2",0.170717260428373,0,0,0.037189886550614,0,0,0,0,0,0,0,0.0125058366705732,0,0,0.568756507598024,0,0,0.181702827677583,0.029127681074833
"3",0,0,0,0.254903268313954,0,0,0,0,0,0,0,0,0,0,0.542770060068717,0,0,0.150874428899069,0.0514522427182607
"4",0,0,0,0,0,0,0,0,0,0,0,0,0,0,0.763661499286374,0,0,0.231862116948544,0.00447638376508204
"5",0,0,0,6.57300835021889e-05,0,0.000989155140756581,0,0,0,0,0,0,0,0,0.875761219266194,0,0,0.10408041446208,0.0191034810474671
"6",0,0,0,0,0.255595643839951,0,0,0,0,0,0,0,0,0,0.655641013796001,0,0,0.0724986846503672,0.0162646577136808
"7",0,0,0,0,0,0.000714926794390387,0,0,0.00183677609039033,0,0,0,0,0,0.797051284421138,0,0,0.198483925119474,0.00191308757460793
"8",0,0,0,0,0,0.059154479053542,0,0,0,0,0,0,0,0,0.563573403173516,0,0,0.332755658284375,0.0445164594885678
"9",0.0895209180431623,0,0,0.0512485279757209,0,0.0268102845065054,0.00637457028671414,0,0,0,0,0,0,0,0.627786468847618,0,0,0.154581074035088,0.0436781563051913
"10",0,0,0,0,0,0,0,0,0,0,0,0,0,0,0.795485878139679,0,0,0.194443614920569,0.0100705069397524
"11",0,0,0,0,0,0,0,0,0,0,0,0,0,0,0.804675896018749,0,0,0.192507418315318,0.00281668566593336
"12",0.0446424951138847,0,0,0.10762599310361,0,0,0,0,0,0,0,0,0,0,0.662385393951958,0,0,0.16790728057536,0.0174388372551865
"13",0,0,0,0,0,0,0,0,0,0,0,0,0,0,0.582203427964364,0,0,0.401752109058548,0.0160444629770874
"14",0,0,0,0.153818290511572,0,0.00915083922703674,0,0,0,0,0,0,0,0,0.628520193035277,0,0,0.162105165846418,0.0464055113796968
"15",0,0,0,0,0,0,0,0,0,0,0,0,0,0,0.777273791214426,0,0,0.219883584173792,0.00284262461178113
"16",0,0,0,0,0,0.0143704161336569,0,0,0,0,0.000380465316046104,0.0081464798552325,0,0,0.577972147320752,0,0,0.360158788869687,0.0389717025046254
"17",0,0,0,0,0,0.000993742036112855,0,0,0,0,0,0,0,0,0.779647650876359,0,0,0.216442404567034,0.00291620252049329
"18",0.0957717644292024,0,0,0.0344553591005818,0,0.0107528275666838,0,0,0,0,0,0,0,0,0.491518564589381,0,0,0.341498526879992,0.0260029574341595
"19",0,0,0,0.0649393464493657,0,0,0,0,0,0.115667756236725,0,0,0,0,0.709276692998148,0,0,0.0942200846157405,0.015896119700021
"20",0,0,0,0,0,0,0,0,0,0,0,0,0,0,0.471703641889999,0,0,0.467255462863123,0.0610408952468787
"21",0,0,0,0,0,0,0,0,0,0.403440331349852,0,0,0,0,0.571662687820992,0,0,0.0120010595979404,0.0128959212312151
"22",0,0,0,0,0,0,0,0,0,0,0,0,0,0,0.925439715862195,0,0,0.0451979956470638,0.0293622884907417
"23",0.0209267940403088,0,0,0.000847468690768157,0,0,0,0,0,0,0,0,0,0,0.544847076303775,0,0,0.294356081227022,0.139022579738125
"24",0,0,0,0.0417163417467155,0,0,0,0,0,0,0,0,0,0.00150519199936097,0.673817767117276,0,0,0.24052551496025,0.0424351841763979
"25",0,0,0,0,0.788104353805006,0,0,0,0,0,0,0,0,0,0.13415141042892,0,0,0.0611992641711897,0.0165449715948846
"26",0,0,0,0.253415949281546,0,0,0,0,0,0.0047573894645874,0,0,0,0,0.647457541130426,0,0,0.0798144197726058,0.014554700350834
"27",0,0,0,0.00167375606508816,0,0,0,0,0.00200123392555166,0,0,0,0,0,0.735086004189829,0,0,0.161086528655554,0.100152477163977
"28",0,0,0,0.0290102542949898,0,0,0,0,0,0.00238478993933482,0,0.00717970052815713,0,0.0172861419895332,0.715906117925845,0,0,0.154661859108187,0.0735711362139534
"29",0,0,0,0,0,0.00614376429179493,0,0,0,0.00104354873591565,0,0,0,0,0.714268642170669,0,0,0.253386765595293,0.025157279206328
"30",0,0,0,0.00361765167590181,0.000599147513805601,0,0,0,0.000333478808228461,0,0,0,0,0,0.801019095363065,0,0,0.161896237524965,0.0325343891140342
"31",0,0,0,0,0.09809589429279,0,0,0,0,0,0,0,0,0,0.81204705500546,0,0,0.0626082937963616,0.027248756905388
"32",0,0,0,0,0,0,0,0,0,0,0,0,0,0,0.819083236460858,0,0,0.178396500741465,0.00252026279767697
"33",0,0,0,0,0.186866310038229,0,0,0,0,0.099788814112428,0,0,0,0,0.625128877408148,0,0,0.0675205438298672,0.0206954546113273
"34",0,0,0,0.120240201325624,0,0,0,0,0,0,0,0,0,0.348191183213049,0.400710484335634,0,0,0.0601246985557051,0.0707334325699883
"35",0,0,0,0,0,0,0,0,0,0,0,0,0,0,0.445986370152708,0,0,0.538464200222899,0.0155494296243924
"36",0.0185722993489558,0,0,0.0174630636784073,0,0.0165424697501978,0,0,0,0,0.00904763360140227,0.00799853797023072,0,0,0.617213323944914,0,0,0.282774850605956,0.0303878210999353
"37",0,0,0,0,0,0,0,0,0,0,0,0,0,0,0.597927152037341,0,0,0.232701942291187,0.169370905671471
"38",0,0,0,0,0,0,0,0,0,0,0,0,0,0,0.637188901749197,0,0,0.34922497560885,0.0135861226419524
"39",0,0,0,0,0.0498908478017181,0,0,0,0,0,0,0,0,0,0.839904129110945,0,0,0.0943571676418697,0.015847855445467
"40",0,0,0,0.0941464138044913,0.0631810228044104,1.62230063625663e-06,0,0,0,0,0,0.00987907406209388,0,0.0106306788946529,0.699416680560683,0,0,0.0797888849628171,0.0429556226102151
"41",0,0,0,0.103585823280253,0,0,0,0,0,0,0,0,0,0,0.623991331449317,0,0,0.237257356807645,0.0351654884627844
"42",0,0,0,0,0,0,0,0,0,0,0,0,0,0,0.560846432973657,0,0,0.409656159031484,0.0294974079948584
"43",0.000150875299995011,0,0,0,0.542370659881826,0,0,0,0,0,0,0,0,0,0.34967651440508,0,0,0.0831286628966499,0.0246732875164487
"44",0,0,0,0,0,0.00081077181342163,0,0,0,0,0,0,0,0,0.778221977768844,0,0,0.219498455421188,0.00146879499654612
"45",0,0,0,0.107982186081548,0,0,0,0,0,0,0,0,0,0.442874201806693,0.332670870457448,0,0,0.0694634441531844,0.0470092975011276
"46",0.00224155118867801,0,0,0.0357362311835404,0.000295044457062642,0,0.120377774894563,0,0,0,0,0,0,0,0.687522303417884,0,0,0.118948881067471,0.0348782137908011
"47",0,0,0,0.0450394990483629,0,0,0,0,0,0,0,0,0,0.0113211843850472,0.852503246554323,0,0,0.0570698260153964,0.0340662439968701
"48",0,0,0,0,0,0.000718398295375118,0,0,0,0,0,0,0,0,0.779027973277784,0,0,0.219351908292332,0.000901720134509143
"49",0,0,0,0.0790555118176273,0,0,0,0,0,0,0,0,0,0.137007585620635,0.622740786812168,0,0,0.122032167216052,0.0391639485335171
"50",0,0,0,0,0,0,0,0,0,0,0,0,0,0,0.776139986126953,0,0,0.222560320116754,0.00129969375629334
"51",0,0,0,0,0.0188363650445996,0.0107259894699376,0,0,0,0,0,0.0231749054812376,0,0,0.596776656992912,0,0,0.315298091144457,0.0351879918668562
"52",0,0,0,0,0,0.000806145164209564,0,0,0,0,0,0,0,0,0.778249279019593,0,0,0.218366406884681,0.00257816893151703
"53",0.0211847242269064,0,0,0.148905913296637,0,0,0,0,0,0,0,0,0,0.382498954949523,0.34950315632953,0,0,0.0468673716198634,0.0510398795775398
"54",0,0,0,0.0882396311255867,0,0.0111192241565608,0,0,0,0,0,0.00525165435997659,0,0,0.676964400994793,0,0,0.186862315902758,0.0315627734603248
"55",0,0,0,0.0442074713024083,0,0,0,0,0.0121931701521695,0,0,0,0,0,0.805268674029946,0,0,0.11599909925411,0.0223315852613656
"56",0,0,0,0,0.604503745631428,0,0,0,0,0,0,0,0,0,0.287728227815087,0,0,0.081593188202763,0.0261748383507222
"57",0.139759452086627,0,0,0.00337282250097479,0,0,0,0,0,0,0,0,0,0.000597727868557375,0.682761424277196,0,0,0.15412743196746,0.0193811412991852
"58",0,0,0,0.119831395707752,0,0,0,0,0,0,0,0,0,0.105943772120911,0.583456281912209,0,0,0.151253185110972,0.0395153651481565
"59",0,0,0,0.00139554509114045,0,0,0,0,0.0403452092789505,0,0,0,0,0,0.834207999587272,0,0,0.103514824736912,0.0205364213057244
"60",0.00757134121266789,0,0,0.0400119497258197,0,0,0,0,0,0,0,0,0,0.00102283715202576,0.594660590718597,0,0,0.288916373094559,0.0678169080963307
"61",0,0,0,0.00361741087372571,0,0.00466599609900699,0,0,0,0,0,0,0,0,0.864505935030998,0,0,0.103514963076981,0.0236956949192887
"62",0,0,0,0,0,0,0,0,0,0,0,0,0,0,0.788391294482399,0,0,0.207512788881261,0.0040959166363403
"63",0.0405205628141057,0,0,0.122684212625077,0,0,0,0,0,0,0,0.00423053834211505,0,0,0.613185907657135,0,0,0.203734814475355,0.0156439640862126
"64",0,0,0,0,0,0,0,0,0,0,0,0,0,0,0.745751845322414,0,0,0.249675752940998,0.00457240173658791
"65",0.000138820311123581,0,0,0.110960085052819,0,0,0,0,0,0,0,0,0,0.341136453063499,0.414648209222171,0,0,0.0794341745183138,0.0536822578320737
"66",0,0,0,0,0,0,0,0,0,0,0,0,0,0,0.774793207442579,0,0,0.222945867095225,0.00226092546219555
"67",0,0,0,0,0,0.0198601784680815,0,0,0,0,0,0.0300284336804904,0,0,0.58904158086635,0,0,0.331703230838432,0.0293665761466454
"68",0,0,0,0.186761271772177,0,0,0,0,0,0,0,0,0,0,0.655507890890315,0,0,0.124124300544335,0.0336065367931729
"69",0,0,0,0.0435121837629961,0,0,0,0,0,0,0,0.00177766674556728,0,0,0.796658623016108,0,0,0.132069956771679,0.0259815697036492
"70",0,0,0,0,0,0,0,0,0,0,0,0,0,0,0.815938840716509,0,0,0.181682187514011,0.00237897176947927
"71",0,0,0,0.0610295732888969,0,0,0.0917385410662507,0,0,0,0,0,0,0.0121972300084943,0.664006936306075,0,0,0.148447230016627,0.0225804893136565
"72",0,0,0,0.000725709851903365,0,0,0,0,0,0,0,0,0,0,0.426146006008496,0,0,0.556538340791973,0.0165899433476277
"73",0,0,0,0.0178387926638165,0,0,0,0,0,0,0,0,0,0.0014943996792864,0.434086231700149,0,0,0.500592853687713,0.0459877222690353
"74",0,0,0,0,0,0,0,0,0,0,0,0,0,0,0.931770598034632,0,0,0.0481202742981366,0.0201091276672312
"75",0.0010392057553298,0,0,0.137717829591105,0,0,0.199175948875771,0,0,0,0,0,0,0.0950810183269997,0.456481836220511,0,0,0.0858527896712809,0.0246513715590026
"76",0,0,0,0.00286604092269144,0,0.0149299288558499,0,0,0,0,0,0,0,0,0.620673771146092,0,0,0.302213671375258,0.059316587700109
"77",0,0,0,0.158692991848556,0,0,0,0,0,0,0,0,0,0,0.689669281789599,0,0,0.115843216022396,0.0357945103394486
"78",0,0,0,0.0136474597591531,0,0,0,0,0,0,0,0,0,0.335789909751683,0.281255229077708,0,0,0.304584300444795,0.0647231009666617
"79",0.0122778998320261,0,0,0.14052988502796,0,0,0,0,0,0,0,0,0,0.0303112493971846,0.686167517838999,0,0,0.0994220757304453,0.0312913721733853
"80",0.0190390684614377,0,0,0.014083316047136,0.175114065870483,0,0,0,0,0,0,0,0,0,0.664653935727249,0,0,0.0985597168057985,0.0285498970878963
"81",0,0,0,0,0,0,0,0,0,0,0,0,0,0,0.754807674823982,0,0,0.24378063637179,0.00141168880422753
"82",0,0,0,0.126652123745346,0,0,0,0,0,0.0465516652204705,0,0,0,0,0.645662098558104,0,0,0.126137843390427,0.0549962690856524
"83",0,0,0,0.0970585100372932,0,0,0,0,0,0,0,0,0,0,0.686657473262658,0,0,0.19023675379989,0.0260472629001588
"84",0,0,0,0,0,0.0148319612178301,0,0,0,0,0,0,0,0,0.855987632323654,0,0,0.104676991185392,0.0245034152731236
"85",0,0,0,0,0,0,0,0,0,0,0,0,0,0,0.82379618309385,0,0,0.172067679009805,0.00413613789634516
"86",0,0,0,0,0,0.0115226084517121,0,0,0,0.0404863208173641,0,0.00789592453554277,0,0,0.633019182231033,0,0,0.290089508951601,0.0169864550127462
"87",0,0,0,0.0384387631140643,0,0,0,0,0,0,0,0,0,0.383023390414869,0.256567349532463,0,0,0.282570683004051,0.0393998139345536
"88",0,0,0,0,0,0,0,0,0,0,0,0,0,0,0.647525414288145,0,0,0.135787672741966,0.216686912969889
"89",0,0,0,0,0.00310095520536368,0,0,0,0,0,0,0.0193377698524151,0,0,0.611652665604298,0,0,0.326153775215937,0.0397548341219864
"90",0,0,0,0.00210057015714274,0.0161425860978447,0.0394405354753109,0,0,0,0,0,0,0,0,0.601484823523413,0,0,0.321814413058572,0.019017071687717
"91",0.0179622407230307,0,0,0.00516699264763826,0,0,0,0,0,0,0.0466889673958717,0.0119214837895507,0,0,0.580059486850875,0,0,0.315141173778693,0.0230596548143399
"92",0,0,0,0.0103697427406628,0,0,0,0,0,0,0,0,0,0.00106039792924196,0.894645426821163,0,0,0.0760559490770426,0.0178684834318895
"93",0,0,0,0,0,0,0,0,0,0.240296803113231,0,0,0,0,0.65636551152874,0,0,0.0810874501066662,0.0222502352513634
"94",0,0,0,0,0,0,0,0,0,0,0,0,0,0,0.775326953001319,0,0,0.216500185443457,0.00817286155522455
"95",0,0,0,0,0.14602030061367,0.0200162644798353,0,0,0,0.019578627611076,0,0,0,0,0.629577046907496,0,0,0.170429843541646,0.0143779168462763
"96",0,0,0,0,0.47436641505245,0,0,0,0,0,0,0,0,0,0.31748442825539,0,0,0.195823514543933,0.0123256421482262
"97",0.0209705969470863,0,0,0.0484336771530825,0,0,0.054630132727578,0,0,0,0,0,0,0.04841020534284,0.67876694720235,0,0,0.111941695169914,0.0368467454571496
"98",0,0,0,0,0,0.0532613644378016,0,0,0,0,0,0.00380889943938892,0,0,0.659047301645626,0,0,0.253799346278194,0.0300830881989891
"99",0,0,0,0,0,0,0,0,0,0.267623622467782,0,0,0,0,0.699730592168035,0,0,0.0199116602820029,0.0127341250821804
"100",0,0,0,0,0,0,0,0,0.00161969676308425,0,0,0,0,0,0.77545512305034,0,0,0.221345061900402,0.00158011828617398
"101",0,0,0,0.089630995511954,0,0,0,0,0,0,0,0,0,0,0.81768065559197,0,0,0.0727940068359017,0.0198943420601742
"102",0,0,0,0,0,0,0,0,0,0,0,0,0,0,0.771632776246779,0,0,0.225552556161031,0.00281466759218963
"103",0.519994959015423,0,0,0.0166726726168763,0,0,0,0,0,0,0,0,0,0.00484843715633739,0.353907163070343,0,0,0.087313866757189,0.0172629013838314
"104",0,0,0,0,0.278370594305068,0,0,0,0,0,0,0,0,0,0.617887918535274,0,0,0.0818794314365777,0.0218620557230804
"105",0,0,0,0,0,0,0,0,0,0,0,0,0,0,0.78855194271989,0,0,0.209389796572775,0.0020582607073343
"106",0,0,0,0.00169090767816749,0,0,0,0,0,0,0,0,0,0,0.535610029688989,0,0,0.313267761004847,0.149431301627996
"107",0,0,0,0,0,0,0,0,0,0,0,0,0,0,0.833674523421499,0,0,0.160585566864545,0.00573990971395629
"108",0,0,0,0.0460140539555774,0,0,0,0,0,0.00131815144252741,0,0,0,0,0.79906993663521,0,0,0.10791317566009,0.0456846823065959
"109",0,0,0,0.0338902454259323,0,0.00505644379828872,0,0,0,0,0,0,0,0,0.665602528519109,0,0,0.192684011406865,0.102766770849805
"110",0,0,0,0,0,0.0259879116078557,0,0,0,0,0,0.000785848517903411,0,0,0.462100786206708,0,0,0.448843855844336,0.0622815978231974
"111",0,0,0,0.0187310546708736,0,0,0,0,0,0,0,0,0,0.283793385828557,0.454774378063111,0,0,0.194265381819351,0.0484357996181074
"112",0,0,0,0.0315065688810127,0,0.015013899490205,0,0,0,0,0,0,0,0,0.63894129432983,0,0,0.270659982735536,0.0438782545634158
"113",0,0,0,0,0,0,0,0,0,0,0,0,0,0,0.745661239237807,0,0,0.248829475969967,0.00550928479222583
"114",0,0,0,0,0,0,0,0,0,0,0,0,0,0,0.734160743951186,0,0,0.264525112209344,0.0013141438394703
"115",0,0,0,0,0,0.0204365109845332,0,0,0,0,0,0,0,0,0.353381737505788,0,0,0.5967634781863,0.0294182733233792
"116",0.02685302474302,0,0,0.095411820299379,0,0,0.0897426394958535,0,0,0,0,0,0,0,0.59291960526053,0,0,0.152173753506788,0.0428991566944295
"117",0,0,0,0,0,0,0,0,0,0,0,0,0,0,0.309980725997151,0,0,0.221095733269345,0.468923540733504
"118",0,0,0,0,0,0,0,0,0,0,0,0,0,0,0.800908923141506,0,0,0.194336374931284,0.00475470192721043
"119",0,0,0,0.0241141738557732,0,0.0101890936455695,0.0199108591907227,0,0,0,0,0,0,0,0.7839918274704,0,0,0.140128594310641,0.0216654515268934
"120",0,0,0,0.0968352373156426,0,0,0,0,0,0,0,0,0,0,0.681240371509358,0,0,0.199928288012496,0.0219961031625032
"121",0,0,0,0.0271168446464982,0,0,0,0,0.0237819141657617,0,0,0,0,0,0.735432738347738,0,0,0.154845676838579,0.0588228260014238
"122",0,0,0,0,0,0,0,0,0,0,0,0,0,0,0.975270719096913,0,0,0.0133226927320328,0.011406588171054
"123",0.0148519325346322,0,0,0.112803117644048,0,0.0104830196038116,0,0,0,0,0.00405527460599162,0.00259113711389136,0,0,0.662097046769103,0,0,0.181950961005073,0.0111675107234486
"124",0,0,0,0,0,0,0,0,0,0.133202109354191,0,0,0,0,0.733654722164872,0,0,0.113337185745001,0.0198059827359361
"125",0,0,0,0.183074357290994,0,0,0,0,0,0,0,0,0,0,0.560905673476269,0,0,0.167971791967876,0.088048177264861
"126",0,0,0,0.142557233081087,0,0,0,0,0,0,0,0,0,0,0.754079689595722,0,0,0.0816442762312349,0.0217188010919561
"127",0,0,0,0.016161802049982,0,0,0,0,0,0.0397855133397267,0,0,0,0,0.731719887629205,0,0,0.147807477897001,0.0645253190840855
"128",0,0,0,0.000279290170693698,0,0,0,0,0,0,0,0,0,0,0.46391040569192,0,0,0.489949235954446,0.0458610681829399
"129",0,0,0,0.0941408889885789,0,0,0,0,0,0,0,0,0,0,0.597130635919868,0,0,0.205136230914513,0.103592244177039
"130",0.00168194947939397,0,0,0,0,0,0,0,0.0011233834587771,0,0,0,0,0,0.880158735132753,0,0,0.093901812622071,0.0231341193070049
"131",0,0,0,0.00166343259279139,0,0.0274072418488514,0,0,0,0,0,0,0,0,0.727392414542632,0,0,0.168731432107227,0.0748054789084984
"132",0.00263945957754208,0,0,0.224224115700449,0,0,0,0,0,0.000119062705008321,0,0,0,0,0.678249810630877,0,0,0.0758661324222599,0.0189014189638639
"133",0,0,0,0,0,0,0,0,0,0.026118495214925,0,0,0,0,0.814414694831204,0,0,0.136687648300328,0.0227791616535424
"134",0,0,0,0,0,0.0213070963493858,0,0,0,0,0,0,0,0,0.40425583240308,0,0,0.539546063875487,0.0348910073720471
"135",0,0,0,0,0,0.028531443216767,0,0,0,0,0,0,0,0,0.514235600121066,0,0,0.323916976750965,0.133315979911202
"136",0,0,0,0.00370143009570413,0,0,0,0,0,0.110124958992712,0,0,0,0.088048169084051,0.720805129286282,0,0,0.0451689999165466,0.0321513126247043
"137",0,0,0,0,0,0.000695947862283177,0,0,0,0,0,0,0,0,0.749469663611733,0,0,0.241585779524043,0.00824860900194048
"138",0,0,0,0.0187223763043762,0,0.00740705682094138,0,0,0,0,0,0,0,0.00378954925072505,0.674379803551417,0,0,0.254859057894212,0.0408421561783282
"139",0,0,0,0,0,0,0,0,0,0,0,0,0.00232208141285966,0,0.789586659737007,0,0,0.20707020336932,0.00102105548081353
"140",0,0,0,0.0162565308636759,0,0,0,0,0,0,0,0,0,0.485204254005839,0.346333679764939,0,0,0.105116809959294,0.0470887254062518
"141",0,0,0,0,0.00383134600610482,0.0126524296447615,0,0,0,0,0,0.0489565460915041,0,0,0.580445041697049,0,0,0.295650701706062,0.0584639348545183
"142",0,0,0,0,0,0,0,0,0,0,0,0,0,0,0.805449127904752,0,0,0.191368567727704,0.0031823043675435
"143",0,0,0,0.0202164728574108,0,0,0,0,0,0,0,0,0,0.0491099720392421,0.755252258925347,0,0,0.154256515699285,0.0211647804787153
"144",0,0,0,0.0522711766381676,0,0.0128049929351259,0,0,0,0,0,0.0481613515878735,0,0.0332355885333097,0.621035204256334,0,0,0.1909778470301,0.0415138390190895
"145",0,0,0,0,0,0,0,0,0,0.190661277601386,0,0,0,0,0.702537640534485,0,0,0.0847727733474155,0.0220283085167136
"146",0,0,0,0.18663602604654,0,0,0,0,0,0,0,0,0,0,0.665970009504439,0,0,0.118834452892798,0.0285595115562234
"147",0,0,0,0,0,0,0,0,0,0,0,0,0,0,0.80649474040334,0,0,0.189730962663695,0.0037742969329655
"148",0,0,0,0,0.0166231968217597,0.065737933418823,0,0,0,0.0139287291435151,0,0,0,0,0.576645122734452,0,0,0.296533546738366,0.0305314711430844
"149",0.0179810513280473,0,0,0.00111363803760166,0.207603205618732,0,0,0,0,0,0,0.0166834579353185,0,0,0.539281765521903,0,0,0.195523648444067,0.0218132331143304
"150",0,0,0,0.279991761400923,0,0,0,0,0,0,0,0,0,0,0.621952415358339,0,0,0.0582322669061926,0.0398235563345455
"151",0.0121400398511761,0,0,0.0452375017996188,0.0665346713528712,0.00956363210595798,0.0172157658882571,0,0,0,0,0,0,0.0263769461372887,0.591087065875296,0,0,0.201861439947533,0.0299829370420007
"152",0,0,0,0.0707738219082102,0,0,0,0,0,0,0,0,0,0,0.542412595238163,0,0,0.348437436636754,0.0383761462168722
"153",0.0065343143712083,0,0,0.000919329269869757,0,0,0,0,0,0,0,0,0,0,0.782422102849118,0,0,0.14910360628989,0.0610206472199132
"154",0,0,0,0,0.00131467370419935,0,0,0,0,0,0,0,0,0,0.888921067080915,0,0,0.0852898447689178,0.0244744144459679
"155",0,0,0,0.443151172094545,0,0,0,0,0,0,0,0,0,0,0.432460105444875,0,0,0.103445625961206,0.0209430964993739
"156",0,0,0,0,0,0,0,0,0,0,0,0,0,0,0.784525017885714,0,0,0.214022001988302,0.00145298012598418
"157",0,0,0,0,0,0,0,0,0,0,0,0,0,0,0.920694147302028,0,0,0.055784969955181,0.0235208827427914
"158",0,0,0,0,0.199896399050694,0.00866063974621224,0,0,0,0,0,0,0,0,0.59308804009299,0,0,0.172017395271328,0.0263375258387754
"159",0.211610800011628,0,0,0.0170029026129366,0,0,0,0,0,0,0,0.00497395526834576,0,0.00811166773132371,0.581070023599624,0,0,0.158511595292673,0.0187190554834687
"160",0,0,0,0,0,0,0,0,0,0,0,0,0,0,0.907889519424858,0,0,0.0423918732705405,0.0497186073046014
"161",0,0,0,0.150316960635787,0,0,0,0,0,0,0,0,0,0.142481628120895,0.464412514366189,0,0,0.204422167501703,0.0383667293754259
"162",0,0,0,0,0,0,0,0,0,0,0,0,0,0,0.174170222423809,0,0,0.811959772864848,0.0138700047113423
"163",0,0,0,0,0,0.00119885316782082,0,0,0,0,0.00207002360796904,0,0,0,0.780534790867194,0,0,0.214940112337852,0.00125622001916384
"164",0,0,0,0.00165914804399353,0,0.00013737715950471,0,0,0,0.133385410651306,0,0,0,0,0.7985752185528,0,0,0.0331377628071715,0.0331050827852242
"165",0,0,0,0.0583690885079788,0,0,0,0,0,0,0.00999586540778497,0.00489213296961098,0,0.0421400756202059,0.623586064381079,0,0,0.225060168815689,0.0359566042976508
"166",0,0,0,0.0614732253175417,0,0,0,0,0,0,0,0,0,0,0.874379488754889,0,0,0.0423678210699549,0.0217794648576148
"167",0,0,0,0.0722646994142657,0.0170859907489813,0,0,0,0,0,0,0,0,0,0.772741692602394,0,0,0.114390757050948,0.0235168601834109
"168",0,0,0,0.0873192800705971,0,0,0,0,0,0.0577877490573472,0,0,0,0,0.724953830462815,0,0,0.104075187322245,0.0258639530869964
"169",0,0,0,0,0,0,0,0,0.110403355578747,0,0,0,0,0,0.793845862196238,0,0,0.0693157316039434,0.0264350506210712
"170",0.00275955527650066,0,0,0.0688619201181085,0,0.0145169773463022,0,0,0,0,0,0.0166767408391462,0,0.0448710586260915,0.655596752606733,0,0,0.157212138219335,0.0395048569677826
"171",0,0,0,0.00147542195799637,0,0.00370444235250276,0,0,0,0,0,0,0,0,0.691344018924165,0,0,0.216775024308771,0.0867010924565644
"172",0,0,0,0,0.0289667664649918,0,0,0,0,0,0,0,0,0,0.542119614240135,0,0,0.410070987410636,0.0188426318842372
"173",0,0,0,0.148657356185232,0,0,0,0,0,0,0,0,0,0.0655973827734608,0.626255453844165,0,0,0.119459209641005,0.0400305975561366
"174",0,0,0,0,0,0.0144008701148486,0,0,0,0,0,0.102766042721918,0,0.0157837618588431,0.605966523705083,0,0,0.23420021000648,0.0268825915928274
"175",0,0,0,0.134439816177511,0,0,0,0,0,0,0,0,0,0,0.340106932983587,0,0,0.511144118019373,0.0143091328195288
"176",0,0,0,0,0,0.00398949176259691,0,0,0,0,0,0,0,0,0.286586595985209,0,0,0.695559044714626,0.0138648675375682
"177",0,0,0,0,0,0.000728250472846656,0,0,0,0,0,0,0,0,0.801426620666791,0,0,0.195205595168068,0.00263953369229407
"178",0,0,0,0,0,0,0,0,0,0,0,0,0,0,0.776455159179435,0,0,0.215300939413911,0.00824390140665453
"179",0.10486771455152,0,0,0.0109579776361576,0,0,0,0,0,0,0,0.0379796393906524,0,0,0.660766884461971,0,0,0.161252409188961,0.0241753747707375
"180",0.0103471924734716,0,0,0.0581187152103499,0.00398340284375832,0,0,0,0,0,0,0,0,0,0.722569302295031,0,0,0.168908424709754,0.0360729624676348
"181",0,0,0,0.0190899980290808,0,0,0,0,0,0,0,0,0,0.413751738490269,0.447594284042203,0,0,0.077711718947262,0.0418522604911854
"182",0,0,0,0,0.0637431786948392,0.00671435973722768,0,0,0,0,0,0,0,0,0.727578154198993,0,0,0.162845407164897,0.0391189002040432
"183",0.200901267362156,0,0,0.0564286988647191,0,0,0,0,0,0,0,0,0,0,0.60651979902309,0,0,0.122000793720044,0.014149441029991
"184",0,0,0,0,0,0,0,0,0,0.00622587710306641,0,0,0,0,0.596921363968559,0,0,0.206466201719937,0.190386557208438
"185",0,0,0,0.000595986655225323,0,0.00454825885160707,0,0,0,0.00880499182678732,0,0,0,0,0.873575797047925,0,0,0.0867576092385525,0.0257173563799026
"186",0,0,0,0.0284389356668896,0,0,0,0,0,0,0.00589301817843543,0.00526823221401364,0,0,0.651437469272785,0,0,0.291300661025435,0.0176616836424414
"187",0,0,0,0,0,0,0,0,0,0,0,0,0,0,0.0323489731966484,0,0,0.962478738029033,0.00517228877431824
"188",0.123719120530332,0,0,0.0657391895947362,0,0,0,0,0,0,0,0,0,0.167354379648035,0.482077434401255,0,0,0.130889653398127,0.0302202224275139
"189",0,0,0,0,0.0114162941221972,0,0,0,0,0,0,0,0,0,0.356694605824423,0,0,0.5958997809304,0.0359893191229799
"190",0,0,0,0.0631117679032224,0,0.0039687890091559,0,0,0,0,0,0.0246371363134427,0,0,0.613097356233037,0,0,0.269652083725164,0.0255328668159781
"191",0,0,0,0.199449232097379,0,0,0.133984294261755,0,0,0,0,0,0,0.0983091470089433,0.450683344662105,0,0,0.0948386378763506,0.0227353440934667
"192",0,0,0,0.0332303215018336,0,0,0,0,0,0,0,0,0,0.130245392197023,0.628197602782213,0,0,0.185295716543275,0.0230309669756548
"193",0.00039994057246541,0,0,0.118682865840137,0,0,0.00062606530012108,0,0,0.00697162892284968,0,0,0,0.0259101360228372,0.779345151823957,0,0,0.0437020645698481,0.0243621469477845
"194",0.0309911971012555,0,0,0.0228933618180885,0,0,0,0,0,0,0,0,0,0,0.716831844979612,0,0,0.172873742051337,0.0564098540497069
"195",0,0,0,0,0,0,0,0,0,0,0,0,0,0,0.813839551819452,0,0,0.128798280794695,0.0573621673858531
"196",0,0,0,0,0,0,0,0,0,0,0,0,0,0,0.807376078344219,0,0,0.185443560585317,0.00718036107046333
"197",0,0,0,0.0159747533033355,0,0,0,0,0,0,0,0,0,0,0.809758533231402,0,0,0.125414623523012,0.0488520899422514
"198",0,0,0,0.00991984710969066,0,0.000473456893246,0,0,0,0,0.0220153697899215,0.0257732303015232,0,0,0.728262226199233,0,0,0.186430145896409,0.0271257238099767
"199",0,0,0,0.165635282911678,0,0.0141790515758114,0,0,0,0,0,0,0,0,0.623097807663049,0,0,0.176096090050695,0.0209917677987668
"200",0,0,0,0,0,0.024547139511844,0,0,0,0,0,0.070927827730268,0,0,0.562398237383345,0,0,0.317297008226988,0.024829787147555
"201",0,0,0,0,0,0,0,0,0,0,0,0,0,0,0.917119005768313,0,0,0.0621628649149194,0.0207181293167681
"202",0,0,0,0.0349240701883512,0.29212623678975,0,0,0,0,0,0,0,0,0,0.54562755440295,0,0,0.103813074352179,0.0235090642667698
"203",0.0587533267806553,0,0,0.0605884835634518,0,0,0,0,0,0.0773227079070113,0,0,0,0,0.68088357835075,0,0,0.100328513161124,0.0221233902370078
"204",0,0,0,0,0,0,0,0,0,0,0,0,0,0,0.744181417727538,0,0,0.254353110761492,0.00146547151096965
"205",0,0,0,0.00168655322451555,0,0.00105955869866337,0,0,0,0.00584634641769057,0,0,0,0,0.852620072470592,0,0,0.11516506487998,0.0236224043085586
"206",0,0,0,0,0,0.00827463398292207,0,0,0,0,0,0,0,0,0.838749197375796,0,0,0.128279046175805,0.0246971224654775
"207",0,0,0,0.0720185974602679,0,0,0,0,0,0,0,0,0,0,0.691330215282582,0,0,0.169033768868614,0.0676174183885367
"208",0,0,0,0,0.439159247135914,0,0,0,0,0,0,0,0,0,0.40798994150593,0,0,0.0999990360592847,0.0528517752988711
"209",0.00254212576555966,0,0,0.00183971210933777,0,0,0,0,0,0,0,0,0,0,0.874912479759604,0,0,0.104640146199979,0.0160655361655197
"210",0,0,0,0,0,0.00067154021348626,0,0,0,0,0,0,0,0,0.791806257586468,0,0,0.20642007751476,0.00110212468528524
"211",0,0,0,0.0722323101759185,0,0,0,0,0,0,0,0,0,0.0620228346211802,0.788251922716157,0,0,0.0458504942951123,0.0316424381916321
"212",9.76171341905455e-05,0,0,0.014826277769099,0,0,0.0141212729955533,0,0,0,0,0.0279987654450545,0,0,0.652579512282378,0,0,0.238936865585604,0.0514396887881202
"213",0,0,0,0.0413140094724728,0,0,0,0,0,0,0,0,0,0,0.732712840031708,0,0,0.198159425476395,0.0278137250194239
"214",0,0,0,0.0132392256113881,0,0,0,0,0,0.162366293882411,0,0,0,0,0.749408021287597,0,0,0.0498972628292886,0.0250891963893159
"215",0,0,0,0.0638044749312469,0,0,0,0,0,0,0,0,0,0.106104069141411,0.756343994435473,0,0,0.0402298281789652,0.0335176333129043
"216",0.017874823687184,0,0,0.0335261825339498,0,0,0.149945698913111,0,0,0.0250006117493651,0,0,0,0,0.627610886545602,0,0,0.12263629333086,0.0234055032399266
"217",0,0,0,0.313481511216547,0,0,0,0,0,0,0,0,0,0,0.505514994687005,0,0,0.155758645496615,0.0252448485998337
"218",0,0,0,0.130261606925295,0,0,0,0,0.100852366139619,0,0,0,0,0,0.689532297838134,0,0,0.0506724191009255,0.0286813099960269
"219",0,0,0,0.0242948560300811,0,0.00625856335333468,0,0,0,0,0,0,0,0,0.671566854848381,0,0,0.269581409206498,0.0282983165617051
"220",0,0,0,0.0806251309343302,0,0,0,0,0.138777152108862,0,0,0,0,0,0.712312866594025,0,0,0.0389258379573804,0.0293590124054028
"221",0,0,0,0.0154452237992549,0,0,0,0,0.127023399716594,0,0,0,0,0,0.745586428396711,0,0,0.0873163723285451,0.0246285757588944
"222",0,0,0,0,0,0,0,0,0,0,0,0,0,0,0.777575399385646,0,0,0.217987257285441,0.00443734332891281
"223",0,0,0,0.00124635236780748,0,0.0202686912942655,0,0,0,0,0,0,0,0,0.51852496212886,0,0,0.398067835911604,0.0618921582974628
"224",0,0,0,0,0,0,0,0,0,0,0,0,0,0,0.935176082956028,0,0,0.0417158749454552,0.0231080420985165
"225",0,0,0,0,0,0.000669529419952842,0,0,0,0,0,0,0,0,0.783860733983641,0,0,0.21312452061396,0.00234521598244631
"226",0,0,0,0,0,0,0,0,0,0,0,0,0,0,0.354196610530782,0,0,0.340745094100211,0.305058295369007
"227",0,0,0,0.145706793427249,0,0,0,0,0,0,0,0,0,0.125227337367527,0.567072962212658,0,0,0.126910331664604,0.0350825753279616
"228",0,0,0,0.0669476754611484,0,0,0,0,0,0,0,0,0,0,0.728292721747827,0,0,0.177881657041927,0.0268779457490977
"229",0,0,0,0.204801145582624,0,0.00084931395273139,0,0,0,0,0,0.00330644707081387,0,0,0.67813044746494,0,0,0.0847901946199996,0.0281224513088913
"230",0,0,0,0,0,0,0,0,0,0,0,0,0,0,0.81296650139409,0,0,0.18523027828701,0.00180322031889995
"231",0,0,0,0.000624533256614748,0,0,0,0,0,0,0,0,0,0,0.479201980014079,0,0,0.504901584743852,0.0152719019854541
"232",0.185726257016425,0,0,0.084194522576216,0,0,0,0,0,0,0,0,0,0,0.605360628634147,0,0,0.0996081221873739,0.0251104695858387
"233",0,0,0,0,0,0.0205394702156184,0,0,0,0,0.0542897937222669,0.00452522726628201,0,0,0.356747243519118,0,0,0.543314038055986,0.0205842272207289
"234",0,0,0,0,0,0,0,0,0,0.0250827956910393,0,0,0,0,0.892460967066611,0.00455463526749873,0,0.0617252926244085,0.016176309350442
"235",0,0,0,0.0124470652961257,0,0,0,0,0,0.0112079220724965,0,0,0,0,0.715599778703225,0,0,0.160364656483274,0.100380577444879
"236",0,0,0,0.174155851577199,0,0,0,0,0,0,0,0,0,0,0.67924832916719,0,0,0.122177449604823,0.0244183696507879
"237",0,0,0,0.0363996245819303,0,0,0,0,0,0,0,0,0,0,0.8315206654126,0,0,0.112070418168245,0.0200092918372248
"238",0,0,0,0,0,0.00587293101585233,0,0,0,0,0,0,0,0,0.880321085634016,0,0,0.0938847743565582,0.0199212089935735
"239",0,0,0,0.00651344685361633,0,0,0,0,0.0233620031420447,0,0,0,0,0,0.851877548962494,0,0,0.0988517608544469,0.019395240187398
"240",0.000295113908531376,0,0,0.0499448675576811,0,0,0,0,0,0,0,0.00338372571563473,0,0.107077502408627,0.560210294173746,0,0,0.235856078420229,0.0432324178155514
"241",0.000495066891678568,0,0,0.14902273781456,0,0,0,0,0,0,0,0,0,0.119094760455369,0.506396074151122,0,0,0.197955448383091,0.0270359123041802
"242",0,0,0,0,0,0.188330259913998,0,0,0,0,0,0,0,0,0.346858422436595,0,0,0.441599720770355,0.0232115968790512
"243",0,0,0,0.0298608305833606,0,0,0,0,0,0,0,0,0,0.0289462704872919,0.463055429145271,0,0,0.457681207518445,0.0204562622656315
"244",0,0,0,0,0,0.0118281259513604,0,0,0,0,0,0.10299744840558,0,0,0.503223430299534,0,0,0.365330793370823,0.0166202019727023
"245",0,0,0,0.151133919577379,0.160596447725373,0,0,0,0,0,0,0,0,0,0.522778140139079,0,0,0.141788910036402,0.0237025825217676
"246",0.127547332084086,0,0,0.0396206499894786,0,0,0,0,0,0,0,0,0,0,0.479150828104909,0,0,0.280951701468886,0.07272948835264
"247",0.00984657959095211,0,0,0.00204611392700601,0,0,0,0,0,0,0,0,0,0,0.596661691354258,0,0,0.355202842035673,0.0362427730921111
"248",0,0,0,0.135000570247433,0,0,0,0,0,0,0,0,0,0,0.643565063608704,0,0,0.196090597087241,0.025343769056621
"249",0,0,0,0,0,0,0,0,0,0,0,0,0,0,0.745098076365464,0,0,0.248300141761986,0.00660178187254954
"250",0,0,0,0.0326551542423416,0.0624882502934162,0.0385055000091955,0,0,0,0,0,0,0,0.0408336361849836,0.576608651837252,0,0,0.201810264425329,0.0470985430074826
"251",0,0,0,0.100120320722763,0,0,0,0,0,0,0,0.00409917198085489,0,0,0.650801596185421,0,0,0.217573504947646,0.0274054061633143
"252",0.0369644112706931,0,0,0.0377864079361367,0.0229944270296053,0.0182613907189532,0,0,0,0,0,0.0130250731281783,0,0,0.658897165177124,0,0,0.189109812583649,0.0229613121556597
"253",0,0,0,0.0357560745156115,0,0.00333914399444149,0,0,0,0,0,0,0,0.00166617552465175,0.853021302326248,0,0,0.0667568057034361,0.0394604979356118
"254",0,0,0,0,0,0.00925314673635188,0,0,0,0.0761291280284548,0,0.0119352022501673,0,0,0.619104616394311,0,0,0.260444804207587,0.0231331023831277
"255",0,0,0,0,0.623877447893466,0,0,0,0,0,0,0,0,0,0.29659737868351,0,0,0.065456128178915,0.0140690452441098
"256",0,0,0,0,0,0,0,0,0,0,0,0,0,0,0.612634274596785,0,0,0.318197426874484,0.0691682985287316
"257",0.255967244114564,0,0,0.055031253277909,0,0,0.00636675753924714,0,0,0,0,0,0,0.0179986609045238,0.504822031025882,0,0,0.144925270614559,0.014888782523315
"258",0,0,0,0.0424050759049258,0,0.027202465079453,0,0,0,0,0,0,0,0.0123098788847465,0.595771350410102,0,0,0.27716700672603,0.0451442229947429
"259",0.524044419494806,0,0,0.03341543970315,0,0,0,0,0,0,0,0,0,0,0.320509122828947,0,0,0.106010671266337,0.0160203467067599
"260",0,0,0,0.214325758291168,0,0,0.0843577223355266,0,0,0,0,0,0,0,0.598354974126011,0,0,0.0741134754003232,0.0288480698469716
"261",0,0,0,0,0,0,0,0,0,0,0,0,0,0,0.939467938228719,0,0,0.0434586743961933,0.0170733873750874
"262",0,0,0,0,0,0.0232162153326621,0,0,0,0,0,0,0,0,0.336745734955434,0,0,0.609025665547242,0.0310123841646622
"263",0,0,0,0.145442151177898,0,0.022006801422658,0,0,0,0,0,0,0,0,0.587631325146936,0,0,0.221576928950651,0.0233427933018572
"264",0,0,0,0,0,0,0,0,0,0,0,0,0,0,0.800996060386146,0,0,0.197279752816551,0.00172418679730242
"265",0.181871890416235,0,0,0.0361400935668568,0,0,0.011653296310966,0,0,0,0,0,0,0.00572530219699932,0.537885093579733,0,0,0.203056986431663,0.0236673374975474
"266",0.00310142520041251,0,0,0.165175010172319,0,0,0,0,0,0,0,0,0,0.217482229450542,0.525270694490407,0,0,0.0618433159627878,0.0271273247235321
"267",0,0,0,0,0,0.000398730754475411,0,0,0,0,0,0,0,0,0.960745769750954,0,0,0.0275302534336569,0.0113252460609136
"268",0,0,0,0.205016340991707,0,0,0,0,0,0,0,0,0,0,0.581166817446045,0,0,0.172421708267281,0.0413951332949667
"269",0,0,0,0,0.415065447067528,0.00458687245847651,0,0,0,0,0,0,0,0,0.372373383768862,0,0,0.181129435268744,0.0268448614363898
"270",0,0,0,0,0.0758836420844837,0.0271347988973928,0,0,0,0,0,0.0222388159849271,0,0,0.539345076904018,0,0,0.310472936729135,0.0249247294000437
"271",0,0,0,0,0.138736489947356,0.0398475012101705,0,0,0,0,0,0,0,0,0.532238864611434,0,0,0.261215597835895,0.0279615463951434
"272",0,0,0,0.0960714222723404,0,0,0.11926359961865,0,0,0,0,0,0,0.0124082817816133,0.632734136273597,0,0,0.119269671361527,0.0202528886922731
"273",0.0518316214196817,0,0,0.0606697636786267,0,0,0,0,0,0,0,0,0,0,0.629100885908285,0,0,0.168199411781561,0.0901983172118455
"274",0,0,0,0,0,0,0,0,0,0,0,0,0,0,0.724052294416082,0,0,0.270578884075,0.00536882150891783
"275",0.00814470479349641,0,0,0.017226777192665,0,0,0,0,0,0.151907415379224,0,0,0,0,0.706733922280148,0,0,0.0831165059735631,0.032870674380903
"276",0,0,0,0.0548001051985125,0.0201958408926286,0,0,0,0,0,0,0,0,0.119039241346791,0.648842969222569,0,0,0.114957540046628,0.0421643032928712
"277",0,0,0,0.0426861087267656,0,0,0,0,0,0,0,0,0,0,0.819758138471994,0,0,0.110322707564133,0.0272330452371076
"278",0,0,0,0,0,0.00068797385580416,0,0,0,0,0,0,0,0,0.800085534035606,0,0,0.199225878314907,6.13793682230628e-07
"279",0,0,0,0,0,0,0,0,0,0,0,0,0,0,0.817076163955482,0,0,0.175163759471389,0.00776007657312875
"280",0,0,0,0.0103732575229769,0.0755244365913917,0,0,0,0,0,0,0.00185395546659257,0,0.0974848196825176,0.661102829565548,0,0,0.11873092065366,0.034929780517314
"281",0.0975851210259229,0,0,0.109531890974178,0,0,0,0,0,0,0,0,0,0,0.665619037613019,0,0,0.103892311738131,0.0233716386487493
"282",0.0727060388835982,0,0,0.0905749814555494,0,0,0,0,0,0,0,0,0,0.0923216664058179,0.540621227383741,0,0,0.162116723353395,0.0416593625178983
"283",0,0,0,0,0,0.0212991668341364,0,0,0,0,0,0,0,0,0.687931471271108,0,0,0.250719390232715,0.0400499716620404
"284",0,0,0,0,0.0548039611231102,0,0,0,0,0,0,0,0,0,0.247956787495937,0,0,0.681310465860338,0.0159287855206148
"285",0,0,0,0.126681017617311,0,0,0,0,0,0.00529212144453132,0,0,0,0,0.694024489130668,0,0,0.134546481454373,0.0394558903531171
"286",0,0,0,0,0,0.000644788181265932,0,0,0,0,0,0,0,0,0.781713707255701,0,0,0.211131835724325,0.00650966883870801
"287",0,0,0,0.0027447992358198,0,0.0426614648145847,0,0,0,0,0,0,0,0,0.644800684939093,0,0,0.285763720323084,0.024029330687419
"288",0,0,0,0,0,0,0,0,0.00212743492720663,0,0,0,0,0,0.771187017841213,0,0,0.225494586686737,0.0011909605448433
"289",0,0,0,0.0530206180273973,0,0.0586276945891651,0,0,0,0,0,0.0117921789867607,0,0,0.497960916952527,0,0,0.345410236740314,0.0331883547038363
"290",0,0,0,0,0,0.00891103765483,0,0,0,0.0151032280427968,0,0,0,0,0.832975655830792,0,0,0.121601328049007,0.0214087504225746
"291",0,0,0,0,0,0.00428416960818874,0,0,0,0,0,0.0262271467921634,0,0,0.78129756500131,0,0,0.170508625426737,0.0176824931716009
"292",0.0052154784199616,0,0,0.0169884229310724,0,0.0203571239313017,0,0,0,0,0,0.0488781458310586,0,0,0.675684409683138,0,0,0.179258256424733,0.0536181627787344
"293",0,0,0,0.0026427908185091,0,0.0189604359781012,0,0,0,0,0.0223838566322077,0.0378524002098804,0,0,0.576961132603474,0,0,0.307050892692525,0.0341484910653033
"294",0,0,0,0.316823177616036,0,0,0,0,0,0,0,0,0,0,0.531117147453419,0,0,0.128549661808342,0.0235100131222023
"295",0.0261586857752803,0,0,0.000414288023607108,0,0.0102354931955771,0.00216978168447893,0,0,0,0,0.0151855441814175,0,0,0.762765487734645,0,0,0.151515794860954,0.0315549245440395
"296",0,0,0,0,0.180909720801587,0,0,0,0,0,0,0,0,0,0.74320136392369,0,0,0.052023675849813,0.0238652394249096
"297",0.118063564597428,0,0,0,0,0,0,0,0,0.00793784323511714,0,0,0,0,0.762460244943671,0,0,0.094148437344986,0.0173899098787976
"298",0,0,0,0.366975299771355,0,0,0,0,0,0,0,0,0,0,0.566461125816363,0,0,0.0439286393895458,0.0226349350227366
"299",0,0,0,0,0,0.0111954297614115,0,0,0,0,0,0.083844479089153,0,0,0.48870525415613,0,0,0.386220033031114,0.0300348039621917
"300",0,0,0,0.0274936467118936,0,0.0250265608181322,0,0,0,0,0,0.00037830448352969,0,0.00094386299123329,0.735852082200684,0,0,0.168354235590326,0.041951307204201
"301",0,0,0,0.035687934645377,0,0,0,0,0.304408239417987,0,0,0,0,0,0.581908166801101,0,0,0.0474600531151456,0.0305356060203893
"302",0,0,0,0,0,0,0,0,0.00166831347795765,0.147416147826417,0,0,0,0,0.779241316368436,0,0,0.0564903599616217,0.0151838623655679
"303",0,0,0,2.64951397192201e-05,0,0,0,0,0,0,0,0,0,0,0.541381958690616,0,0,0.345991381294421,0.112600164875244
"304",0.00499929916604369,0,0,0.127240087685641,0,0,0,0,0,0,0,0,0,0.128140283946826,0.607769220064081,0,0,0.103354782878989,0.0284963262584196
"305",0,0,0,7.79433536301723e-05,0,0.0103765909403999,0.00028921507988959,0,0,0,0,0,0,0,0.4536414841376,0,0,0.523925404817539,0.0116893616709412
"306",0,0,0,0.106837187959388,0,0,0,0,0,0,0,0,0,0.206784740785872,0.401151992297138,0,0,0.238943865517581,0.0462822134400201
"307",0,0,0,0,0.203323519326254,0.00903280225921491,0,0,0,0,0,0.0689889266763118,0,0,0.432783957788979,0,0,0.250670240587562,0.0352005533616772
"308",0,0,0,0,0,0.000547804355904649,0,0,0,0,0,0,0,0,0.780888616655164,0,0,0.212426854830381,0.0061367241585507
"309",0.00135853550724979,0,0,0.0813996942848415,0,0,0,0,0,0,0,0,0,0,0.794597923490096,0,0,0.101416385186003,0.0212274615318099
"310",0.0107643347585676,0,0,0.0537069811761183,0,0,0,0,0,0,0,0,0,0.0086062033204091,0.786970450350197,0,0,0.112157071644231,0.0277949587504772
"311",0,0,0,0,0,0,0,0,0,0,0,0,0,0,0.433285387885977,0,0,0.525986132014951,0.0407284800990719
"312",0,0,0,0,0,0,0,0,0,0,0,0,0,0,0.818057907914334,0,0,0.17960242072722,0.00233967135844576
"313",0,0,0,0,0,0,0,0,0,0,0,0,0,0,0.4350782740853,0,0,0.536563077750957,0.028358648163743
"314",0.113550255143884,0,0,0.0129519911848585,0,0,0,0,0,0,0,0,0,0,0.549552320427985,0,0,0.309870015452798,0.0140754177904749
"315",0,0,0,0,0,0.0391678753350186,0,0,0,0,0.00600361632839483,0.0251262791458312,0,0,0.453558810147206,0,0,0.457085366308337,0.0190580527352123
"316",0,0,0,0,0,0,0,0,0,0,0,0,0,0,0.794149072607311,0,0,0.204510553564098,0.00134037382859019
"317",0.0778610381650495,0,0,0.00653051931369663,0.0612016689675502,0.00798695020467099,0,0,0,0,0,0.000424189596969541,0,0,0.613323379908539,0,0,0.202030430639245,0.030641823204279
"318",0,0,0,0,0,0,0,0,0,0,0,0,0,0,0.951159747865622,0,0,0.0249426401958299,0.0238976119385483
"319",0,0,0,0,0,0,0,0,0,0.214196097404525,0,0,0,0,0.705864915003405,0,0,0.0556641945632802,0.0242747930287905
"320",0,0,0,0,0,0.00024514139742656,0,0,0,0,0,0,0,0,0.924569105726585,0,0,0.0539190983597982,0.0212666545161907
"321",0,0,0,0.0701118404487903,0,0,0,0,0,0,0,0,0,0.0108723547522141,0.732817342476697,0,0,0.149255327359531,0.0369431349627671
"322",0.0138687323585581,0,0,0.00675760837882614,0,0,0,0,0,0.0365359625689255,0,0,0,0,0.77828577559534,0,0,0.152285128191439,0.0122667929069116
"323",0,0,0,0.0674438075781704,0,0,0,0,0,0,0,0,0,0.222289846699914,0.579226506363467,0,0,0.0918906938383906,0.0391491455200581
"324",0,0,0,0,0,0,0,0,0,0,0,0,0,0,0.827916131144435,0,0,0.168748172589766,0.003335696265799
"325",0,0,0,0.0638697610977164,0,0.0078845360521855,0,0,0,0,0,0,0,0,0.724610987040528,0,0,0.165836091987207,0.0377986238223633
"326",0,0,0,0.0740547112730117,0,0.00104689385652712,0,0,0,0,0,0,0,0,0.756778958864426,0,0,0.134512297008644,0.0336071389973914
"327",0,0,0,0,0,0.0648333412553904,0,0,0,0,0,0,0,0,0.626816534789033,0,0,0.274145053477336,0.0342050704782408
"328",0.097109755313196,0,0,0.0101593761379037,0,0.011111075551117,0,0,0,0,0,0.0088216080418028,0,0,0.521780249916531,0,0,0.318903073159993,0.0321148618794557
"329",0.284033549544962,0,0,0.0304578437319043,0,0,0,0,0,0,0,0,0,0.0042343515423151,0.496675062079701,0,0,0.164800301678282,0.0197988914228359
"330",0,0,0,0.0749367515404884,0,0,0.203238605855845,0,0,0,0,0,0,0.0442192394821756,0.516933921913212,0,0,0.127345926356529,0.0333255548517506
"331",0,0,0,0,0,0.1105415076138,0,0,0,0,0,0,0,0,0.452914397921258,0,0,0.415020925533461,0.02152316893148
"332",0,0,0,0.0111294789123595,0,0,0,0,0,0.071295918040157,0,0,0,0,0.782780349984852,0,0,0.103036147319985,0.0317581057426466
"333",0,0,0,0.1000992231109,0,0,0.037446067994994,0,0,0,0,0,0,0,0.737771423242983,0,0,0.0926496969241543,0.0320335887269683
"334",0,0,0,0.002222150462586,0,0,0,0,0.157899580402746,0,0,0,0,0,0.643717931740749,0,0,0.175827829468513,0.020332507925406
"335",0,0,0,0,0,0,0,0,0,0,0,0,0,0,0.857971783094599,0,0,0.138993264039112,0.00303495286628817
"336",0,0,0,0.0570869123487898,0,0,0,0,0,0,0,0,0,0.0205961699459916,0.519563507270393,0,0,0.207182280332291,0.195571130102535
"337",0,0,0,0.000331570850639954,0,0,0,0,0,0,0,0,0,0,0.639253333594111,0,0,0.209296314703905,0.151118780851344
"338",0,0,0,0,0.00947310921921015,0,0,0,0,0,0,0.00718242428637435,0,0,0.433262341878332,0,0,0.506428026067005,0.0436540985490787
"339",0,0,0,0.038139172905753,0,0,0,0,0,0,0,0,0,0.00817775168370409,0.54008026049117,0,0,0.145019955593751,0.268582859325622
"340",0,0,0,0.0843815384219457,0,0,0,0,0,0,0,0,0,0.0384918294190022,0.806579711195883,0,0,0.0378090985856261,0.0327378223775431
"341",0,0,0,0,0.00466495193638167,0,0,0,0,0.0505052705136772,0,0,0,0,0.890407267002883,0,0,0.0337560519670908,0.0206664585799669
"342",0,0,0,0.120408495827591,0,0,0,0,0,0,0,0,0,0.186478854750535,0.529941195649077,0,0,0.118621733000852,0.0445497207719454
"343",0.0310990752157827,0,0,0.055431871284871,0,0,0,0,0,0,0,0,0,0.00932402898964354,0.727911471602129,0,0,0.138986779333779,0.0372467735737947
"344",0,0,0,0.0497341904051733,0,0,0,0,0.0119462512460788,0,0,0,0,0,0.820685260459172,0,0,0.097461218194194,0.0201730796953817
"345",0,0,0,0.0308336010440176,0,0,0,0,0,0,0,0,0,0.00599423219157399,0.731269616125451,0,0,0.138310024576231,0.0935925260627269
"346",0.000208863186074789,0,0,0,0.0482009514094843,0.00825395702770035,0,0,0,0.0217374569227732,0,0,0,0,0.754021802576753,0,0,0.13891662780116,0.0286603410760545
"347",0,0,0,0.00322442786650653,0,0,0,0,0,0.0361115306263715,0,0,0,0,0.802875403747798,0,0,0.0915988762015181,0.0661897615578061
"348",0,0,0,0,0,0.00850450804728463,0,0,0,0,0,0,0,0,0.425071810020846,0,0,0.548349541766001,0.0180741401658682
"349",0.0971245451783926,0,0,0.0561533531861168,0,0,0.0790087453240161,0,0,0.0410558019140423,0,0,0,0,0.604714447524815,0,0,0.0988042537912713,0.0231388530813461
"350",0,0,0,0.11116684449317,0,0,0,0,0.0142753878751774,0,0,0,0,0,0.763148639986576,0,0,0.0833491051503032,0.0280600224947738
"351",0,0,0,0.00241898636818405,0,0,0,0,0,0,0,0,0,0,0.567218216353888,0,0,0.19469158589247,0.235671211385458
"352",0,0,0,0.00316309924511351,0,0.000188359344510289,0,0,0,0.0210307860373999,0,0,0,0,0.80626311250882,0,0,0.150765418964924,0.0185892238992319
"353",0.0493036127571114,0,0,0.00171140416333019,0.425762901783291,0,0.0275765887250605,0,0,0,0,0,0,0,0.385113853129138,0,0,0.0956632981202225,0.0148683413218469
"354",0.1720749989735,0,0,0,0,0.00952181408348197,0,0,0,0,0,0.00890893211623212,0,0,0.601942691389728,0,0,0.182428892879953,0.0251226705571048
"355",0,0,0,0.0176510762181945,0.337313501181659,0,0,0,0,0,0,0,0,0,0.499937776645432,0,0,0.102096490608836,0.0430011553458789
"356",0,0,0,0.0206275593618543,0,0,0,0,0,0.0576399169222389,0,0,0,0,0.803194642776144,0,0,0.0957395315467854,0.0227983493929773
"357",0,0,0,0,0,0,0,0,0,0.0102847686010441,0,0,0,0,0.56397248674588,0,0,0.410818557272393,0.0149241873806826
"358",0.000828321599895156,0,0,0.0440189458179153,0,0,0,0,0,0,0,0,0,0,0.522171129921031,0,0,0.396148559921239,0.0368330427399191
"359",0,0,0,0.0181282619376746,0,0.00732703677241512,0,0,0,0,0,0,0,0,0.564976530999946,0,0,0.243730879258143,0.16583729103182
"360",0,0,0,0.0192748721967124,0,0,0,0,0.0440253730479944,0,0,0,0,0,0.719831874399665,0,0,0.137801695947472,0.0790661844081561
"361",0,0,0,0.0936967445011148,0,0.0129630249182243,0,0,0,0,0,0,0,0,0.758200579045772,0,0,0.116886817700462,0.0182528338344271
"362",0,0,0,0,0,0,0,0,0,0.00729110275303597,0,0,0,0,0.576389454592469,0,0,0.40022906260317,0.0160903800513253
"363",0,0,0,0,0,0.0329108799101916,0,0,0,0,0,0.0130455829647175,0,0,0.502570479391904,0,0,0.371028207300911,0.0804448504322764
"364",0,0,0,0.00139231912478963,0,0.00591590100992385,0,0,0,0,0,0,0,0,0.60322816240921,0,0,0.376946487924628,0.0125171295314483
"365",0,0,0,0.00134369220565898,0,0.0567745590649702,0,0,0,0,0,0.0110799599955973,0,0,0.628601245657231,0,0,0.240833088133196,0.061367454943346
"366",0,0,0,0,0,0,0,0,0,0,0,0,0,0,0.846941168483475,0,0,0.132576132939476,0.0204826985770484
"367",0.000835049932176227,0,0,0.0655971142194326,0,0,0.0164423297751206,0,0,0,0,0,0,0,0.75463671576601,0,0,0.122990960083077,0.0394978302241828
"368",0,0,0,0,0,0,0,0,0,0,0,0,0,0,0.764561882128385,0,0,0.231660223087597,0.0037778947840186
"369",0,0,0,0,0,0,0,0,0,0,0,0,0,0,0.808825163639351,0,0,0.186377041013898,0.00479779534675115
"370",0.0834653623160892,0,0,0.102323463903742,0,0,0,0,0,0,0,0,0,0.033015659315375,0.669800174003628,0,0,0.0772096087492735,0.0341857317118916
"371",0,0,0,0,0.471118839641048,0,0,0,0,0,0,0,0,0,0.307852912171502,0,0,0.181288325000864,0.0397399231865865
"372",0,0,0,0.0699023959677364,0,0.0222987705657478,0,0,0,0,0,0,0,0,0.64816219020964,0,0,0.238607320312181,0.0210293229446941
"373",0.0120092222726558,0,0,0.225178885066726,0,0,0,0,0,0,0,0,0,0,0.61716472270411,0,0,0.122545510243001,0.023101659713508
"374",0,0,0,0.00100329018599567,0.356176184323431,0,0,0,0,0,0,0,0,0,0.443460747195165,0,0,0.14058272837565,0.0587770499197581
"375",0,0,0,0.00295636690190819,0,0.00873749933949469,0,0,0,0,0,0,0,0,0.716550527308745,0,0,0.243621277890362,0.02813432855949
"376",0.0143587130332903,0,0,0.1866057618823,0,0,0,0,0.00854063445641783,0,0,0,0,0,0.686729008341907,0,0,0.0885701266953039,0.0151957555907804
"377",0,0,0,0.00225659215010528,0,0,0,0,0,0.00397171720988077,0,0.0166331741312383,0,0.00518230820589108,0.789282257243708,0,0,0.149068967977496,0.0336049830816803
"378",0,0,0,0,0,0,0,0,0,0,0,0,0,0,0.810634273453712,0,0,0.180269871718859,0.00909585482742902
"379",0,0,0,0,0,0,0,0,0,0.00318840764918098,0,0,0,0,0.936772879389945,0,0,0.0517908121820154,0.00824790077885886
"380",0,0,0,0,0,0,0,0,0,0,0,0,0,0,0.963156975804233,0,0,0.00896212762032888,0.0278808965754383
"381",0,0,0,0.22831795582261,0,0,0,0,0,0,0,0,0,0,0.607508393842486,0,0,0.149076423235282,0.0150972270996218
"382",0,0,0,0,0.0218056093816151,0,0,0,0,0.323142432797289,0,0,0,0,0.597647988678383,0,0,0.0377847637498543,0.0196192053928586
"383",0.0356247836875647,0,0,0.0176172427684354,0,0.0372133906294691,0,0,0,0,0,0.00583212665183695,0,0,0.579210944486944,0,0,0.254266546790392,0.0702349649853573
"384",0.0177095506265292,0,0,0.134657171792604,0,0,0,0,0.000707774801366084,0,0,0,0,0,0.689934557842862,0,0,0.134816270262138,0.0221746746745
"385",0,0,0,0,0,0,0,0,0,0,0,0,0,0,0.820309955548625,0,0,0.174292149110937,0.00539789534043785
"386",0,0,0,0.0643406005442445,0.0756459245448805,0,0,0,0,0,0,0,0,0.0524050488625384,0.594288946873448,0,0,0.145841388515953,0.0674780906589357
"387",0,0,0,0,0,0,0,0,0,0.00323837539091885,0,0,0,0,0.90924799722396,0,0,0.0664431183478573,0.021070509037264
"388",0.320664949098215,0,0,0.0644459867393597,0,0,0,0,0,0,0,0.00184035623785142,0,0.00959437067557292,0.450744090171703,0,0,0.126770651536216,0.0259395955410803
"389",0,0,0,0.104734247092735,0,0,0,0,0,0,0,0,0,0,0.785215173815836,0,0,0.0854677020173392,0.0245828770740891
"390",0,0,0,0.00146979531001549,0,0.0303793349355605,0,0,0,0,0,0,0,0,0.7322640378328,0,0,0.214849949192455,0.0210368827291685
"391",0,0,0,0.0410913010675331,0,0,0,0,0,0,0,0.00275675141997186,0,0.100742171076631,0.662827578758591,0,0,0.143904416013936,0.0486777816633378
"392",0.00644963589700298,0,0,0.00118894504013154,0,0,0.000202395570815401,0,0,0,0.00867819577720897,0.0221526572789678,0,0,0.641985601592332,0,0,0.299472583543324,0.019869985300218
"393",0.0414156095857873,0,0,0.0843479154587382,0,0,0,0,0,0,0,0,0,0.0308938199831424,0.688134713631288,0,0,0.118889746736525,0.0363181946045196
"394",0,0,0,0,0,0,0,0,0,0,0,0,0,0,0.800576361958364,0,0,0.192658489151482,0.00676514889015343
"395",0,0,0,0,0,0,0,0,0,0,0,0,0,0,0.780232243942362,0,0,0.213314929304939,0.00645282675269854
"396",0,0,0,0,0,0.00861098614077306,0,0,0,0,0,0,0,0,0.342905799873547,0,0,0.62273793184413,0.0257452821415503
"397",0,0,0,0.00333758577321342,0,0,0,0,0,0,0,0,0,0,0.924877060815032,0,0,0.0571341998939643,0.0146511535177904
"398",0,0,0,0.000898143887000684,0,0,0,0,0,0,0,0,0,0,0.94397791730843,0,0,0.0218748558340208,0.0332490829705487
"399",0,0,0,0.288616056517956,0,0,0,0,0,0,0,0,0,0,0.652938641551691,0,0,0.0379827263723322,0.0204625755580211
"400",0,0,0,0,0,0,0,0,0,0,0,0,0,0,0.957582526501956,0,0,0.0294131177878668,0.0130043557101772
"401",0,0,0,0,0,0.000779331674387602,0,0,0,0,0,0,0,0,0.930199905722267,0,0,0.0525267523408228,0.016494010262523
"402",0,0,0,0,0,0,0,0,0,0,0,0,0,0,0.313368204947774,0,0,0.601428864113304,0.0852029309389222
"403",0,0,0,0.00426157058281452,0,0.000236416307516153,0,0,0,0,0,0,0,0,0.839172103540977,0,0,0.127051347815561,0.0292785617531311
"404",0.0556229264287566,0,0,0.0464667255142057,0,0,0,0,0.123735844441173,0,0,0,0,0,0.674632473637201,0,0,0.078415068572295,0.0211269614063694
"405",0.0998986602276187,0,0,0.0736063384951646,0,0,0.132670999311602,0,0,0,0,0,0,0.0120696277608081,0.513356821864242,0,0,0.123385285214057,0.0450122671265075
"406",0,0,0,0.042758727574631,0,0.0099813636496117,0,0,0,0,0,0.0791570088752963,0,0.014062096781228,0.625742696439908,0,0,0.194732883924326,0.0335652227549986
"407",0.0025891070820186,0,0,0.127911372925425,0,0,0,0,0,0,0,0,0,0,0.74460379234516,0,0,0.10422620562987,0.0206695220175266
"408",0,0,0,0,0,0,0,0,0,0,0,0,0,0,0.757559876585692,0,0,0.238362190363599,0.00407793305070924
"409",0,0,0,0,0,0.000272393504274115,0,0,0,0,0,0,0,0,0.785709838211972,0,0,0.202911291851909,0.0111064764318439
"410",0,0,0,0,0,0,0,0,0,0,0,0,0,0,0.797609767028607,0,0,0.198021445561819,0.00436878740957379
"411",0,0,0,0,0,0,0,0,0,0,0,0,0,0,0.763007082336437,0,0,0.2343220570734,0.00267086059016335
"412",0,0,0,0,0,0,0,0,0,0,0,0,0,0,0.768986420345189,0,0,0.227917241018474,0.00309633863633698
"413",0,0,0,0,0,0,0,0,0,0,0,0,0,0,0.76644371849253,0,0,0.222315789591038,0.0112404919164321
"414",0,0,0,0,0,0,0,0,0,0.336728835794849,0,0,0,0,0.598171927933036,0,0,0.0489824564199314,0.0161167798521834
"415",0,0,0,0.0224261776225629,0,0.0139308855626034,0,0,0,0,0.0384018451526385,0.0219904058636692,0,0,0.570896634876306,0,0,0.312311151940318,0.0200428989819013
"416",0,0,0,0,0,0,0,0,0,0,0,0,0,0,0.77568714940687,0,0,0.214646712919847,0.009666137673283
"417",0,0,0,0,0,0,0,0,0,0,0,0,0,0,0.770724336507073,0,0,0.227820856595079,0.00145480689784837
"418",0,0,0,0,0,0,0,0,0,0,0,0,0,0,0.273797446653573,0,0,0.287654866091307,0.43854768725512
"419",0.127179485574465,0,0,0.0735781978695969,0,0,0,0,0,0.0222735052212429,0,0,0,0.00803093498626316,0.604870269600308,0,0,0.142626054780497,0.0214415519676269
"420",0,0,0,0,0,0,0,0,0,0,0,0,0,0,0.897390799135909,0,0,0.0734464650165567,0.0291627358475345
"421",0,0,0,0.135412003528672,0,0.00659706550659457,0,0,0,0.00118362218468447,0,0.00102039427385195,0,0,0.668881234017404,0,0,0.15748448559981,0.0294211948889836
"422",0.0611192833434044,0,0,0.0452189601704315,0,0,0,0,0,0.0836923176588334,0,0,0,0,0.702344695203082,0,0,0.0887311240779383,0.0188936195463105
"423",0,0,0,0.169233220120779,0,0.00420782618717575,0,0,0,0,0,0,0,0,0.632067618295195,0,0,0.158445418279481,0.0360459171173697
"424",0,0,0,0,0,0,0,0,0,0.426491900798225,0,0,0,0,0.542147279265955,0,0,0.0175287542746819,0.0138320656611389
"425",0,0,0,0.00181373447875884,0,0.0111586466104998,0,0,0,0,0.00213482177877158,0.0146451837548201,0,0,0.768902801188293,0,0,0.172304306554782,0.029040505634074
"426",0,0,0,0,0,0,0,0,0,0,0,0,0,0,0.754778694729865,0,0,0.237029150480261,0.00819215478987447
"427",0,0,0,0.0926203519510338,0,0,0,0,0.00593606777045102,0,0,0,0,0,0.804663668465636,0,0,0.075542746538428,0.0212371652744509
"428",0.115774580787721,0,0,0.00165731078917742,0.0118557892877561,0,0,0,0,0,0.00170343055878482,0.0122504513179794,0,0,0.46320190843829,0,0,0.371831088577448,0.021725440242844
"429",0,0,0,0.072603747199035,0,0,0,0,0.0299397080879948,0,0,0,0,0.0465945748673816,0.708656078045915,0,0,0.0949864183238025,0.0472194734758709
"430",0,0,0,0.112394438663462,0,0,0.00490423150346467,0,0,0,0,0.00380431768569371,0,0.0244794716518223,0.665752070238706,0,0,0.157652983895931,0.0310124863609205
"431",0.000489666796617178,0,0,0.00519090573834965,0,0.0130521512499284,0,0,0,0,0,0.00217387154856488,0,0,0.582249927406119,0,0,0.33851393374108,0.0583295435193406
"432",0,0,0,0,0,0,0,0,0,0,0,0,0,0,0.827352877380101,0,0,0.163920160483876,0.0087269621360237
"433",0,0,0,0.126545622624718,0,0,0,0,0,0,0,0,0,0,0.744821794786553,0,0,0.0854069970896909,0.043225585499038
"434",0,0,0,0,0,0,0,0,0,0,0,0,0,0,0.915933000003872,0,0,0.0526913635507003,0.0313756364454277
"435",0,0,0,0,0,0,0,0,0,0,0,0,0,0,0.760546543173249,0,0,0.21641922979021,0.0230342270365406
"436",0,0,0,0,0.225858604957563,0,0,0,0,0,0,0,0,0,0.716145967784781,0,0,0.0374098098014032,0.0205856174562528
"437",0,0,0,0,0,0.0337527536411096,0,0,0,0,0,0,0,0,0.629785593971808,0,0,0.302276091962586,0.0341855604244961
"438",0.106789633847421,0,0,0,0,0,0,0,0,0,0,0,0,0,0.29857761010124,0,0,0.583889659572491,0.0107430964788483
"439",0,0,0,0,0,0,0,0,0,0,0,0,0,0,0.815011996655913,0,0,0.184207963511698,0.00078003983238896
"440",0,0,0,0,0.0554115745015443,0,0,0,0,0,0,0.0100847161347278,0,0,0.542227759012217,0,0,0.25035954953645,0.141916400815061
"441",0,0,0,0.0236787277752975,0,0,0,0,0,0,0,0,0,0.0060097100432685,0.843389173699811,0,0,0.08567020511465,0.0412521833669727
"442",0.0248513637327107,0,0,0.133416542252807,0,0,0.0820084294102346,0,0,0,0,0,0,0.10444025657825,0.49664782106573,0,0,0.123270039545425,0.0353655474148431
"443",0,0,0,0,0.498844847960352,0,0,0,0,0,0,0,0,0,0.397156214570176,0,0,0.0892212464127762,0.0147776910566956
"444",0,0,0,0.17272775534207,0,0,0,0,0,0,0,0,0,0,0.3874851137934,0,0,0.417839859901743,0.0219472709627872
"445",0,0,0,0.003459374159867,0,0,0,0,0,0.0939186358709487,0,0,0,0,0.719735661855087,0,0,0.159417287684673,0.023469040429424
"446",0.0289015887005562,0,0,0.00741836818659208,0,0,0,0,0,0,0,0,0,0,0.578661151181617,0,0,0.305125397031538,0.0798934948996971
"447",0,0,0,0.0545645250586028,0,0,0,0,0,0,0,0,0,0.0520353351762271,0.748598688951594,0,0,0.101870559167904,0.0429308916456727
"448",0,0,0,0,0,0.0163250215379406,0,0,0,0,0,0,0,0,0.175807999036891,0,0,0.782515486876221,0.0253514925489471
"449",0.130129818169579,0,0,0.107014489455859,0,0,0.192939963620491,0,0,0,0,0,0,0,0.455676972316426,0,0,0.0863466546276887,0.0278921018099557
"450",0,0,0,0,0.305066689745195,0.0647243902342856,0,0,0,0,0,0,0,0,0.399366276089799,0,0,0.188593965331036,0.0422486785996846
"451",0,0,0,0.0550400688634892,0,0.00805296786704628,0,0,0,0,0,0,0,0,0.764007784792284,0,0,0.137260640500469,0.0356385379767108
"452",0,0,0,0.00634654130183589,0.0650255962882757,0,0,0,0,0,0,0,0,0,0.84261156683864,0,0,0.0611784460129075,0.0248378495583404
"453",0,0,0,0.458715733229776,0,0,0,0,0,0,0,0,0,0,0.445959917964665,0,0,0.0812471545988243,0.0140771942067345
"454",0,0,0,0.0667929020816765,0.0399198702076934,0.00362159921292032,0,0,0,0,0,0.0191996921383347,0,0,0.65386887045324,0,0,0.188839862314646,0.0277572035914894
"455",0,0,0,0,0,0,0,0,0,0,0,0,0,0,0.926684599530923,0,0,0.0478250189562059,0.0254903815128713
"456",0,0,0,0.280471840202719,0,0,0,0,0,0,0,0,0,0.0365025669441185,0.5778543154407,0,0,0.0684523892708715,0.0367188881415913
"457",0,0,0,0,0,0,0,0,0,0,0,0,0,0,0.803060544721257,0,0,0.172414058512473,0.0245253967662692
"458",0,0,0,0.00302052246205028,0,0,0,0,0,0,0,0,0,0,0.951809008680239,0,0,0.0247657202652792,0.0204047485924315
"459",0,0,0,0.00854246059807556,0,0,0.0584525383923444,0,0,0,0,0,0,0.0196901626955212,0.790603189481191,0,0,0.0982385542333142,0.0244730945995537
"460",0,0,0,0.076246525105742,0,0,0,0,0,0,0,0,0,0.108155481877743,0.553258375723046,0,0,0.223747164885948,0.0385924524075213
"461",0,0,0,0.114555505366268,0,0,0.127697962948454,0,0,0,0,0,0,0.0498930231797782,0.597327320831989,0,0,0.0812999497505723,0.0292262379229393
"462",0,0,0,0,0,0.100148607434551,0,0,0,0,0,0,0,0,0.446322141361901,0,0,0.410810907954879,0.0427183432486692
"463",0,0,0,0.146533842865772,0,0,0,0,0,0,0,0,0,0,0.608750020660146,0,0,0.199077603516588,0.0456385329574947
"464",0,0,0,0,0,0,0,0,0,0,0,0,0,0,0.985684299706275,0,0,0.00564515506125478,0.00867054523247048
"465",0,0,0,0,0,0,0,0,0,0,0,0,0,0,0.0192052841322979,0,0,0.979803823791473,0.000990892076229186
"466",0,0,0,0,0,1.23137419211409e-05,0,0,0,0,0,0,0,0,0.188859391478504,0,0,0.789469380098603,0.0216589146809721
"467",0,0,0,0.00160918101149502,0,0,0.00118490248815036,0,0,0.11040551642374,0,0,0,0,0.795923013943592,0,0,0.0718883408657409,0.0189890452672817
"468",0,0,0,0,0,0.0288140235407405,0,0,0,0,0,0,0,0,0.799632418006605,0,0,0.142915192008771,0.0286383664438829
"469",0,0,0,0.000401408472520829,0.00393080303774219,0,0,0,0,0,0,0,0,0,0.89755843314865,0,0,0.071289204666452,0.0268201506746354
"470",0,0,0,0,0,0,0,0,0.121893383631114,0,0,0,0,0,0.815563078802558,0,0,0.0473163689365724,0.0152271686297559
"471",0,0,0,0.0562032792322455,0,0,0,0,0,0,0.00149775281519717,0,0,0,0.717089617870677,0,0,0.19851004997584,0.0266993001060403
"472",0,0,0,0.00178056288704357,0,0,0,0,0,0.133974392959674,0,0,0,0,0.762491069165435,0,0,0.085651214120052,0.0161027608677962
"473",0,0,0,0,0,0.000589078206052027,0,0,0,0,0,0,0,0,0.794476215173278,0,0,0.203829907619956,0.00110479900071379
"474",0.0693890682961625,0,0,0.0468928918779572,0,0,0,0,0,0,0,0.00212378271211575,0,0.00347839814603068,0.64739438096593,0,0,0.199890428217407,0.0308310497843971
"475",0,0,0,0.0754536664884521,0,0,0,0,0,0,0,0,0,0.00750026578391507,0.591936815096297,0,0,0.296405085068543,0.0287041675627926
"476",0,0,0,0,0,0,0,0,0,0,0,0,0,0,0.910802022317681,0,0,0.0724580698078471,0.0167399078744725
"477",0,0,0,0.00040829619253797,0,0,0,0,0.0276304428000588,0,0,0,0,0,0.828619900751095,0,0,0.10851271693075,0.0348286433255591
"478",0,0,0,0,0,0,0,0,0,0,0,0,0,0,0.790915844650367,0,0,0.206840047587339,0.00224410776229468
"479",0.0116186897063789,0,0,0.0238119737176774,0.502952497917063,0,0,0,0,0,0,0,0,0,0.33092710720039,0,0,0.106185480982621,0.0245042504758707
"480",0,0,0,0.0229369173654429,0,0,0,0,0,0.0588868717069023,0,0,0,0,0.835813806067704,0,0,0.0541005799547558,0.0282618249051951
"481",0.162268564272798,0,0,0.131915906722662,0,0,0.0104189758460359,0,0,0.0299000229454336,0,0,0,0.00295374252863313,0.540736956804224,0,0,0.105218186389299,0.0165876444909144
"482",0,0,0,0.0556463450719465,0,0,0,0,0,0,0,0,0,0.027690261354795,0.785937132572799,0,0,0.104268458886784,0.0264578021136757
"483",0,0,0,0,0.0819347544726412,0,0,0,0,0,0,0,0,0,0.829393837864138,0,0,0.0690813638679215,0.0195900437952991
"484",0,0,0,0.024724745782989,0.0991632054406183,0,0,0,0,0,0,0,0,0,0.527746321423678,0,0,0.319381400291757,0.028984327060958
"485",0,0,0,0.000112910146332478,0,0,0,0,0,0.273412211863706,0,0,0,0,0.676996802507173,0,0,0.0385681430522993,0.0109099324304894
"486",0.142661997642402,0,0,0.0248131538393627,0,0,0,0,0,0,0,0.00233919825790357,0,0,0.652021185563446,0,0,0.146235759119081,0.0319287055778035
"487",0,0,0,0,0,0.00272270466370507,0,0,0,0,0,0,0,0,0.837607551297287,0,0,0.1142025340933,0.0454672099457079
"488",0,0,0,0,0,0,0,0,0,0,0,0,0,0,0.95626818187543,0,0,0.0230746211440193,0.0206571969805509
"489",0,0,0,0,0,0.00112003429708249,0,0,0,0,0,0,0,0,0.787631379786792,0,0,0.20952042433573,0.00172816158039642
"490",0,0,0,0.0479064736112604,0,0,0,0,0,0,0,0,0,0,0.793490290262248,0,0,0.119008404223427,0.0395948319030645
"491",0,0,0,0,0,0,0,0,0,0,0,0,0,0,0.811544113075732,0,0,0.186042065542119,0.00241382138214861
"492",0,0,0,0,0,0.154884397136391,0,0,0,0,0,0,0,0,0.434056306524736,0,0,0.395806237105425,0.0152530592334476
"493",0,0,0,0,0,0,0,0,0,0,0,0,0,0,0.89777405031145,0,0,0.0766456409412193,0.0255803087473305
"494",0,0,0,0.106866200251959,0,0,0,0,0.00980318833033114,0.0512315971609228,0,0,0,0,0.735890967550788,0,0,0.0737108699595563,0.0224971767464429
"495",0,0,0,0.0745468336068826,0,0,0.0102187307294208,0,0,0,0,0.0222192582585115,0,0.100286569784356,0.665898461472267,0,0,0.0875262497223089,0.0393038964262532
"496",0,0,0,0.0734464816014119,0,0,0,0,0,0.00764754484708615,0.00168013422537905,0.0147032711964076,0,0,0.716395336823799,0,0,0.163131881155414,0.0229953501505018
"497",0,0,0,0.0589493824117783,0,0,0,0,0,0,0,0,0,0.117132905070912,0.695185446152705,0,0,0.0830273124595149,0.0457049539050893
"498",0,0,0,0.0351298395632221,0,0.0126771305154873,0.0399284081453603,0,0,0,0,0.0189409722817619,0,0.0314878127344648,0.618851975366739,0,0,0.218726817648413,0.0242570437445514
"499",0,0,0,0.00202299528743134,0,0,0.000183902789219497,0,0,0,0,0,0,0,0.780164691086523,0,0,0.21497745383187,0.00265095700495539
