	b cell	cd4-positive, alpha-beta t cell	cd8-positive, alpha-beta t cell	conventional dendritic cell	monocyte	natural killer cell	plasmacytoid dendritic cell	platelet
0	0.26072222	0.2857089	0.27346015	0.11818757	0.0082322275	0.0043067355	0.04926736	0.00011491056
1	0.20691265	0.05139162	0.08374316	0.18641908	0.029155862	0.07035463	0.21982743	0.15219557
2	0.23038174	0.22529846	0.26169994	0.0045637586	0.0027838405	0.09664298	0.0060084644	0.17262083
3	0.0379039	0.07193699	0.05124804	0.208204	0.28115875	0.08465937	0.1389432	0.12594576
4	0.20268416	0.1407053	0.11680483	0.27768427	0.06340153	0.0013134879	0.19702972	0.00037672798
5	0.12320521	0.2766991	0.25689542	0.012299964	0.0893364	0.23616827	0.005139286	0.00025628615
6	0.10896213	0.100440316	0.075506866	0.14023356	0.16608639	0.11958529	0.27351275	0.015672704
7	0.046993215	0.09132191	0.13893288	0.028484942	0.099193715	0.2813901	0.006146422	0.30753684
8	0.124451645	0.0907138	0.07884201	0.28705585	0.10665184	0.03954476	0.25049186	0.022248257
9	0.14983155	0.11039454	0.08745644	0.25215185	0.096566334	0.043696146	0.24823092	0.011672306
10	0.14495173	0.18979642	0.22078976	0.008871127	0.002134664	0.17708652	0.17562814	0.080741614
11	0.2206918	0.16024561	0.14850187	0.030724676	0.00024827974	0.12641071	0.31304464	0.00013239835
12	0.11256393	0.17883153	0.14705014	0.2716729	0.11373981	0.025213582	0.1484584	0.0024697166
13	0.10329668	0.3084407	0.28571704	0.0015625071	0.00066341547	0.28786802	0.012282122	0.00016949177
14	0.0013350183	0.0014660114	0.0136262225	0.12248652	0.25255728	0.22173686	0.091271706	0.29552045
15	0.21343762	0.27646804	0.29157844	0.007377026	0.020449754	0.06597011	0.004696731	0.12002236
16	0.11880064	0.25397247	0.22620542	0.043809053	0.1456576	0.17348503	0.03778812	0.00028170994
17	0.003043415	0.0007120062	0.0018722675	0.12052479	0.14538659	0.24428257	0.1914392	0.29273912
18	0.20561375	0.31865862	0.31320235	0.031143125	0.111962214	0.004581364	0.014725989	0.0001126379
19	0.21401556	0.3078526	0.31931856	0.003368625	0.0018140292	0.03725071	0.11616165	0.0002182165
20	0.025285844	0.05822107	0.074382365	0.062083226	0.23733279	0.27668318	0.057630602	0.20838091
21	0.070679806	0.20202917	0.15590948	0.083369724	0.2288548	0.19382325	0.06453115	0.00080256135
22	0.024070282	0.024811856	0.06652319	0.06386491	0.16599892	0.32505542	0.006669276	0.32300618
23	0.2540619	0.23122902	0.21051641	0.12759396	0.11065126	0.002065841	0.06378337	9.835286e-05
24	0.30955246	0.3227835	0.31103033	0.038751673	0.00074637594	0.00526717	0.0117656225	0.00010278929
25	0.006648886	0.0011187622	0.033149652	0.091171175	0.21938354	0.2356251	0.09130775	0.3215951
26	0.09120962	0.17563257	0.124867536	0.2784595	0.10822611	0.06586678	0.14804071	0.0076972176
27	0.16110247	0.19008566	0.17627093	0.061708674	0.028591778	0.19670534	0.18513004	0.00040520894
28	0.20991942	0.38961047	0.39333394	0.0007719426	0.0003892726	0.0032474722	0.0026392622	8.816391e-05
29	0.00034060745	0.00016339398	0.00033790135	0.16220535	0.2759457	0.16822328	0.08790037	0.30488345
30	0.07109059	0.0133024	0.02392183	0.27952605	0.24100246	0.0221647	0.23228496	0.11670706
31	0.24144766	0.024995726	0.10807318	0.067565076	0.027293632	0.23880067	0.011457159	0.2803669
32	0.13043636	0.1577589	0.1571927	0.18994857	0.005920772	0.10366558	0.25463507	0.00044202706
33	0.1492623	0.26121002	0.250482	0.18808742	0.002481828	0.029689444	0.11860783	0.00017920093
34	0.07655545	0.1590128	0.1823019	0.023628084	0.041448057	0.42593062	0.0037846484	0.08733844
35	0.04753944	0.08325153	0.13928564	0.05430941	0.19328292	0.19238156	0.02884091	0.26110864
36	0.082137465	0.12852228	0.13204381	0.063534744	0.09388999	0.20543928	0.20108047	0.093351945
37	0.20600739	0.31389338	0.30500174	0.004200143	0.0005715501	0.05377756	0.11646213	8.613824e-05
38	0.26497188	0.14061305	0.12778865	0.24135008	0.009672465	0.002744836	0.21275191	0.00010717795
39	0.32257143	0.18709153	0.21050453	0.13906084	0.00079187355	0.016411131	0.068263754	0.055304863
40	0.18599842	0.40921354	0.39608636	0.00060796307	0.00034741193	0.0066000493	0.0010740706	7.205289e-05
41	0.07596885	0.17669916	0.13614134	0.07126093	0.24517296	0.20903905	0.076904856	0.008812844
42	0.00795951	0.008689269	0.007828432	0.2683201	0.294423	0.057028007	0.21181227	0.1439394
43	0.106872566	0.12377196	0.14499943	0.024793541	0.0057844133	0.23979631	0.21816066	0.13582112
44	0.28304037	0.29785967	0.29984802	0.0020576462	0.0013145067	0.111339964	0.004250959	0.00028891105
45	0.16377488	0.17478567	0.20875913	0.04727523	0.041111678	0.11433911	0.016166387	0.23378791
46	0.2439694	0.2847076	0.26174328	0.15762608	0.0010771725	0.0006130848	0.050179992	8.338785e-05
47	0.08229303	0.17015886	0.21452393	0.0050631897	0.030943383	0.35290542	0.0026492514	0.14146289
48	0.0056963325	0.021901475	0.022061976	0.19997244	0.27899182	0.098842174	0.1868016	0.18573222
49	0.27114746	0.10333923	0.12846918	0.16762868	0.079397365	0.06399057	0.11975571	0.066271834
50	0.106925026	0.20065075	0.21791731	0.0130859865	0.034199826	0.20922664	0.0069842283	0.21101022
51	0.20920227	0.27678245	0.25504747	0.057240505	0.0012675097	0.17074156	0.029546091	0.000172144
52	0.17590076	0.41714847	0.40363073	0.00052055856	0.00026267808	0.00090343214	0.001576382	5.687285e-05
53	0.08610663	0.1362343	0.09555002	0.28683582	0.12913696	0.10059604	0.14380006	0.021740144
54	0.12332553	0.25521204	0.2623818	0.0020656248	0.0020031566	0.33304432	0.006213668	0.015753878
55	0.0309182	0.04346842	0.020145152	0.27341518	0.294318	0.035902377	0.22474408	0.07708862
56	0.004110611	0.0029223235	0.0020003798	0.269649	0.3120188	0.06427922	0.19376859	0.15125108
57	0.10985601	0.13823	0.1805617	0.009413951	0.03862515	0.2808784	0.014566277	0.22786856
58	0.32906556	0.34574136	0.3215202	0.0006667891	0.00024338298	0.0014694028	0.0012406035	5.263361e-05
59	0.113434285	0.028635748	0.07463644	0.078550376	0.048830487	0.1822656	0.24815033	0.22549674
60	0.11553347	0.29395595	0.26215658	0.045710485	0.046902638	0.22026755	0.014981324	0.0004919685
61	0.015899919	0.0031946492	0.0108549455	0.19432202	0.23282418	0.14833136	0.11925129	0.27532157
62	0.14647536	0.19357166	0.15461108	0.116203	0.23035906	0.031314418	0.12687151	0.00059391605
63	0.0010189128	0.00062881806	0.0024605917	0.164376	0.2787674	0.14105092	0.12029655	0.29140076
64	0.2522107	0.11292718	0.11364297	0.2065356	0.00106828	0.008835895	0.30359435	0.0011851192
65	0.27396312	0.2297715	0.20203961	0.07453982	0.012883776	0.1806243	0.026003724	0.0001741597
66	0.08766594	0.097112946	0.0726347	0.1274599	0.17333221	0.08279831	0.2572957	0.10170033
67	0.20679289	0.34569362	0.33345363	0.0037034187	0.051604427	0.015566626	0.0430684	0.00011695906
68	0.091727905	0.18140084	0.2044428	0.01762703	0.058834773	0.19025259	0.0037259434	0.2519881
69	0.13951358	0.25858617	0.23671731	0.15910204	0.1133429	0.034104295	0.058109064	0.0005247312
70	0.12152527	0.04492408	0.04578567	0.3102248	0.14514142	0.0041148886	0.28080553	0.04747827
71	0.07663896	0.1825541	0.15241572	0.061904855	0.23166652	0.24145041	0.04888289	0.0044865897
72	0.00018789816	0.00010970259	0.00015291054	0.17798927	0.29302007	0.10454085	0.12260845	0.30139086
73	0.23722531	0.18188444	0.16665527	0.054033652	0.00046591146	0.070590235	0.288963	0.0001821604
74	0.13260841	0.073947154	0.08174038	0.12822166	0.0581388	0.08912909	0.31231752	0.12389692
75	0.052940182	0.13728137	0.14554925	0.09237928	0.21846133	0.091217935	0.10561927	0.15655132
76	0.05306212	0.14187746	0.13453305	0.15375075	0.06369985	0.28220192	0.030907344	0.13996753
77	0.022692226	0.05274396	0.026905088	0.24345873	0.29665062	0.07955142	0.18940426	0.088593714
78	0.11676686	0.114952065	0.1832187	0.01548551	0.048837766	0.17802809	0.07315097	0.26955998
79	0.35538888	0.24788758	0.22990921	0.12440911	0.0003209602	0.001094028	0.040911186	7.9181795e-05
80	0.25692964	0.24911271	0.23856737	0.0016585944	0.0003741223	0.11867883	0.1345792	9.953623e-05
81	0.041749883	0.10553609	0.11340508	0.03320041	0.1325269	0.45395878	0.0029939655	0.11662896
82	0.17406258	0.29576412	0.28598207	0.005184662	0.008581364	0.05459602	0.1420615	0.033767663
83	0.07709521	0.0241526	0.020090476	0.26980358	0.24921134	0.046028078	0.25672817	0.05689057
84	0.040046833	0.053300366	0.113278784	0.02747098	0.090312324	0.41657373	0.0020842785	0.25693268
85	0.09613266	0.24324673	0.2261909	0.0715522	0.21698986	0.058334872	0.0873141	0.00023868968
86	0.20675905	0.4000244	0.39000314	0.0006057868	0.00028914996	0.0007437554	0.0015176032	5.7173664e-05
87	0.2646548	0.24580918	0.23211811	0.023762183	0.00024190912	0.0010632032	0.2322968	5.3899694e-05
88	0.0897723	0.16430476	0.19324118	0.01632489	0.042792954	0.28686336	0.0021023082	0.2045982
89	0.21761361	0.3952206	0.38299727	0.00071697193	0.00031904297	0.0017409817	0.0013283172	6.3297375e-05
90	0.2408172	0.12047147	0.17185602	0.06888787	0.006640882	0.20014866	0.021005461	0.17017244
91	0.19788428	0.2095201	0.20976467	0.05270968	0.1650621	0.068565406	0.04486953	0.051624212
92	0.14828819	0.09794917	0.082284465	0.11147703	0.19603729	0.27092147	0.043479044	0.04956332
93	0.21076494	0.3243977	0.30728236	0.1021548	0.02787384	0.0025387972	0.024877632	0.00010983631
94	0.1973702	0.31045344	0.29277566	0.14978258	0.0042861216	0.0050134445	0.040190645	0.0001279303
95	0.11068363	0.22843094	0.2211886	0.118160084	0.15634285	0.11846668	0.045335036	0.001392202
96	0.10609644	0.17242192	0.18015486	0.07324925	0.021636626	0.3165552	0.11873775	0.011148041
97	0.20165072	0.32211164	0.33145246	0.0029554875	0.0009977993	0.04874419	0.09194736	0.00014037194
98	0.033480313	0.007584232	0.029199162	0.14186777	0.12438287	0.23882101	0.13941035	0.2852542
99	0.25611746	0.17082833	0.13737415	0.24909163	0.0007374259	0.0004936318	0.1852665	9.076649e-05
100	0.009853435	0.003551257	0.018028341	0.041910168	0.17952496	0.36482888	0.016174247	0.36612868
101	0.25665572	0.09647731	0.15817225	0.100418895	0.01670122	0.10146764	0.039528474	0.2305785
102	0.32061413	0.18101306	0.17204688	0.22182064	0.00093067624	0.000789189	0.10266555	0.000119777025
103	0.09632825	0.0009161226	0.003906362	0.114738055	0.16986015	0.1639063	0.1508301	0.29951465
104	0.03950551	0.07800184	0.051165357	0.10130162	0.22755614	0.23841664	0.23451845	0.02953441
105	0.26365682	0.23667896	0.25731823	0.122208335	0.008699818	0.015779627	0.026417462	0.06924072
106	0.025237687	0.108431645	0.08252418	0.16921547	0.28948233	0.10043159	0.13155103	0.09312611
107	0.17320405	0.27163437	0.2417677	0.16060726	0.059101935	0.023233678	0.07028004	0.00017087859
108	0.10032276	0.20203227	0.19947624	0.09128009	0.045185704	0.17844592	0.0983712	0.084885806
109	0.30436036	0.2820064	0.27244237	0.09236537	0.014844033	0.0015326302	0.0323672	8.167247e-05
110	0.18836303	0.19061702	0.19676958	0.17367266	0.05214078	0.047644682	0.0834646	0.067327626
111	0.030318372	0.021702973	0.03750107	0.15298034	0.1921058	0.22955522	0.15949726	0.176339
112	0.02980523	0.038136434	0.07466885	0.1038947	0.12573001	0.20239964	0.13430895	0.2910562
113	0.11572311	0.116340235	0.11330879	0.05170032	0.006608885	0.23451115	0.2949323	0.06687522
114	0.03368423	0.1448327	0.085278854	0.07527106	0.24454804	0.32867226	0.031692214	0.05602063
115	0.07087719	0.13732135	0.1427873	0.048085574	0.11706333	0.29194045	0.11699061	0.074934244
116	0.20720488	0.3991382	0.38893858	0.00064257387	0.0003584614	0.0023178326	0.0013270604	7.236124e-05
117	0.010716888	0.028489351	0.06601174	0.06334814	0.20203218	0.28158656	0.049688432	0.2981267
118	0.19320056	0.2962077	0.30858895	0.005218422	0.004839787	0.14387971	0.010445718	0.037619144
119	0.07932695	0.08337921	0.14146475	0.12327565	0.10621681	0.1254583	0.079810604	0.26106772
120	0.2375937	0.15880318	0.15521435	0.037543435	0.0005648895	0.21227033	0.19772893	0.00028122182
121	0.19352163	0.19853938	0.18074931	0.092420265	0.004964726	0.32179788	0.006560964	0.0014458098
122	0.055959776	0.021193178	0.07823879	0.11466895	0.106862165	0.2009223	0.15116511	0.27098984
123	0.06587891	0.10945364	0.11867275	0.20395075	0.079737246	0.112274535	0.11587571	0.19415641
124	0.035215203	0.13802792	0.09324198	0.11084378	0.25417238	0.2300392	0.08745541	0.05100412
125	0.12423123	0.19445784	0.20967327	0.004511959	0.001467393	0.23131572	0.19772664	0.03661594
126	0.009109089	0.0023014443	0.035793193	0.066985175	0.20648223	0.30482864	0.034727573	0.33977258
127	0.24162574	0.37814277	0.37281603	0.0015355721	0.00048450602	0.0028761004	0.0024135355	0.00010580542
128	0.16503759	0.059251945	0.05363008	0.21816595	0.13439073	0.05770727	0.30302653	0.008789875
129	0.2687068	0.29726046	0.29198346	0.0012408613	0.00039946276	0.13831781	0.0019814991	0.00010969098
130	0.120393924	0.19366638	0.20659046	0.20973696	0.057539612	0.012017073	0.08404987	0.11600576
131	0.20984223	0.3451887	0.33561447	0.0037492884	0.0008353419	0.014778428	0.08987379	0.000117771684
132	0.0375773	0.10041397	0.12311879	0.08388569	0.17772236	0.15820326	0.04888499	0.27019364
133	0.03745259	0.04313713	0.0699679	0.09048343	0.09231182	0.32629338	0.081404634	0.2589492
134	0.00061420427	0.00016716178	0.0003101986	0.16337375	0.21327612	0.18264146	0.10936692	0.3302502
135	0.082551025	0.19377391	0.17353837	0.008207961	0.0552071	0.45279327	0.0034783916	0.030449983
136	0.16941439	0.31375515	0.28884038	0.022533048	0.12272617	0.046940375	0.035630155	0.00016036743
137	0.2105079	0.15877794	0.13741924	0.28602034	0.008063537	0.0006703211	0.19834524	0.00019545341
138	0.21276817	0.1689247	0.16851352	0.005117441	0.0010513265	0.39053175	0.052034434	0.0010586837
139	0.1967743	0.31308618	0.2892372	0.0010689046	0.0004969419	0.19692688	0.002265285	0.00014435957
140	0.047892507	0.13108002	0.09291584	0.14958164	0.27046943	0.14617161	0.123249106	0.038639773
141	0.30136004	0.22543506	0.2059686	0.20766976	0.00033889155	0.00041399748	0.058754057	5.9558413e-05
142	0.14175849	0.13291451	0.121113434	0.061261684	0.0016347405	0.21527395	0.30774394	0.018299295
143	0.077496015	0.25698704	0.19967666	0.009024668	0.13840567	0.31121233	0.004687321	0.0025103255
144	0.1152507	0.20651221	0.17505169	0.10858168	0.0023274077	0.24548087	0.14596294	0.0008324876
145	0.07142008	0.17732805	0.19596659	0.0056656846	0.011727758	0.3485492	0.0019943286	0.18734828
146	0.00019819551	0.00010351714	0.00017137252	0.15820748	0.29302332	0.11586679	0.11115363	0.32127568
147	0.2044318	0.14908046	0.1348634	0.2207257	0.00256601	0.042222682	0.24583182	0.00027817837
148	0.10667569	0.0011626597	0.007973835	0.17497052	0.19279368	0.08542596	0.16689172	0.2641059
149	0.040503006	0.0258526	0.10023401	0.04337273	0.14287885	0.3199427	0.00733807	0.319878
150	0.32117122	0.31713483	0.30127394	0.0019719775	0.00030403287	0.0007326698	0.057361156	5.0150764e-05
151	0.19721955	0.12826113	0.089368775	0.27838534	0.07101711	0.08467532	0.1500027	0.0010701098
152	0.17426036	0.28574744	0.2750751	0.17725532	0.0040541547	0.003352317	0.08015203	0.00010329583
153	0.21495937	0.23952834	0.22273369	0.19831048	0.0039976733	0.06663079	0.05366526	0.00017441642
154	0.106238365	0.22900961	0.234332	0.0039073704	0.029749176	0.357309	0.008615351	0.0308391
155	0.24113153	0.15393527	0.21107544	0.061484005	0.012021132	0.09061855	0.0020188023	0.22771522
156	0.22315523	0.34954453	0.34372893	0.0012907193	0.00051370607	0.0095157195	0.07216133	8.9859124e-05
157	0.16792503	0.2095514	0.2193174	0.042287566	0.12987569	0.08982311	0.02588104	0.115338705
158	0.002803324	0.0009635052	0.0023565332	0.16041124	0.24934992	0.09747285	0.24133588	0.24530682
159	0.16997695	0.109185375	0.17514387	0.0732292	0.072187826	0.108885504	0.027306313	0.26408496
160	0.0123653	0.0006567195	0.0017359904	0.19571786	0.2558458	0.123496465	0.117579736	0.2926022
161	0.13642746	0.13137117	0.1354518	0.107690975	0.031491563	0.14439622	0.3126319	0.0005389311
162	0.18884149	0.38978744	0.37444505	0.0008677433	0.00044397864	0.043220412	0.0022908368	0.00010293167
163	0.20518121	0.17931648	0.18144019	0.20631316	0.039000202	0.033119272	0.08395759	0.07167189
164	0.12642382	0.2062397	0.23749937	0.010821445	0.017968563	0.20342286	0.10177852	0.0958457
165	0.0015770921	0.0009102825	0.0015125504	0.11687689	0.23941806	0.2558684	0.08473137	0.29910532
166	0.14014265	0.13112159	0.19077548	0.009549807	0.059201125	0.20543404	0.004199262	0.25957602
167	0.09923779	0.22037031	0.21813165	0.009891297	0.057448015	0.21352999	0.0044704597	0.17692046
168	0.08816372	0.018850967	0.03709636	0.14816603	0.06749989	0.11438624	0.29051408	0.23532279
169	0.338949	0.32734123	0.3063695	0.0012570942	0.00033488893	0.023723781	0.0019411003	8.349005e-05
170	0.21266466	0.39747936	0.38364267	0.0010338243	0.0006843534	0.0013584178	0.003055183	8.1602e-05
171	0.10216325	0.23115426	0.23779714	0.0035396279	0.03549284	0.23033515	0.0037198998	0.15579787
172	0.19085835	0.26848137	0.26539087	0.0024512545	0.025329852	0.116139345	0.0050801407	0.12626882
173	0.32024086	0.32831115	0.32315403	0.025612261	0.00030589203	0.00038510174	0.0019565655	3.4149994e-05
174	0.17939956	0.17844407	0.15489918	0.18653356	0.0018282329	0.004757408	0.29381818	0.00031969903
175	0.08383284	0.08324309	0.10087049	0.25216627	0.21177043	0.01803478	0.1276339	0.12244821
176	0.10872277	0.20076476	0.19366945	0.016717453	0.13242044	0.189261	0.021567242	0.13687685
177	0.03492287	0.14824274	0.08167298	0.16720125	0.1992348	0.28029105	0.059490625	0.02894369
178	0.1231416	0.34886333	0.33854353	0.00071592466	0.0004479642	0.18672313	0.0014141441	0.0001504644
179	0.30003726	0.20578651	0.17979826	0.2009083	0.0029994457	0.0024135737	0.107954465	0.000102127255
180	0.15352082	0.12232033	0.14128782	0.057905618	0.0023825776	0.14318055	0.29438603	0.08501635
181	0.060634185	0.1237153	0.09808115	0.06562601	0.1420453	0.35009187	0.109964006	0.04984212
182	0.2881808	0.28486565	0.27410176	0.10996571	0.00039565266	0.0005681177	0.041863207	5.909261e-05
183	0.12951015	0.08844172	0.15248393	0.09486885	0.07664621	0.09965026	0.121839084	0.23655981
184	0.07449382	0.023851022	0.07605795	0.07202185	0.15976499	0.12351495	0.1872843	0.28301108
185	0.22572045	0.09633453	0.09828213	0.13979515	0.003965657	0.060969573	0.32100838	0.05392407
186	0.18147059	0.3414354	0.33254763	0.0015472389	0.0008088896	0.13996331	0.0020986928	0.00012814066
187	0.1695928	0.25450927	0.2706587	0.002576995	0.0049813534	0.16421768	0.037027005	0.09643614
188	0.017697904	0.0055526095	0.013047205	0.23737545	0.26822108	0.1307087	0.13709833	0.19029872
189	0.08754218	0.20644413	0.17831367	0.093984984	0.018008903	0.26650238	0.14805026	0.0011534328
190	0.2640214	0.24299583	0.23156871	0.11311426	0.02322675	0.07387361	0.050894406	0.0003050852
191	0.025956856	0.07965172	0.11489572	0.031916413	0.19480126	0.23612013	0.03205074	0.28460714
192	0.36786842	0.25743344	0.2515949	0.08351316	0.0003203536	0.0071137	0.032079294	7.671329e-05
193	0.26856405	0.3186429	0.31850725	0.002326257	0.0010325838	0.08706177	0.0037430401	0.00012204946
194	0.13201232	0.1741728	0.20832728	0.0031210477	0.023923116	0.1996056	0.002535503	0.25630236
195	0.2173818	0.20096433	0.23954852	0.016898936	0.0016407457	0.07495994	0.16132559	0.087280095
196	0.13083051	0.23266892	0.21379083	0.16836023	0.016744021	0.16336638	0.073948376	0.0002907977
197	0.09294985	0.13029432	0.1503054	0.07799537	0.011581292	0.26041567	0.19557557	0.08088253
198	0.18821949	0.16784807	0.1744165	0.09024628	0.16035764	0.079001516	0.053248975	0.08666145
199	0.26304007	0.2870411	0.26287502	0.15759647	0.0008022387	0.002980548	0.02558288	8.1743856e-05
200	0.10482843	0.0735571	0.045080066	0.218954	0.30290753	0.050585598	0.16654234	0.03754496
201	0.17067845	0.10291596	0.10402072	0.1516782	0.19509174	0.069524266	0.09736813	0.108722575
202	0.12611271	0.13974674	0.094937354	0.0877977	0.18176493	0.19853655	0.17029308	0.00081099337
203	0.19031014	0.07296699	0.13005987	0.078452125	0.0360903	0.24264444	0.004536004	0.24494018
204	0.024972236	0.044778593	0.043708213	0.25860474	0.27828875	0.035583794	0.17774415	0.13631955
205	0.05078505	0.14562996	0.16953447	0.006270102	0.06066509	0.3514803	0.005795947	0.20983905
206	0.13977356	0.26729533	0.2641476	0.03279702	0.18707083	0.07227025	0.03622929	0.0004160894
207	0.17188537	0.2974542	0.27449808	0.016374802	0.0014893397	0.15715508	0.08096219	0.00018090667
208	0.10796968	0.1301579	0.18447627	0.008907584	0.04247429	0.25702175	0.013119454	0.25587302
209	0.03868409	0.0010395652	0.0024294672	0.20208165	0.12840034	0.100735314	0.25547206	0.27115756
210	0.079745874	0.25513726	0.2502008	0.001314011	0.0011700469	0.3960956	0.0020773406	0.014259105
211	0.20443259	0.31033665	0.3263615	0.0022137878	0.021454224	0.09192205	0.0043284465	0.038950827
212	0.042332496	0.036712065	0.08893972	0.056292094	0.089958906	0.35585046	0.005468559	0.32444572
213	0.2195531	0.3962847	0.38112938	0.00057132496	0.00025674238	0.0010726097	0.0010766689	5.542178e-05
214	0.22297515	0.24989557	0.26821786	0.018154493	0.0009773385	0.029158013	0.21011226	0.00050927635
215	0.14123195	0.16017717	0.13293315	0.04368051	0.121134214	0.34838822	0.006728988	0.045725804
216	0.2092253	0.25282845	0.24540338	0.04364861	0.081877016	0.09084532	0.02050467	0.05566733
217	0.09898349	0.03248302	0.026832791	0.21443434	0.26172656	0.045528945	0.20366687	0.11634399
218	0.100386865	0.2770268	0.24956024	0.005317434	0.055261996	0.25980207	0.0065182126	0.04612635
219	0.07164764	0.15137333	0.19205064	0.040235955	0.15547748	0.18355551	0.025914583	0.17974487
220	0.0512653	0.036211118	0.15385185	0.035053577	0.14013073	0.19254567	0.0685409	0.32240093
221	0.2708956	0.17320971	0.12481809	0.16693023	0.0006408277	0.0006377198	0.26279154	7.625689e-05
222	0.09329772	0.1909569	0.2301453	0.0019673572	0.0086822845	0.26540568	0.0013239275	0.20822078
223	0.28533047	0.23331115	0.20277491	0.029011257	0.00074128364	0.23867819	0.009945359	0.00020741118
224	0.20802242	0.2576388	0.24372947	0.08426278	0.0010209697	0.20054618	0.00459087	0.0001885669
225	0.14608352	0.29934546	0.28969663	0.0009793647	0.00060430303	0.26054248	0.0025841107	0.00016416109
226	0.091179244	0.14477761	0.107250616	0.29765397	0.17668949	0.0021442687	0.15366639	0.026638445
227	0.107726686	0.10821447	0.09333916	0.24748139	0.16826744	0.019837307	0.24166389	0.0134697035
228	0.25561395	0.36820975	0.35769036	0.007520845	0.0009857534	0.0027019056	0.0071729207	0.000104483755
229	0.10526616	0.04205555	0.111644685	0.085498735	0.05464429	0.14012681	0.23547664	0.22528715
230	0.33249363	0.3371303	0.3251855	0.0027209574	0.00024264546	0.0004937123	0.0016909619	4.224988e-05
231	0.16603811	0.26899514	0.26234797	0.037737973	0.08285717	0.054975674	0.12689468	0.00015321623
232	0.1661115	0.16197833	0.13653666	0.2680936	0.077677235	0.0043877196	0.18485406	0.00036088223
233	0.30501378	0.29345948	0.28029415	0.057488233	0.0005565026	0.0018006109	0.061304938	8.224074e-05
234	0.35851017	0.2641126	0.23813723	0.111116685	0.0002584119	0.0005253125	0.027291548	4.8171176e-05
235	0.24645373	0.17767258	0.16409713	0.15363228	0.0050250515	0.005809708	0.2458518	0.0014577879
236	0.3024352	0.3473141	0.3450907	0.002009063	0.0005047259	0.00087040034	0.0017227011	5.3175278e-05
237	0.100354366	0.18817146	0.16660243	0.03427123	0.025898905	0.37608093	0.08124629	0.02737431
238	0.1620948	0.24133754	0.2315056	0.15980835	0.0052303392	0.009615409	0.19021697	0.00019093696
239	0.030393807	0.015194654	0.010095429	0.25932983	0.29532775	0.049237963	0.18589933	0.15452126
240	0.26267526	0.14391719	0.19238152	0.03226721	0.0016222703	0.21756896	0.0038842112	0.14568338
241	0.191264	0.14039728	0.10677479	0.17198403	0.104729846	0.014008195	0.27052072	0.00032115416
242	0.27161443	0.3622298	0.36260015	0.0007947693	0.0005489776	0.00082210114	0.0013236975	6.6011075e-05
243	0.2493393	0.21470709	0.19900748	0.029083917	0.014731189	0.2888876	0.0038436411	0.00039978942
244	0.15348426	0.23442826	0.21295096	0.043385666	0.14580907	0.17023392	0.033816494	0.0058914023
245	0.00082610437	0.00022408004	0.00048521647	0.23031078	0.25835192	0.09488621	0.11334113	0.30157462
246	0.00076377066	0.001118996	0.00067974033	0.25227165	0.31737503	0.053889707	0.19436315	0.17953795
247	0.070910975	0.030446945	0.10415652	0.12171348	0.097277455	0.11434992	0.20628682	0.2548578
248	0.13031317	0.12975352	0.115268566	0.035731684	0.004752649	0.30514044	0.27169544	0.007344573
249	0.32739946	0.27636915	0.26223257	0.019163687	0.00031774607	0.0022923227	0.11216312	6.1837345e-05
250	0.14349446	0.24505931	0.23769921	0.0017640883	0.0006021948	0.16072148	0.21048696	0.00017233726
251	0.014783915	0.00052188704	0.00084783457	0.114745334	0.15608552	0.15214318	0.2709062	0.28996608
252	0.030314889	0.0015487734	0.0025103486	0.26647416	0.23679143	0.050750867	0.2115925	0.20001705
253	0.14583695	0.23634654	0.21739443	0.02980832	0.09947351	0.21205328	0.058864366	0.00022264263
254	0.05987388	0.15719515	0.12575872	0.06870184	0.22664627	0.29423213	0.028676014	0.03891598
255	0.0063792216	0.0012814136	0.0027620078	0.22076112	0.24330711	0.13344534	0.12597342	0.26609045
256	0.1387079	0.0017713202	0.025294082	0.092338026	0.1571272	0.23852669	0.044140372	0.3020944
257	0.33912668	0.32607266	0.31360936	0.002558647	0.00035086012	0.0008655346	0.017357837	5.840097e-05
258	0.22113724	0.20346327	0.18308267	0.029428959	0.00043857924	0.14160341	0.22072795	0.000117886535
259	0.23244856	0.25016785	0.25534052	0.012735307	0.0048327083	0.18647118	0.0064904895	0.051513337
260	0.07404852	0.19305846	0.17188963	0.010072262	0.033596125	0.46203327	0.011022418	0.04427928
261	0.087516114	0.14489931	0.11069685	0.12499022	0.21171823	0.09749396	0.22154313	0.0011422887
262	0.29758963	0.2842866	0.26211336	0.10307239	0.008606287	0.005505507	0.038722917	0.0001033294
263	0.07534123	0.19641918	0.20627221	0.013433849	0.045227546	0.2189138	0.018250758	0.22614141
264	0.08795871	0.15515468	0.11734954	0.08738762	0.15606223	0.15733847	0.23599863	0.002750234
265	0.10194295	0.16424276	0.19157553	0.05866907	0.1756128	0.060200587	0.12293795	0.124818265
266	0.07073015	0.13912849	0.10039758	0.1231977	0.17995174	0.30731547	0.038171966	0.04110685
267	0.07447373	0.095833115	0.132124	0.01267622	0.08176603	0.29597774	0.012548985	0.29460016
268	0.3111853	0.30028197	0.2977177	0.038529925	0.0010305457	0.012341266	0.038818967	9.431136e-05
269	0.13257186	0.33356345	0.32471275	0.0012873416	0.0010850612	0.17005111	0.001799292	0.034929138
270	0.27645278	0.25830925	0.23878522	0.056774918	0.0008682478	0.006162856	0.16257049	7.621367e-05
271	0.12225442	0.16715266	0.18456997	0.01215316	0.003929691	0.3848251	0.114926554	0.010188428
272	0.1431806	0.29835075	0.2615212	0.008742267	0.16648205	0.103400744	0.0181164	0.00020602845
273	0.15509166	0.010573135	0.06188592	0.13221212	0.10001266	0.15551665	0.11049032	0.27421755
274	0.05687699	0.20888524	0.21328773	0.0020592008	0.001603384	0.45017353	0.0027085443	0.064405404
275	0.17264408	0.26975533	0.24030915	0.027213423	0.15699579	0.0806118	0.051608857	0.00086158986
276	0.0013557656	0.00030681954	0.00068031054	0.16260281	0.21652083	0.14037918	0.16455624	0.3135981
277	0.3771936	0.31477755	0.30269948	0.0021305296	0.0002422957	0.00051916996	0.0024022213	3.521196e-05
278	0.19636913	0.32152876	0.3094778	0.062139124	0.034509365	0.04519863	0.03062483	0.00015235951
279	0.30577764	0.1701388	0.16300529	0.2309973	0.0024147045	0.00089611096	0.12665255	0.00011758358
280	0.30322623	0.34894392	0.34422672	0.0008991194	0.00029537987	0.0010536244	0.0012926764	6.233297e-05
281	0.075743765	0.102211796	0.08682465	0.060911223	0.15617706	0.2881444	0.21169777	0.018289257
282	0.08852605	0.14374079	0.17485741	0.031778432	0.0540542	0.27197075	0.037373584	0.19769874
283	0.14103422	0.10058875	0.18425912	0.02367292	0.06276243	0.19063903	0.0035065003	0.29353708
284	0.3195724	0.30104816	0.28812927	0.014289766	0.00029674044	0.00094729813	0.07565223	6.427038e-05
285	0.16570881	0.26255605	0.23669018	0.016025135	0.05143638	0.24977724	0.017562348	0.00024387673
286	0.016444022	0.039883804	0.037496712	0.12869644	0.26114133	0.20717116	0.13662687	0.1725396
287	0.20893772	0.21028903	0.19127232	0.03399492	0.00045119127	0.037461486	0.31741986	0.00017350353
288	0.27734697	0.30069268	0.2836044	0.00096495176	0.0003512079	0.13488308	0.0020636164	9.29997e-05
289	0.13395314	0.1658498	0.15846844	0.04430591	0.011004753	0.21988258	0.26543966	0.0010958358
290	0.08643949	0.21637042	0.19088261	0.013877176	0.13368732	0.3408657	0.0065626414	0.011314585
291	0.0051959907	0.0004883928	0.0010949575	0.21751077	0.20016062	0.12032109	0.16296914	0.29225913
292	0.1012042	0.15724017	0.2093815	0.007562918	0.08673689	0.16688994	0.0068503	0.26413414
293	0.067054465	0.19888185	0.15136828	0.117894575	0.2769603	0.050448827	0.13568178	0.0017099053
294	0.13188784	0.2744274	0.26396537	0.022702634	0.015305559	0.2878548	0.0034570836	0.00039923884
295	0.056062065	0.07203279	0.14640237	0.0452796	0.17597947	0.20256121	0.027693285	0.2739892
296	0.29566437	0.27170053	0.2558737	0.08437065	0.0468662	0.018396106	0.026972119	0.00015636877
297	0.14708646	0.3545309	0.3210997	0.0006716216	0.00039692916	0.17448306	0.0016286334	0.00010270108
298	0.11823121	0.14150222	0.0923655	0.24019071	0.038802598	0.18233582	0.18096006	0.0056119515
299	0.29440483	0.31714654	0.30041817	0.06666797	0.00065337506	0.0016815355	0.01895259	7.5035015e-05
300	0.122284815	0.15084241	0.14356516	0.10574905	0.13444564	0.050097525	0.27725065	0.015764697
301	0.018360863	0.022003742	0.05584135	0.18235935	0.2325391	0.1322151	0.11527396	0.24140656
302	0.0861628	0.22466491	0.19994399	0.0042558108	0.013157831	0.43982366	0.00981316	0.022177773
303	0.33120185	0.32492018	0.3134534	0.024499787	0.0004268955	0.0013685221	0.004067757	6.165786e-05
304	0.10897692	0.17369135	0.19267529	0.018281534	0.005136283	0.255118	0.1888442	0.057276376
305	0.09448118	0.10600262	0.1442222	0.025591599	0.020679954	0.1938836	0.23801936	0.17711954
306	0.009696733	0.0009578998	0.0018563707	0.23029883	0.180272	0.100505464	0.20102376	0.27538896
307	0.24550985	0.09834233	0.14928633	0.10005502	0.01053496	0.15957256	0.028801156	0.2078979
308	0.026228545	0.030305559	0.036296602	0.23372301	0.22242314	0.12715505	0.18169796	0.14217013
309	0.2211282	0.18164204	0.17253172	0.12563694	0.00050511735	0.010139268	0.28828067	0.0001360422
310	0.08228225	0.14796878	0.11375162	0.27595994	0.18903399	0.015886178	0.15758924	0.017527942
311	0.083014116	0.09159552	0.09194031	0.2420135	0.15308526	0.0057502585	0.22312576	0.10947533
312	0.1364488	0.22207798	0.23599415	0.005396573	0.09510597	0.1254736	0.016049564	0.1634533
313	0.30786565	0.18927294	0.18307132	0.08716006	0.0005396084	0.06763583	0.16419311	0.0002613967
314	0.048875086	0.06654779	0.11821929	0.062633306	0.20899582	0.19240959	0.052374043	0.24994515
315	0.20624202	0.26768744	0.25445393	0.0038618587	0.001128068	0.26310584	0.0033231594	0.00019757595
316	0.31302714	0.34675604	0.33389264	0.0018838446	0.0006217236	0.0015076958	0.0022513415	5.9596863e-05
317	0.11641899	0.07677817	0.06285913	0.20555408	0.15405689	0.03921516	0.312743	0.032374572
318	0.0919739	0.016880365	0.022167742	0.3030191	0.21376187	0.008046015	0.22516868	0.1189824
319	0.08072062	0.24084152	0.21848564	0.009400508	0.0036204294	0.4323202	0.0022210875	0.012389961
320	0.086578764	0.18430169	0.17024796	0.13896994	0.24007292	0.06472965	0.088486195	0.026612813
321	0.13516752	0.26682472	0.24837223	0.03160344	0.16454507	0.12627244	0.02694534	0.00026924303
322	0.3239128	0.32932588	0.31228578	0.0010892681	0.00027108123	0.0019200162	0.031140644	5.4490934e-05
323	0.17550579	0.18706718	0.16412531	0.18369444	0.0016288359	0.0045554717	0.2831983	0.00022463451
324	0.17722075	0.21167578	0.18598662	0.13584879	0.029485397	0.12904996	0.13050613	0.00022651034
325	0.25274834	0.36889446	0.35232586	0.015921036	0.00088480796	0.0017478622	0.007387242	9.035466e-05
326	0.25365123	0.095175624	0.12565777	0.22274369	0.056405056	0.040077917	0.08742485	0.11886388
327	0.13664062	0.26594606	0.2960326	0.0007550887	0.0015044924	0.1522351	0.0009987031	0.1458873
328	0.09310837	0.024698917	0.05233619	0.097701296	0.09041373	0.2811771	0.08527235	0.27529207
329	0.23993829	0.34544823	0.34192768	0.00963169	0.00080844515	0.0039234734	0.05823691	8.525507e-05
330	0.031638015	0.14493936	0.09263251	0.13148715	0.2688438	0.18585269	0.093239285	0.051367227
331	0.25999624	0.29519758	0.27378044	0.024871483	0.028872717	0.105914235	0.011184735	0.00018265676
332	0.22330773	0.26407978	0.25736588	0.1483244	0.0010184466	0.012568493	0.093218766	0.00011648071
333	0.067389816	0.10539607	0.15243033	0.021701278	0.085719764	0.3498671	0.0022280137	0.21526758
334	0.24554361	0.19976625	0.17805235	0.2660009	0.0019022771	0.00061248906	0.10801725	0.0001048665
335	0.074787796	0.14573848	0.1501002	0.03794549	0.08321369	0.1693521	0.14681262	0.19204962
336	0.23423274	0.0072628655	0.057603315	0.16200137	0.08592259	0.09399656	0.08723113	0.2717494
337	0.059698787	0.12182945	0.07820872	0.13574222	0.26697105	0.18336329	0.111820064	0.042366512
338	0.061134037	0.08259557	0.16364266	0.036613587	0.07598962	0.24259375	0.050124817	0.287306
339	0.17450522	0.2599076	0.23740771	0.13032214	0.09477546	0.025310354	0.07761091	0.0001605206
340	0.17012691	0.3114164	0.29927284	0.0012233629	0.0006071543	0.21503033	0.0021750822	0.00014805648
341	0.17571932	0.02359979	0.072773166	0.12611365	0.095089614	0.19028047	0.039381254	0.27704278
342	0.0014466052	0.0007288438	0.001908562	0.13952944	0.25855717	0.22834916	0.0846268	0.28485337
343	0.00012429307	5.543994e-05	7.369187e-05	0.15811089	0.28375885	0.12292151	0.098787926	0.33616742
344	0.10368111	0.015756028	0.07487101	0.08745046	0.12808189	0.26097462	0.024039118	0.30514574
345	0.005390266	0.0013749452	0.0045658546	0.21096842	0.2452557	0.12992197	0.11613521	0.28638765
346	0.14129098	0.2343707	0.21918043	0.0049274946	0.0009934515	0.2614385	0.13749237	0.00030602943
347	0.18262634	0.051654328	0.10308455	0.11474853	0.06790262	0.21393712	0.023078708	0.24296783
348	0.14668742	0.17941706	0.16073683	0.079530716	0.14912389	0.15041523	0.1337697	0.0003190971
349	0.10311313	0.16847186	0.13813888	0.24938202	0.17779961	0.014672576	0.14649236	0.0019295248
350	0.009501062	0.0012540019	0.0033304172	0.1431755	0.14434771	0.23570792	0.1746135	0.2880699
351	0.20973769	0.3985518	0.38911182	0.00049195247	0.00024986936	0.00040783422	0.0014101862	3.8845734e-05
352	0.10183404	0.10623592	0.08709034	0.25323933	0.2594838	0.022646483	0.15234011	0.017129978
353	0.00060766324	0.000420013	0.000685492	0.23847163	0.29878697	0.07318726	0.15243883	0.23540209
354	0.09954197	0.1385973	0.09094342	0.2196446	0.13123378	0.049058516	0.26123855	0.009741847
355	0.09953896	0.22916397	0.21184175	0.05057108	0.120026544	0.26073307	0.025530398	0.0025943203
356	0.0737602	0.1541036	0.12278966	0.09942667	0.23761451	0.098248616	0.20971167	0.004345075
357	0.16470164	0.27680004	0.25506932	0.12560463	0.020394562	0.116865106	0.040333174	0.00023151343
358	0.20937316	0.17404938	0.17635706	0.23742229	0.042125467	0.015772885	0.079527356	0.06537234
359	0.2636896	0.37478307	0.3584891	0.0007012535	0.0003076513	0.00073950307	0.0012316896	5.8168407e-05
360	0.28856304	0.33291492	0.32227477	0.01122219	0.00050684984	0.00095238764	0.043509573	5.6367237e-05
361	0.104305126	0.19586271	0.169248	0.09113472	0.17641807	0.11872501	0.14382595	0.00048045014
362	0.35437292	0.2175946	0.21489294	0.164831	0.00038558504	0.0010734493	0.04677924	7.027245e-05
363	0.1743165	0.359606	0.35330665	0.0014801938	0.0014940406	0.10736241	0.002340167	9.413756e-05
364	0.10642923	0.03907645	0.09955645	0.043104284	0.06104843	0.2814437	0.091479704	0.2778618
365	0.0032776522	0.0011430648	0.010374778	0.15497096	0.22215314	0.22956087	0.07652334	0.30199626
366	0.327624	0.288738	0.2689708	0.075318955	0.00053542346	0.0022342608	0.03650381	7.484062e-05
367	0.1992498	0.338243	0.32418436	0.0063226945	0.033230852	0.07115516	0.027468355	0.00014572074
368	0.05344113	0.091566674	0.12795773	0.06599472	0.18701655	0.2150191	0.034978054	0.22402593
369	0.12116316	0.22825326	0.21321775	0.20400031	0.026205974	0.14203921	0.06476791	0.00035240068
370	0.20228954	0.032748576	0.08085718	0.20435551	0.07227574	0.086423516	0.09713609	0.22391376
371	0.06461997	0.14078768	0.18092358	0.01843364	0.09908788	0.20033382	0.024416413	0.27139702
372	0.25801682	0.14371109	0.1326812	0.23704213	0.0010654029	0.0025738862	0.22479834	0.0001111681
373	0.17484474	0.31772742	0.2914646	0.104383156	0.0024948209	0.08949855	0.019386753	0.00019995152
374	0.11634064	0.17815831	0.21930405	0.004140845	0.028217694	0.2808428	0.0023114132	0.17068425
375	0.16030014	0.156624	0.1421874	0.25943816	0.100237146	0.002446655	0.16130373	0.017462676
376	0.150959	0.28832814	0.2718786	0.011346812	0.0014391944	0.21279858	0.06304176	0.00020792079
377	0.13938719	0.16506267	0.17849463	0.020253401	0.011209993	0.44722337	0.0020724535	0.036296245
378	0.16977347	0.24318464	0.2298612	0.14133573	0.00078024	0.0058482713	0.20908011	0.00013629558
379	0.008585928	0.01590098	0.012850545	0.24218404	0.2893006	0.14657132	0.15573813	0.12886846
380	0.15988807	0.3208872	0.3118634	0.0007587462	0.00036340987	0.20288482	0.0032298032	0.00012455005
381	0.009287317	0.02457337	0.04803555	0.12902734	0.26147893	0.21483627	0.07772202	0.23503916
382	0.0020738647	0.0005496107	0.0009421502	0.1939018	0.2738145	0.14006685	0.11666927	0.27198195
383	0.118488416	0.32788065	0.31843418	0.0006941964	0.0004359351	0.23209569	0.0018431324	0.00012774458
384	0.11924013	0.15241016	0.13805991	0.076701805	0.023779698	0.22341962	0.26504502	0.0013436284
385	0.17122923	0.1645275	0.16817287	0.15133464	0.001145821	0.049973987	0.29339555	0.00022038231
386	0.18787661	0.40581667	0.3884531	0.00082514953	0.000435649	0.013014847	0.0034616764	0.00011629617
387	0.17066152	0.32001013	0.30672312	0.0033550248	0.037287083	0.11529028	0.046539675	0.00013316613
388	0.2501714	0.20594129	0.1926732	0.0065149963	0.00041601644	0.22149658	0.12263644	0.0001500819
389	0.00032791402	0.00010681664	0.00017189402	0.16073835	0.25087827	0.1204529	0.13861902	0.3287048
390	0.17140001	0.16658361	0.13245416	0.2567271	0.0026644724	0.00058405835	0.26943284	0.00015379307
391	0.11422699	0.026429705	0.09244201	0.072926015	0.13257931	0.14245345	0.1435384	0.2754041
392	0.14879017	0.3098278	0.30517212	0.0027826382	0.01842066	0.19983077	0.014886135	0.0002896432
393	0.15767401	0.21497487	0.18626764	0.1792635	0.011305176	0.22375694	0.02585063	0.0009071918
394	0.13863674	0.15714458	0.19404134	0.043977033	0.03910091	0.2675712	0.00771999	0.15180823
395	0.14813986	0.18339957	0.18418494	0.066496536	0.002017452	0.082824476	0.28920367	0.043733556
396	0.13421963	0.2616605	0.2651198	0.0032490713	0.039160147	0.2244729	0.0040937834	0.068024166
397	0.040093735	0.005381073	0.07574146	0.07145907	0.15583548	0.19155474	0.15084282	0.30909166
398	0.26254913	0.23844515	0.25056058	0.03004232	0.0016323135	0.078139596	0.015477264	0.123153664
399	0.12688291	0.21664625	0.20675674	0.006255465	0.0010524545	0.22841974	0.21350859	0.00047784374
400	0.0010091965	0.00030864132	0.0011167709	0.08848751	0.18268684	0.2627168	0.13785644	0.32581773
401	0.12807226	0.05119903	0.039756943	0.26059	0.2754832	0.005127974	0.20107703	0.03869352
402	0.06387441	0.0007224923	0.0029950074	0.17305955	0.2678094	0.10946633	0.10649159	0.27558124
403	0.28737295	0.3414846	0.3229664	0.0006521225	0.00030476865	0.04600394	0.0011410387	7.4126736e-05
404	0.086494215	0.16341098	0.12078518	0.102791525	0.15652563	0.12326864	0.24554497	0.0011788346
405	0.21804355	0.3562975	0.34948424	0.0048365113	0.03943491	0.019535692	0.012206041	0.00016153764
406	0.10032876	0.15779711	0.14704627	0.24893087	0.18290237	0.007638235	0.153489	0.0018673623
407	0.0094316425	0.005371029	0.011622159	0.23898824	0.25096172	0.13839759	0.12750448	0.21772315
408	0.1611609	0.34630013	0.3195403	0.0011867099	0.00052655226	0.15874021	0.012402621	0.00014251952
409	0.17995901	0.097890764	0.117313735	0.038669977	0.0029686815	0.29320464	0.19404025	0.07595286
410	0.21132	0.24983911	0.23066796	0.21008031	0.013622266	0.0037469445	0.08054185	0.00018153734
411	0.22473842	0.39703932	0.37166327	0.0013338653	0.0008664836	0.0012979998	0.0029758709	8.481637e-05
412	0.0010484285	0.0010023867	0.0013038057	0.19554776	0.2765384	0.18255413	0.106534034	0.23547104
413	0.3495405	0.2672745	0.26513565	0.06388369	0.00066767685	0.03308037	0.02028436	0.00013329272
414	0.038266525	0.08426899	0.058043353	0.2612804	0.22101597	0.15299883	0.12699276	0.057133175
415	0.22166818	0.3585142	0.35529774	0.0021505938	0.00084609695	0.026239825	0.035173446	0.00010982008
416	0.03824632	0.06625606	0.11266688	0.05240782	0.108498394	0.27566913	0.048412055	0.29784343
417	0.0658827	0.018142665	0.06975155	0.18984324	0.16089499	0.16087155	0.067359954	0.26725337
418	0.3227338	0.34194872	0.3233568	0.0017398237	0.0004548367	0.0057794233	0.003906931	7.9601865e-05
419	0.1353215	0.25271997	0.22895062	0.20859022	0.06955789	0.015330258	0.0892503	0.00027925338
420	0.10816868	0.24318285	0.20453696	0.024812723	0.11319122	0.29683515	0.0074635316	0.0018087797
421	0.22617257	0.37342396	0.35947603	0.00066219526	0.00033695714	0.0007215802	0.039153848	5.2759267e-05
422	0.21113612	0.1595028	0.12980187	0.16791667	0.055453014	0.2055639	0.07013689	0.00048862875
423	0.036086857	0.19882868	0.159356	0.012316508	0.127543	0.32409796	0.004855945	0.13691507
424	0.2275503	0.1714575	0.17571896	0.040345628	0.00036889722	0.09553238	0.288833	0.0001934368
425	0.11143496	0.09170339	0.074812576	0.24133062	0.16329099	0.017224647	0.28635216	0.013850662
426	0.10476047	0.2861362	0.27553898	0.0013175771	0.0009594801	0.32447237	0.0065197023	0.0002952023
427	0.16694872	0.11523799	0.16649297	0.021176655	0.036813837	0.21731022	0.005780083	0.27023953
428	0.19809024	0.1553261	0.19827582	0.025049271	0.0054715746	0.29758027	0.0030954594	0.11711138
429	0.08992841	0.14517684	0.17261873	0.04985765	0.06253743	0.21866822	0.011609178	0.24960363
430	0.14071022	0.1275095	0.13623372	0.030636592	0.001179783	0.27863753	0.25864765	0.026445083
431	0.016175704	0.02850505	0.014615475	0.2740847	0.29799703	0.038449425	0.21323948	0.11693317
432	0.18079479	0.22180693	0.20310201	0.024704115	0.0029253922	0.22218446	0.14416805	0.00031422713
433	0.083281346	0.14615662	0.12520887	0.23558453	0.21190299	0.006567621	0.18950173	0.0017962671
434	0.0039350004	0.0009954177	0.0038505737	0.089234285	0.19884828	0.22992867	0.19379497	0.2794128
435	0.13034807	0.27972907	0.24863671	0.095931135	0.14644547	0.024854098	0.07380385	0.00025161475
436	0.2288931	0.19338652	0.21563545	0.013242588	0.0034049817	0.18849817	0.007875084	0.14906411
437	0.12633586	0.24747722	0.24055724	0.011115245	0.0062887385	0.1651926	0.13089693	0.07213613
438	0.2929433	0.19100942	0.16228206	0.22237659	0.0136761675	0.0009997699	0.11658646	0.00012623522
439	0.11481077	0.044962972	0.09003538	0.1580411	0.051938847	0.06109273	0.3054197	0.17369847
440	0.09219553	0.20433475	0.22811927	0.0050595733	0.032719724	0.28399095	0.003055534	0.15052463
441	0.16105522	0.11977019	0.12476947	0.08776305	0.18101494	0.099648446	0.046871424	0.1791073
442	0.07103781	0.14140247	0.16700374	0.029450834	0.06264926	0.25726685	0.004497666	0.26669127
443	0.10353671	0.2651192	0.23172052	0.008504194	0.09083903	0.28097707	0.008485155	0.01081813
444	0.08242366	0.16406281	0.15419625	0.07707869	0.22193308	0.22095726	0.03636326	0.04298501
445	0.36692935	0.32381454	0.30356112	0.0017758016	0.00029406062	0.0015032024	0.0020633086	5.8726666e-05
446	0.16180675	0.2267057	0.21081714	0.088643834	0.0018806502	0.054149266	0.21945618	0.036540456
447	0.07487649	0.19151129	0.1758568	0.07489035	0.22889185	0.19303736	0.058190625	0.0027452742
448	0.09446409	0.17533518	0.15040258	0.06934466	0.12352391	0.22283697	0.16328011	0.0008124487
449	0.09208159	0.13531676	0.18065678	0.06842885	0.06384622	0.10448036	0.10162346	0.25356597
450	0.12114976	0.069618866	0.044614904	0.24168442	0.2534329	0.02297875	0.23965289	0.006867542
451	0.2185886	0.19259849	0.18215795	0.25577468	0.013455526	0.016450856	0.12076988	0.00020404608
452	0.28626266	0.2795577	0.2890854	0.071508974	0.043214854	0.01343162	0.016691776	0.00024709845
453	0.2726026	0.35866687	0.3440876	0.015515343	0.0005385796	0.00075502775	0.00776976	6.423795e-05
454	0.12464555	0.15041466	0.12047029	0.22714344	0.025256174	0.08872506	0.2610438	0.002301015
455	0.1441542	0.18804343	0.16997424	0.0058367373	0.0012563166	0.25297436	0.23741098	0.00034976713
456	0.28704253	0.34972915	0.351942	0.0032648363	0.0007639367	0.005059981	0.0020632988	0.00013426613
457	0.040013663	0.119177684	0.04855906	0.2032474	0.18579228	0.22852674	0.14097671	0.033706486
458	0.07798131	0.2112285	0.17113958	0.066736594	0.19632474	0.22187604	0.05010407	0.0046091494
459	0.28291562	0.33312958	0.31795892	0.0049563283	0.0058530616	0.050789718	0.0042684716	0.0001283133
460	0.048382994	0.17551242	0.12832706	0.04804058	0.2427253	0.2940487	0.036559436	0.026403517
461	0.19924551	0.14815854	0.12847583	0.1005998	0.1404641	0.126262	0.15597601	0.0008182035
462	0.25963905	0.37822384	0.35900152	0.0004973485	0.0002555769	0.0012554596	0.0010841263	4.3111126e-05
463	0.14187805	0.04458145	0.117733516	0.037236657	0.022957506	0.3805256	0.0058191074	0.24926819
464	0.05260519	0.14075956	0.10579237	0.20700607	0.23617516	0.037191033	0.19165576	0.028814917
465	0.24248183	0.187248	0.15846264	0.15231524	0.0951413	0.08365857	0.080226876	0.00046561487
466	0.1499325	0.28282127	0.27530977	0.00987816	0.0030837422	0.27536553	0.003422788	0.0001861847
467	0.06424384	0.0019394883	0.01637082	0.27996954	0.19989249	0.030403035	0.18169838	0.22548246
468	0.13908096	0.27470532	0.2541228	0.027699994	0.033472586	0.264557	0.005950386	0.00041103165
469	0.0021603988	0.00043557084	0.0011113033	0.12059131	0.18642625	0.1744839	0.1862501	0.32854122
470	0.26754552	0.37259784	0.3573737	0.0006142481	0.00024077835	0.0005365475	0.0010441871	4.7116228e-05
471	0.09985998	0.025454843	0.026817225	0.3027525	0.23036721	0.009813966	0.2212816	0.083652645
472	0.18016782	0.1837201	0.17806089	0.15603471	0.0008493628	0.0014605828	0.29956588	0.00014063632
473	0.0053559816	0.0026565427	0.008333248	0.10693066	0.19824237	0.2433769	0.15557359	0.27953076
474	0.15378834	0.14806499	0.19354811	0.033150528	0.052965146	0.16978413	0.005604058	0.24309467
475	0.14113986	0.25448152	0.23233199	0.0013245186	0.00056188955	0.26659584	0.10337276	0.00019154408
476	0.121515416	0.090709336	0.15527344	0.012037204	0.006651946	0.17239602	0.23943128	0.20198539
477	0.12667193	0.12213465	0.09149019	0.1838201	0.072342	0.3034224	0.040132612	0.059986055
478	0.15994532	0.25392014	0.2683219	0.043208897	0.0317709	0.15873362	0.017756049	0.06634312
479	0.12650861	0.07055329	0.057545915	0.18162407	0.10024517	0.11899583	0.31712896	0.027398221
480	0.24664555	0.24187252	0.23508495	0.0020722102	0.0004320939	0.27176493	0.0019615912	0.00016618171
481	0.23642527	0.2335583	0.22045995	0.024886519	0.0017596062	0.23469254	0.046525087	0.0016926865
482	0.1267978	0.010894841	0.04622658	0.21310233	0.13407156	0.115548424	0.083736196	0.26962227
483	0.23034856	0.063615054	0.11907373	0.17141655	0.034093775	0.13215803	0.040717468	0.20857683
484	0.24819985	0.31897378	0.3123838	0.0098654665	0.042731524	0.036050554	0.03168886	0.00010616974
485	0.17827366	0.24492621	0.23524079	0.04898391	0.09248408	0.115825646	0.0840433	0.00022242375
486	0.18134852	0.2191564	0.20489591	0.025577104	0.0008229558	0.07332586	0.29450172	0.00037146313
487	0.03722583	0.15762727	0.13303347	0.11233262	0.036822766	0.4143349	0.04608934	0.06253378
488	0.17994513	0.31254914	0.30624893	0.0009377698	0.00036771465	0.031867497	0.16799842	8.539915e-05
489	0.1002422	0.21057281	0.1838139	0.07553794	0.22890785	0.13540049	0.06469066	0.00083411677
490	0.25968096	0.090974875	0.11836031	0.14486617	0.028552603	0.066259585	0.23131424	0.059991267
491	0.32570368	0.29542258	0.2825661	0.0067720283	0.00042625002	0.08426402	0.004751883	9.349265e-05
492	0.05743625	0.09179411	0.11216519	0.1575656	0.11831038	0.14204954	0.0888883	0.23179065
493	0.09806779	0.2659049	0.2309308	0.0026094003	0.033889867	0.33436134	0.0024574627	0.03177842
494	0.008808306	0.002122901	0.007333966	0.22033705	0.18865506	0.1779984	0.12682812	0.26791614
495	0.16442174	0.09568866	0.15429182	0.02717946	0.03831878	0.14923824	0.10008344	0.2707779
496	0.2825911	0.16572464	0.21670303	0.04273823	0.0025004975	0.09261126	0.020181336	0.17694989
497	0.010554884	0.04033809	0.08034168	0.047980923	0.20976658	0.2751667	0.042232614	0.29361853
498	0.13306944	0.22159347	0.18256837	0.058907896	0.1564143	0.055901494	0.19125733	0.00028765335
499	0.21864223	0.1519355	0.12478575	0.1369317	0.19991632	0.06151655	0.105525956	0.0007459799
