Mixture,monocyte,cd4_positive_alpha_beta_t_cell,cd8_positive_alpha_beta_t_cell,b_cell,conventional_dendritic_cell,natural_killer_cell,plasmacytoid_dendritic_cell,platelet,P-value,Correlation,RMSE
sample0,0.10973309866079,0.439367521066573,0.219720985625963,0.153566365157663,0.0420141902314286,0.0128912728970845,0.0219719981197862,0.000734568240712074,0,0.798035900352266,0.770118219550208
sample1,0.0301579170284032,0.223541199904294,0,0.179810878382115,0.17551658418961,0.0299478869175337,0.307135700387615,0.0538898331904292,0,0.882107006255823,0.64286559433903
sample2,0.0339468431036709,0.396056728389889,0.403520733977914,0.0571483910146086,0,0,0.0479544736007666,0.0613728299131508,0,0.898123023559713,0.760955895416264
sample3,0.556270383634874,0.312550570911516,0,0.025321119784333,0.07589563774329,0.00308395218922263,0.0105641236203004,0.0163142121164644,0,0.859838764888621,0.51470454809327
sample4,0.0345624705402441,0.188695179638166,0,0.131625154222531,0.493920727063223,0.0040896072126619,0.145480195585313,0.00162666573786066,0,0.836850034082123,0.592529455589811
sample5,0.0568778809749988,0.628863979237292,0.121341715890791,0.00222245614674789,0.00507216827881074,0.179531029058732,0.00573822481623187,0.000352545596395234,0,0.868481135429353,0.756801242736168
sample6,0.205482404865781,0.321792717641696,0,0.0125341218693412,0.060239827600381,0.0411802994610846,0.358344822905968,0.00042580565574787,0,0.789755216830643,0.698641873456184
sample7,0.0776977802429588,0.612512774790281,0.0485873308510558,0.000146606928858035,0.0278723459613895,0.13161811600125,0,0.101565045224207,0,0.853861089378722,0.730297042619741
sample8,0.0625071470062315,0.188292227478032,0.00708739313626084,0.00739086917778135,0.476709484350049,0.0324342163749995,0.222171090300698,0.00340757217594852,0,0.840171070854025,0.589055267381451
sample9,0.113897863460502,0.184732246780549,0,0.0454403672468329,0.330109396943342,0.0382817251866655,0.286644362226234,0.000894038155874235,0,0.82138993597111,0.626229639588886
sample10,0.0300788629169266,0.277581858514068,0.396331559168706,0,0,0.0443878098095113,0.222871376235728,0.0287485333550594,0,0.883131185656794,0.769985146054969
sample11,0.00936373697589464,0.24989165489878,0.0620142816609399,0.07411562312827,0,0.0756522876303344,0.52844699390956,0.000515421796221307,0,0.858463515605654,0.68933786644686
sample12,0.0436641821766276,0.186058336967867,0.19775799471345,0,0.517986987319911,0.0402894845087009,0.0142430143134428,0,0,0.796956764826819,0.647558206109748
sample13,0.00749350516646835,0.569440898960035,0.246104881199154,0.00444232921262662,0,0.125666731991738,0.0467729751977597,7.86782722189132e-05,0,0.896125047152488,0.764691391070997
sample14,0.39311018763319,0.207420201481491,0.187490985377976,0,0.0126569792252487,0.0692743093213779,0.00411318734206208,0.125934149618654,0,0.814728113171121,0.617574722939715
sample15,0.0438965580362073,0.447955031279177,0.44012445602905,0.0155118117535695,0.0060682266880822,0,0.00419375383829785,0.0422501623756154,0,0.906052115677982,0.763007064637434
sample16,0.126983707889832,0.764805428980634,0,0.00347092476231822,0.00811950726863785,0.0876352527256461,0.0086398952430333,0.000345283129899163,0,0.849505109025389,0.752688863441077
sample17,0.117456382466947,0.17200945846539,0.0701840123568214,0.00124876290074615,0.14003528670066,0.130547752010068,0.26753123279482,0.100987112304549,0,0.805666210121683,0.691043931684329
sample18,0.159306550901919,0.385775066183201,0.452104203260073,0.000970466839274434,0,0,0.00179001277924394,5.3700036288671e-05,0,0.799458185152482,0.769467050925751
sample19,0.0251304400942048,0.38671480428662,0.464267957446478,0,0,0,0.113726359871291,0.0101604383014064,0,0.904852569744037,0.773595427836771
sample20,0.297815382096494,0.246263053123288,0.203371697157663,0.00751247759537076,0,0.190896977915837,0,0.054140412111347,0,0.760866410184936,0.708745118576644
sample21,0.267528360509198,0.614897833014118,0,0.000823038987909829,0,0.107277228571797,0.00924198550317539,0.000231553413802434,0,0.729743744625545,0.748033779781455
sample22,0.0854601876722536,0.375417277403414,0.117624693424078,0,0.0311129288922442,0.307934706011786,0,0.0824502065962243,0,0.807649515991094,0.725712029610242
sample23,0.206951151914492,0.248753177143144,0.11843844821479,0.349339560989972,0.0639852809405468,0,0.012461572833004,7.08079640511979e-05,0,0.751198494656637,0.723006406384208
sample24,0.011893430766369,0.749911868626627,0,0.183384471280537,0.0271157034372307,0.0122676901575188,0.0131262959196478,0.00230053981206946,0,0.876783577303899,0.758030122872378
sample25,0.174022073817815,0.32442583415458,0.211688967537396,0,0,0.036527087904861,0.0584353730156876,0.19490066356966,0,0.88796307069784,0.612969427000016
sample26,0.0390993272441088,0.352581516816466,0,0,0.509739696307476,0.0774707688553202,0.0211086907766284,0,0,0.773094702538582,0.669178831577347
sample27,0.115038239800785,0.284028287799959,0.205914139544602,0.051106729475642,0,0.116307564729423,0.227473772104039,0.00013126654554991,0,0.805401964854351,0.762363157288151
sample28,0.0101486050058326,0.453318540934672,0.490086644870445,0.00200785970816432,0,0.0323518410985693,0.0099674192473693,0.00211908913494737,0,0.923169920814932,0.762956572547901
sample29,0.500176367248284,0.221887862881844,0,0.0018019049805224,0.0950138282359395,0.0529876499212293,0.00874060176646207,0.119391784965718,0,0.869390198607095,0.5052577985023
sample30,0.226770825058552,0.114525619045026,0,0.0127304498176758,0.50400433777383,0.00338924411768445,0.12256636539003,0.0160131587972014,0,0.874781591385881,0.498341211588561
sample31,0.0762070087366117,0.349295540566268,0,0.334663429834113,0.0032421152412639,0.110865170851413,0.00981008978516196,0.115916644985168,0,0.838347674112394,0.701766745550634
sample32,0.0315883435893127,0.301496316237093,0.0806914293742451,0,0.15031398365421,0.0728509109808653,0.362753897008567,0.000305119155706195,0,0.817271419516831,0.716751624965052
sample33,0.022570366324704,0.513748944047669,0.17459542263126,0,0.163964629381134,0.032169786506409,0.0924400230637501,0.000510828045072936,0,0.832320504034828,0.759873835210042
sample34,0.0172239932046483,0.409962534853585,0.162973773672375,0,0.0212066387989014,0.374097612789743,0.000729601396327171,0.0138058452844205,0,0.841420251822274,0.716239828014243
sample35,0.224258872694202,0.219812298454392,0.406110415609252,0,0.0183915431605973,0.0348794875888133,0,0.0965473824927432,0,0.806604960008948,0.710762072353338
sample36,0.149774874045693,0.495979932033681,0.0396825642256338,0,0.00658230382467292,0.058209067915365,0.232034737080282,0.0177365208746722,0,0.808855679711822,0.751664987377602
sample37,0.00888590629756251,0.686518490231992,0.11475693285807,0.00216115527936178,0.0116678345763929,0.0444183402083606,0.130910902387603,0.00068043816065675,0,0.897472971163286,0.768668808623784
sample38,0.0392629377918354,0.0981653221041199,0,0.4383468089922,0.270332785128662,0.00366709570417693,0.150225050279005,0,0,0.855012494101258,0.599636901110128
sample39,0.0412226076594313,0.268927555596262,0,0.636104448711316,0,0.000899507517898102,0.00691370486248839,0.0459321756526049,0,0.832990822457459,0.666472058787053
sample40,0.00519855872318172,0.498446508577135,0.459295804190137,0.00333505663862183,0,0.0323204956270525,0.00140357624387181,0,0,0.917597193557097,0.762731140843958
sample41,0.296467326748789,0.522475753732899,0.0421686811713951,0.0132972260351545,0.0051484771736232,0.109646386865549,0.0105770056528049,0.000219142619786099,0,0.744465543498357,0.726590346193478
sample42,0.471867452421677,0.0875220669946028,0,0.00180559565935579,0.348614673450204,0.00439365465563206,0.0787950324736882,0.00700152434483929,0,0.892004198697206,0.451972212081301
sample43,0.0325557480231863,0.334497437034199,0.141135455894435,0,0,0.135962511421461,0.320043532164701,0.0358053154620185,0,0.84171833040414,0.753714687299274
sample44,0.0121987627493452,0.746310593512244,0.0556067302882518,0.127261208185169,0,0.0378622836951366,0.00876308826557,0.011997333304284,0,0.91060990520904,0.757207607478677
sample45,0.0614170601608439,0.398097031385396,0.366527840168467,0.030017144593341,0.0431401084682952,0.0023302411012423,0.0104429431803786,0.0880276309420364,0,0.86782352022974,0.747146600827336
sample46,0.052608851140153,0.687422608994985,0,0.0988475746583699,0.139639974727913,0.00459359516657181,0.0166917910360078,0.000195604275999586,0,0.821098464212876,0.755931407515595
sample47,0.03465774540031,0.417916482501643,0.32740565167006,0,0.00244630522812217,0.18933140933026,0,0.0282424058696048,0,0.889654584500384,0.751790662136191
sample48,0.538836836300124,0.224437003439737,0,0.00309171685616869,0.144931849647241,0.00279554666661634,0.0608778331390542,0.0250292139510584,0,0.840834628770524,0.541502796803193
sample49,0.105744751240669,0.253521777745213,0,0.461838603708024,0.0697092885923456,0.0159117278358358,0.0625595984342484,0.0307142524436638,0,0.85406086841956,0.661766900407671
sample50,0.0528673560506299,0.786245453288764,0.0110356381156842,0.00364587635503774,0.0177341541845439,0.0625326986698806,0.0056838463836289,0.0602549769518311,0,0.899898198694801,0.748316806089426
sample51,0.00722354216264084,0.642604981487564,0.0902028102072019,0.0448840873056384,0.0547152254589435,0.103758926373371,0.0563876191205328,0.000222807884107319,0,0.88204198971927,0.765883408681208
sample52,0.00348126685804905,0.474208450192646,0.492257991268476,0.000960292143687937,0,0.00993105337520024,0.0191609461619408,0,0,0.913853578831654,0.765475378735277
sample53,0.0389039905283051,0.217080356586111,0.0816342014305999,0.000329259639307789,0.547308172687841,0.100466823590483,0.0142771955373517,0,0,0.788986064961932,0.645590771446938
sample54,0.00517495081649146,0.797504165325196,0.0021816753549691,0.00417775285688423,0,0.161856427642813,0.0199851607067068,0.00911986729693929,0,0.897697871171103,0.752734771602519
sample55,0.445759620414642,0.116752833725584,0,0,0.341513022661702,0.0101325127879862,0.0851229733895488,0.000719037020537988,0,0.886067269275813,0.46429868981103
sample56,0.660705322264316,0.123218484510849,0,0.00888105967727431,0.196762972890488,0.00279521440745543,0.0056000668140432,0.00203687943557316,0,0.948488600207233,0.321334791575165
sample57,0.0248914463122841,0.75332694807394,0.0220892614035886,0.00446566209258349,0,0.0973224753821791,0.0431303039299359,0.0547739028054886,0,0.898607655393686,0.755386437055036
sample58,0.00714295097689739,0.649395705185494,0.0827025237116189,0.224484337633328,0,0.0282942207723393,0.00787916479417595,0.000101096926146347,0,0.861344503836853,0.762024251068798
sample59,0.070755526867302,0.200309973524302,0.111164017921591,0.0260115229216599,0.0111347404611921,0.0673840687662031,0.443116333242643,0.0701238162951068,0,0.859280557310339,0.698100898126326
sample60,0.0406918568743921,0.707443867108828,0.0715073049318741,0.00012896834201765,0.0444292717351527,0.125892535604379,0.0086983058998247,0.00120788950353211,0,0.879177370496103,0.760988711195617
sample61,0.319339557919094,0.318336420866986,0,0.0144637045494681,0.220861710078204,0.00290620669148305,0.018481245525318,0.105611154369446,0,0.840891405516045,0.57817596373329
sample62,0.412180376688018,0.34821076797269,0.0899570968558581,0.120544962958315,0.0190165180555142,0.000400909028243566,0.0096579164126627,3.1452028698551e-05,0,0.729422006089159,0.697648144337923
sample63,0.538373643325439,0.249211721272092,0.00165304891832071,0.00802754681694712,0.04760141865642,0.0047022508223117,0.0384205045087182,0.112009865679751,0,0.865693165167043,0.508414075697136
sample64,0,0.0541394437704075,0,0.243395621551692,0.104633239092965,0.00100117478916453,0.588248642622438,0.00858187817333323,0,0.92151943723436,0.547713331913245
sample65,0.0668081231295223,0.457283570236071,0.0947911147785005,0.27056920684793,0,0.0983004839855955,0.012074160354411,0.000173340667969085,0,0.832144369068279,0.756759017408936
sample66,0.227857985057389,0.352616700247303,0,0.00342591906179864,0.0753945541996617,0.00238600669678585,0.319108702835207,0.0192101319018546,0,0.785375469924125,0.694342692650082
sample67,0.0858889353658685,0.678237662419409,0.191675665611334,0.0030346526966554,0,0.00231234544987429,0.0387476296041365,0.000103108852721639,0,0.884353302126769,0.761852922824014
sample68,0.0555155466296967,0.613998444406601,0.172082564381494,0.001350122048315,0.0440730044912016,0.0279716114822805,0.00653246182625129,0.0784762447341599,0,0.886662005098853,0.744166073292803
sample69,0.129900492329347,0.748814013823425,0,0.000750617769025815,0.104763478512896,0.00080052836538802,0.00903592787008477,0.00593494132983365,0,0.807967263832605,0.748031214779707
sample70,0.00298338264158964,0.0565995897159031,0,0,0.643396853756864,0.00870548524667474,0.284805605654387,0.00350908298458142,0,0.891576187199412,0.481347281317707
sample71,0.254718224578529,0.450404486352034,0.1220473545025,0.00920932949134418,0.000172103795236879,0.157839222163736,0.00560112114825785,8.15796836261378e-06,0,0.752549257208761,0.737640053624843
sample72,0.65363703164036,0.054689514664861,0,0,0.127919864323245,0.00508221132842267,0.0714293565963525,0.0872420214467586,0,0.888271584184975,0.466757287130761
sample73,0.0235452983897407,0.308644154418743,0.000346906439308855,0.119932812388784,0,0.0474396350264891,0.498888053853901,0.00120313948303308,0,0.860631651307718,0.68695867492155
sample74,0.0780709581992324,0.17484520860908,0.041265055031329,0.00153339226046768,0.0441139628395127,0.011066270984084,0.624786863744799,0.0243182883314956,0,0.87644582746352,0.635516168925384
sample75,0.318438053045247,0.498258487571358,0.0164364191179458,0.00177381737088318,0.0609746166996759,0.0067903632338665,0.0488346719440334,0.0484935710169897,0,0.797043059502091,0.668078130773778
sample76,0.0667224706440525,0.430286625810016,0.126471148804956,2.33881756850193e-05,0.120689124161695,0.219172106306547,0.00982661960843115,0.0268085164886184,0,0.806774215373883,0.751437576588936
sample77,0.682675912037902,0.0808893869828332,0.059162153186464,0.000313618109915999,0.0931268320846205,0.0285502137825706,0.0552818838156937,0,0,0.882410350580957,0.477433592113769
sample78,0.0658143684836582,0.273172186883555,0.441616231157219,0,0.0166154888900788,0.008316713805427,0.0987694876471491,0.0956955231329135,0,0.876856890252319,0.742459979397741
sample79,0.00734023051019332,0.222498832429802,0,0.715357261547356,0.0088579673805292,0.0303997129174966,0.0153430944606004,0.000202900754022873,0,0.82270532121086,0.655115552670302
sample80,0.00857267765886066,0.621678992721205,0,0.0882644892889132,0,0.111047960642975,0.169217145507617,0.0012187341804301,0,0.874302865083181,0.760895403635088
sample81,0.0397830458001115,0.329028966085043,0.1238297949106,0.00301462940234744,3.74397291361127e-05,0.49943688529319,0.00232723305659674,0.00254200572297506,0,0.845457543360904,0.667209588599045
sample82,0.0424924047795097,0.819175460758738,0,0.0042271987938845,0,0.00420950088892417,0.112094292593441,0.0178011421855025,0,0.910206108639516,0.760980010804067
sample83,0.289526762490974,0.0728879750495652,0,0,0.37890125156051,0.00345918862163015,0.252445424259758,0.00277939801756288,0,0.832422897598753,0.560014936987739
sample84,0.0317704535628026,0.295171775006748,0.181235068903631,0.00160206252167868,0.00823855632966969,0.454206305439659,0,0.0277757782358115,0,0.864804662650084,0.671315560707995
sample85,0.338772856296103,0.439278679364943,0.188087922625594,0.00319404533592807,0,0.00517111765026083,0.0254007513909351,9.46273362359342e-05,0,0.693571864213781,0.74869148983545
sample86,0.00950469524409109,0.346615826726587,0.60632962077303,0,0,0.00217896046096981,0.0353708967953213,0,0,0.91220811986372,0.769426050664501
sample87,0.0145531234119836,0.316652321867955,0.155904233135417,0.146879557860708,0.0241327052420302,0.000114449623012568,0.341233872038301,0.00052973682059346,0,0.849498538414385,0.727629961228807
sample88,0.0247793902216146,0.732265252920843,0.0267703401376739,0.000246391439609535,0.0113920187363363,0.155843244837167,0.00470522048938427,0.043998141217372,0,0.876585368042529,0.756810194973375
sample89,0.00329769498446887,0.515969649377816,0.415003538336299,0.0159141843776912,0,0.0396091610892376,0.0102036879819501,2.08385253724981e-06,0,0.910265500857051,0.766044879414496
sample90,0.0405655573314231,0.502965177679104,0,0.311492006694585,0,0.0690725581380233,0.00826241357916497,0.0676422865776998,0,0.849125736859661,0.735908363496823
sample91,0.196653210773053,0.346046713891309,0.291669231427192,0.116901439508685,0.000487032919337949,0.000464669259911265,0.0227894016244671,0.0249883005960447,0,0.794805272662217,0.74840990459547
sample92,0.228766892105524,0.340345726584578,0.0538380790583912,0.1248089042599,0.0381206760954446,0.186882403317104,0.0220879763061211,0.00514934227293778,0,0.755135786802009,0.731272595734423
sample93,0.102334915916038,0.822843072230267,0,0.0184166433166836,0.0347524387914947,0.00907552888163433,0.012024528102689,0.000552872761193181,0,0.854455038582292,0.757374632353136
sample94,0.0452089255357707,0.822448523481079,0,0.00912376909566243,0.0843626330922572,0.0230413372576418,0.0150883106448094,0.000726500892779371,0,0.873407252954139,0.759847881240957
sample95,0.149784312037634,0.515082836708144,0.218354231811787,0,0.0480596800193565,0.0504709317397882,0.0115741542755842,0.00667385340770598,0,0.833201736681774,0.745855792962822
sample96,0.0151930150027151,0.29075668870314,0.303649813668479,0.00473965549221647,0.0394470947551935,0.227411350893027,0.117436422136587,0.00136595934864237,0,0.839129692722683,0.761531456393631
sample97,0.0105553261094407,0.604945806290663,0.211946512564873,0.00466228291098642,0,0.0608715408275426,0.104962907792924,0.00205562350357027,0,0.904985902476033,0.768809907906281
sample98,0.0919492520043124,0.290333491556425,0.0240769506429133,0,0.196238933422851,0.130265193673509,0.157092263210431,0.110043915489558,0,0.796895558389831,0.698548961207568
sample99,0,0.0601783854504882,0.0115535404744381,0.421063923660276,0.358978656684251,0,0.148225493730546,0,0,0.845988861377416,0.592076817954164
sample100,0.0346737146640873,0.372600328833111,0.123658952515575,0.00424902960708,0.00652340362371743,0.373040828170037,0.00355405033517914,0.0816996922512133,0,0.79872496650807,0.722711229313202
sample101,0.086930792782901,0.152754788466791,0.0896205522907877,0.518071257361331,0.00605235715773963,0.0189744581897554,0.0148692895371088,0.112726504213585,0,0.828928098505291,0.671369505368267
sample102,0.037475893325576,0.0570941030994195,0,0.810789439920978,0.0819559447382894,0,0.00878698761500273,0.00389763130073399,0,0.868761927825723,0.572655042302888
sample103,0.223799501522011,0.214731984191036,0,0.141331909202573,0.0469329506149072,0.0318941488551345,0.190277422170911,0.151032083443428,0,0.827562210636405,0.641793954965426
sample104,0.335712708447694,0.22175855226836,0.0863874056566452,0.00603081239018632,0,0.121072006468401,0.226279241845966,0.00275927292274781,0,0.743188334939405,0.705152306915624
sample105,0.048897669436748,0.343787988036636,0.320560905139429,0.178139928372118,0.0440165273021146,0.00108051942549262,0.0214663085373606,0.0420501537501012,0,0.863472301151745,0.758113797937107
sample106,0.641944615300967,0.256706868999082,0.0883695230054941,0.00100650962196943,0,0.0051463863114254,0.00331281953701317,0.00351327722404903,0,0.886562395341904,0.463969981786451
sample107,0.136832531648949,0.740455354107046,0,0.0136976865216143,0.0817699950904284,0.0119719479576108,0.0151840843895443,8.84002848072914e-05,0,0.800215604702668,0.754166246775407
sample108,0.0416233721608287,0.689035191644187,0,0.00250741264701527,0.0643320001502916,0.0910479501744515,0.0881668215545193,0.0232872516687068,0,0.866741323530484,0.7644659166834
sample109,0.106236892451029,0.213336562893022,0.297305958367346,0.364139430054841,0,0.00310229030464819,0.0157273757678863,0.000151490161226796,0,0.799268338779144,0.74656775696852
sample110,0.0875443209655391,0.273770389202038,0.245399004577248,0.0796613518419356,0.253597568812665,0.00325709416476285,0.0189320521248492,0.0378382183109626,0,0.752050745805817,0.741794602135073
sample111,0.246720151911532,0.221308912191505,0.0627210280898656,0.00245285396259531,0.159747452975442,0.148910100496695,0.126739489456105,0.03140001091626,0,0.774961670588414,0.682105543992
sample112,0.0949887602330875,0.48523798414889,0,0.00950467866856612,0.143016578683614,0.0296875742922464,0.117379223058186,0.120185200915409,0,0.818740526988696,0.705171908435168
sample113,0.0206984225482309,0.245822561641526,0.11342488656796,0.00394757400338982,0,0.119975556608795,0.486225909453335,0.00990508917676303,0,0.845633820263375,0.716345798293458
sample114,0.205675504734624,0.405228066069779,0.105813379362534,0.00147894451579798,0,0.265280584239057,0.0165235210782094,0,0,0.75245254758738,0.743736622723153
sample115,0.108405388897965,0.559396329593638,0.000166996690060203,0.00266805507982725,0,0.190179687493953,0.120285766245827,0.0188977759987289,0,0.821361578383593,0.758386247102375
sample116,0.00596215496427955,0.73973644512407,0.205833164430509,0.0135651541953054,0,0.0312057753590485,0.00354380450543824,0.000153501421349368,0,0.929635566446488,0.754205880438897
sample117,0.171743028451161,0.373516583905024,0.0970480131634542,0,0.00741605712857151,0.224716554002033,0.0269298282316425,0.0986299351181144,0,0.784796881950008,0.725950698442919
sample118,0.0143649026564858,0.557924936596232,0.345249167375786,0.00156403423713229,0,0.031344749274505,0.0313292330165013,0.0182229768433568,0,0.934245136522586,0.759809365575559
sample119,0.103585277987597,0.289314130404562,0.229788476468368,0.0047212469108273,0.190203576853084,0.00443091856359723,0.0743218992895377,0.103634473522427,0,0.806105509911792,0.709214094330482
sample120,0.0162201320179368,0.352184682875312,0.031328082456353,0.16349917183846,0,0.169850271489603,0.264259454451702,0.00265820487063308,0,0.842490037452068,0.736274736252449
sample121,0.0327997767359178,0.435427154041741,0.0953602583818876,0.123929290615738,0.01554489190414,0.285514289023442,0.0113464451073384,7.78941897959096e-05,0,0.829498901911262,0.745614985366185
sample122,0.102090402158308,0.26297050356193,0.0955050770528004,0.00300161132030724,0.145250421978961,0.0755214194151435,0.209200061248736,0.106460503263814,0,0.810570596668133,0.702419063014622
sample123,0.0633155822828617,0.415579889885496,0.0165931850016633,0,0.286854235919284,0.052229979925018,0.106746847954449,0.0586802790312282,0,0.800648105203924,0.703144205006863
sample124,0.383527763258066,0.413281122760525,0.0640519356507228,0.00277868521089295,0.00547896450519935,0.124089846046513,0.00586100671079591,0.000930675857284321,0,0.747339997052341,0.692130774207169
sample125,0.0146682887901879,0.529951858772324,0.115070297043729,0.00332940075393887,0,0.109235469295223,0.215881464422827,0.0118632209217703,0,0.872769931738167,0.767001388475378
sample126,0.097597462888355,0.400834866935757,0.124704037235846,0.00346765545501451,0.0289090818181051,0.211543944697462,0,0.132942950969461,0,0.830451228160135,0.703363070244752
sample127,0.00301628763692751,0.358415874341755,0.574582755670963,0,0.0184063557990751,0.0346886923350846,0.0108041900722452,8.58441439487355e-05,0,0.904829143315425,0.771227651475283
sample128,0.150430348915208,0.117711819127503,0,0.0356891109622408,0.135184824483797,0.0138290263291995,0.54519870429157,0.00195616589048099,0,0.875198042104531,0.588773572837904
sample129,0.0056246234191169,0.629317908828643,0.11448646217265,0.114225508768814,0,0.127973891783326,0.00810159763860724,0.000270007388842195,0,0.888459939392896,0.760574782856652
sample130,0.0721242321416261,0.246199440316765,0.296226018032149,0.00532712010877573,0.304062612398618,0.000896424532544039,0.0304447680969416,0.0447193843725801,0,0.772433777047323,0.723847834152223
sample131,0.00819748527408732,0.847759248745566,0,0.00493388182650683,0.00966769481121184,0.0217507368580782,0.107486427499396,0.000204524985153976,0,0.908791741018577,0.762572622293562
sample132,0.211422091177146,0.488660194568945,0.134733570844137,0.00059658198061238,0.0593244925285592,0.00346501655538852,0.00584208726200036,0.0959559650832108,0,0.814856865338547,0.700150703671835
sample133,0.0555609610726583,0.258720555046784,0.175619037344277,0.000322415486608301,0.0552894922424502,0.305091947156152,0.0945774556869199,0.0548181359641503,0,0.827593815064819,0.727797126523514
sample134,0.174325047248239,0.138563929674142,0.0343853054721107,0,0.267849727379641,0.0826177416289204,0.112000407407327,0.190257841189619,0,0.848810533930376,0.577849233285039
sample135,0.0139531233433675,0.490822070117421,0.0877189979041191,0.000487924740522127,0.0045216469160284,0.402496236978542,0,0,0,0.857125013432972,0.697153552319495
sample136,0.143027104129115,0.828126708913917,0,0.0115778509230797,0,0.00845928408076534,0.00865298410354009,0.000156067849582208,0,0.839907420132484,0.752981344798536
sample137,0,0.149280399688686,0.0134316365845416,0.16508721786195,0.543155326559642,0.000906769695271072,0.126788179160142,0.0013504704497676,0,0.8209983161432,0.601977558190694
sample138,0.00927242404718077,0.372753041060251,0.147061407386673,0.0696645922835284,0,0.311416209347894,0.0887357421684957,0.00109658370597688,0,0.848706311484683,0.733298472241782
sample139,0.0061467491498914,0.724765747692699,0.0794155745949119,0.0592976369001482,0,0.124322030986074,0.00592866473198492,0.000123595944290903,0,0.89434923703214,0.760406570228632
sample140,0.446620715444999,0.489655568470585,0,0.0134481349421179,0.00293538868667562,0.0392621154572764,0.00786457381470565,0.000213503183640179,0,0.775885400521592,0.650195183005416
sample141,0,0.133217176835355,0.0359075941991456,0.622836903415743,0.190972530338841,0.00117936307530202,0.0145272372265751,0.00135919490903787,0,0.804530131972023,0.655176746750416
sample142,0.0307616489135927,0.27788442903708,0.0203688876633126,0.00476343283773698,0,0.11370918270379,0.551261922916478,0.00125049592800914,0,0.852294130316062,0.692128872939652
sample143,0.104784577700641,0.489438068928362,0.198986363460131,0.00247179508788423,0,0.193137049679287,0.0106885323437278,0.000493612799965844,0,0.835962176052937,0.756515371068011
sample144,0.0202781026326847,0.417176895396012,0.134574050265788,0.00138197967741066,0.0700613281075362,0.206583954089205,0.149499252806494,0.000444437024869679,0,0.83908275723644,0.755870221467377
sample145,0.0233810057822293,0.44981400034715,0.249727531800931,0,0.00294081664677566,0.234368001180349,0,0.0397686442425656,0,0.861011799591405,0.749117188922531
sample146,0.676317223591807,0.0904168119533971,0,0,0,0.00622385690651142,0.0687296802004349,0.15831242734785,0,0.931049558615461,0.368849686786617
sample147,0.0272999517772248,0.244002133947062,0,0.11161196512475,0.243896691802717,0.050077191639217,0.32311206570903,0,0,0.843962512812934,0.655159567925909
sample148,0.256266470137931,0.155362939258594,0,0.154055167913089,0.175633035146951,0.00492211065049125,0.146645913519141,0.107114363373803,0,0.818442500312745,0.619613493961922
sample149,0.0818066209356316,0.355260314652337,0.190184245766318,0,0.00585334604995525,0.28220780283409,0,0.0846876697616681,0,0.83326442029364,0.722180463311393
sample150,0.00725062181169419,0.498965579677955,0.104756426132453,0.281422125716016,0,0.00155237336296156,0.10534946968644,0.00070340361248028,0,0.844423301148974,0.749435807949786
sample151,0,0.175120727837041,0.0011325042540224,0.161465697419254,0.585208256531656,0.0541801504884447,0.0223004867458598,0.000592176723722448,0,0.822609603263865,0.599397336829048
sample152,0.0558311420867531,0.642127434656031,0.0730629218409456,0.00272059968845873,0.183417820327871,0.00954266107316354,0.0331215465244848,0.000175873802292262,0,0.794425928815181,0.76110102684521
sample153,0.0437903552224253,0.398034570842088,0.217680783990652,0.0525610009971299,0.187633394981882,0.0770780928671697,0.023067752836997,0.000154048261655558,0,0.801961127961941,0.757899074489291
sample154,0.0181401686636758,0.360272448920879,0.380225620343701,0.00228793634844691,0.00219995007696192,0.21493451617961,0.0161756967752447,0.00576366269148018,0,0.874402527083997,0.755113798174829
sample155,0.0629208644839524,0.31390857921615,0.259241564881324,0.204838792014941,0.0377780991132332,0.00465590474085703,0.0111969930351675,0.105459202514374,0,0.838814661833084,0.732372170489228
sample156,0.00966082417277604,0.57829471785024,0.289049750938328,0.00207552636384594,0,0.00942368488979068,0.110252627481912,0.001242868303107,0,0.916827481756626,0.765883147607106
sample157,0.150180069916006,0.586933053271791,0.156197267273837,0.0462959833972869,0.0113955214651857,0.000297107786445414,0.00633639240464029,0.0423646044848078,0,0.837193735327887,0.748765795317135
sample158,0.374212894043023,0.203398048148019,0,0.000580495471239876,0.0565482828565048,0.00999385760076131,0.291315427056586,0.0639509948238659,0,0.801415777725644,0.627318121915069
sample159,0.109087807567511,0.240437689141406,0.353260499261766,0.0900636101893967,0.049120524798149,0.000451924098030656,0.0459787083861108,0.11159923655763,0,0.843349025474717,0.721788185402267
sample160,0.429440740488013,0.188502397557504,0,0.0269936121119214,0.191365809694852,0.00527165977214502,0.0205988283389974,0.137826952036568,0,0.854588342205503,0.528599411157984
sample161,0.100468852695923,0.187469330377052,0.142044117259326,0.00199560230448921,0.0282581586909792,0.0347034463303453,0.504067511790184,0.000992980551701686,0,0.833511215944304,0.697354489131466
sample162,0.00493227646532275,0.599363193174609,0.29798904510369,0.011194667901807,0,0.0865080180723871,1.27992821838972e-05,0,0,0.91593939750708,0.75914222337261
sample163,0.0861412080287484,0.426713746160605,0.00391699361662152,0.180655384049742,0.251234548657121,0.00567651653720449,0.0125862315526568,0.033075371397301,0,0.776033745499699,0.716835287016678
sample164,0.0342430365361442,0.231350508787165,0.501596674243136,0.000928404164499109,0,0.0558492037566524,0.149069048161486,0.0269631243509172,0,0.898391122097497,0.773306714997486
sample165,0.284060157052238,0.238572453450584,0.0665729645418312,0,0.0269205492071065,0.193409724665661,0.0596552163748274,0.130808934707752,0,0.787824747179948,0.66894436506716
sample166,0.0640164430409649,0.301190811588219,0.465734837127622,0.0263112796051715,0.00410033722215727,0.0322460954394027,0.0029843867319264,0.103415809244536,0,0.87376189943975,0.738655903477666
sample167,0.051505897510831,0.829142794379901,0.0083152206518705,0.00180475194072527,0.0179228133621477,0.0445137801057301,0.00279288401116264,0.0440018580376321,0,0.912363263416495,0.750214894695529
sample168,0.0610089913529716,0.177780734742021,0.0239145419351448,0,0.158897178409699,0.00837512288134957,0.503094847542141,0.0669285831366735,0,0.855524612072118,0.639690330324521
sample169,0.00809418908034828,0.649840766835111,0.0379158193369114,0.215984337402578,0,0.0793055048852723,0.00879566221168214,6.37202480966696e-05,0,0.860985421407195,0.7620787239628
sample170,0.0264701088151664,0.490226388782113,0.473241409323548,0.00338016572717508,0,0.00426541825721665,0.00241650909478138,0,0,0.915642602282129,0.763284824809503
sample171,0.0375761519242387,0.873818384002109,0,0.00137916197009866,0,0.0464518009354224,0.00320992121908314,0.0375645799490485,0,0.928280458448433,0.748390231926531
sample172,0.0441022170082707,0.851848331539949,0.0140467046384871,0.0296060906776055,0,0.00189289898425824,0.014763985929614,0.0437397712218156,0,0.916594008408693,0.75144479730703
sample173,0.0274681202372894,0.387298686241809,0.326645592206771,0.201306829234259,0.0386654085743404,0.00110956428735799,0.0173911820436624,0.000114617174511019,0,0.851325829736643,0.766531997094631
sample174,0.0263537552729052,0.254126224110927,0,0.0249202818079976,0.128215252091236,0.00220628557960762,0.563753990979926,0.000424210157400043,0,0.864183158046492,0.640927112461592
sample175,0.245565197292205,0.143182148274368,0.159568038435085,0.0266542962338403,0.369584082107691,0.0020796390662212,0.0156725383275502,0.0376940602630389,0,0.825976968518202,0.592330561377358
sample176,0.146200737160356,0.782356693331735,0,0.00919923221634832,0,0.0170464955580518,0.00580815055683542,0.039388691176673,0,0.852132763865212,0.745124903839376
sample177,0.234058124669248,0.409881753534866,0.063723038044579,0.00148538963941784,0.0790687532007284,0.201760293135018,0.00996783832434923,5.48094517938624e-05,0,0.762259975951163,0.718694668740754
sample178,0.00201806624792845,0.43856449571964,0.427601512015272,0.00622391595972547,0,0.125566614129981,1.11867907437208e-05,1.42091367096444e-05,0,0.89724204740776,0.763463667861295
sample179,0.0540497028023987,0.133226829429458,0.0110560948909841,0.585111956186248,0.128535608530141,0.0189024575832242,0.0688215802780234,0.000295770299522749,0,0.820808384034519,0.649636488464952
sample180,0.0195304240782422,0.301304406607417,0.0590487163008158,0.00492599541714525,0,0.0204460007995197,0.574756179918078,0.0199882768787812,0,0.852191346723892,0.693595101754336
sample181,0.106592185315777,0.362342390428862,0.123243462361874,0.00376586101625345,0,0.301803019139317,0.100928991604678,0.00132409013323891,0,0.828627851596547,0.730011038832248
sample182,0.00858036827688285,0.314919428943794,0.227545760766828,0.262302944674094,0.117972169206655,0,0.0684072294527706,0.000272098678975653,0,0.807977864154211,0.749595239466036
sample183,0.0974712501911836,0.264999828061756,0.23013185951251,0.02712811380174,0.101684877212061,0.00456710865402509,0.178459493890384,0.0955574686763404,0,0.826582774965511,0.720895993825149
sample184,0.235157239553091,0.370930190004345,0.0116764029861841,0.0159984442496722,0.0286576670019531,0.00680673203468472,0.229309473481815,0.101463850688255,0,0.792285491552016,0.695048409269819
sample185,0.060670683214668,0.125554772396229,0.00694821576612891,0.0831674546907766,0,0.0349809024520459,0.670778155615961,0.0178998158641913,0,0.905750041920728,0.601364097039823
sample186,0.00674353020864603,0.884604204234003,0,0.0144708223847006,0.009337751838561,0.0771227980451959,0.00600816677353241,0.00171272651536078,0,0.919206388990117,0.754088280968348
sample187,0.0233094229212593,0.500476523852065,0.357632628775419,0.00515617601699856,0.000655747301809387,0.0138460648447147,0.0709461310302305,0.0279773052575033,0,0.922264553255094,0.765387779727658
sample188,0.416290106639218,0.204659647848117,0,0.0202768757810698,0.276400340849176,0.0409534934701043,0.0117495100493748,0.0296700253629398,0,0.867243978416311,0.507996987444136
sample189,0.032283084843885,0.496957447834767,0.0720207032401736,0,0.0491115797178207,0.203776778332466,0.144853900423865,0.000996505607022739,0,0.845067182356178,0.755898476144237
sample190,0.0711943390228625,0.566294392307033,0,0.295487405182109,0.0133139834938963,0.0366715516791234,0.0107261765305863,0.00631215178439009,0,0.855879836263885,0.738894084754218
sample191,0.188803654680009,0.5577145895213,0.0672727762040947,0,0,0.0906099207335839,0,0.0955990588610122,0,0.829530605982886,0.713259657764973
sample192,0.0105541087394146,0.293042767221808,0,0.614675760230318,0,0.0695739791756919,0.0119290775944053,0.000224307038362547,0,0.821819130125072,0.683491597557703
sample193,0.0164403465741868,0.538026569717533,0.285582786635484,0.0664270106739363,0,0.0835804131052222,0.00981246112459691,0.000130412169040948,0,0.902799729491267,0.765674390745538
sample194,0.0429506269186268,0.844303181294847,0,0.0191399034287627,0.00130699972919305,0.0176011202206751,0.00496340783204098,0.0697347605758545,0,0.918046556090272,0.739176902829904
sample195,0.027288531317727,0.366889591852176,0.312677330527357,0.0423374949560798,0,0.00860545307078083,0.211174830277405,0.0310267679984743,0,0.890336918786548,0.763886558747956
sample196,0.0185580838272647,0.629972062253572,0.00200771665778576,0.00889981632778378,0.138563521999012,0.132478506455835,0.0692525848715591,0.000267707607186921,0,0.827499634233571,0.762672831301179
sample197,0.0330358804929085,0.396520027032617,0.117797027246455,0.00455924975079147,0.0490823114953839,0.150379931934378,0.233397245435162,0.0152283266123044,0,0.845845639696895,0.755374027291567
sample198,0.216771047076424,0.551962011270678,0,0.197925139674834,0.0047918198633713,0.000813763521448751,0.00593704177347707,0.0217991768197675,0,0.804111551822942,0.722315131707886
sample199,0.0193948371381774,0.702541899163028,0,0.0911678866399684,0.143147405906403,0.0266311816289066,0.0168923469803549,0.000224442543161613,0,0.851810398912064,0.753760109048282
sample200,0.579562084864213,0.171066204012246,0,0.140204295305259,0.0938901648621442,0.000560202950478224,0.0142137273944871,0.000503320611173045,0,0.900894293628801,0.437460554825948
sample201,0.299644242722151,0.375435892729167,0,0.177528648190732,0.0933042460943216,0.00282556494185722,0.0177135001465988,0.0335479051751718,0,0.771701814519738,0.681612080185617
sample202,0.294719740161804,0.372714103899969,0,0.0448288700060478,0.027643050928093,0.0923980418331653,0.167009091083709,0.000687102087210921,0,0.717695827255039,0.734181655753622
sample203,0.0917526114346432,0.456595732713902,0.0285977026678406,0.175123003014563,0.022091973915724,0.123872064956613,0.00949480976202036,0.0924721015346945,0,0.835754667903247,0.732841482223986
sample204,0.353132328957551,0.22893469801674,0,0.00213735594692193,0.396022920815285,0.00167657011387928,0.0108698770767769,0.00722624907284551,0,0.902522787319705,0.447664160654756
sample205,0.0382422810534403,0.526520689724684,0.159731484554793,0.000813032698422244,0.00431950046431546,0.228425475941766,0.00210011926441088,0.0398474162981677,0,0.861760201655593,0.748269883525631
sample206,0.198286376248669,0.442802704428744,0.330137934539572,0,0,0.0131854914927588,0.0115821205794341,0.00400537271082239,0,0.792387427841562,0.753563692447416
sample207,0.0148695085773138,0.603203746502949,0.198022461925266,0.00625402065926322,0.00624488843896798,0.0698622911001517,0.101360474943401,0.000182607852687335,0,0.897631530260209,0.77007877279104
sample208,0.0496695326296309,0.58081799599088,0.120026098587622,0.00156450731439319,0.00360639192887545,0.117812710273029,0.0517715504187134,0.0747312128568558,0,0.872559871171367,0.752085112669397
sample209,0.0767915387111309,0.111931517634112,0,0,0.31580089748551,0.0108822676687788,0.402273126590969,0.0823206519094987,0,0.842139702024616,0.604247467271574
sample210,0.00457303913612205,0.445678586745031,0.278895940526618,0.0156249637727519,0,0.249935252198318,0.0021558454545415,0.00313637216661706,0,0.86741268763365,0.746368615568367
sample211,0.0429876328472755,0.35018387476029,0.57382809342167,0.00565748594613011,0,0.00669948704637148,0.00385896331954975,0.0167844626587132,0,0.915326265141693,0.766129610140476
sample212,0.0330795235619596,0.302260019845215,0.219009571115524,0.00714419178689414,0.0395978725559123,0.336407895129889,0,0.0625009260046057,0,0.839541599443327,0.718357535992518
sample213,0.00282478460876198,0.617924327341054,0.321250515326589,0.0139881882678751,0.00142127005687757,0.0382535723483452,0.00433734205049712,0,0,0.925959076496315,0.758019598246477
sample214,0.0164502179688094,0.281414138373084,0.416334279042275,0.0304997503220957,0,0.00111376492806604,0.241943327817977,0.0122445215476934,0,0.868053796770304,0.772113543512834
sample215,0.110460211306715,0.396712382795255,0.09031568911337,0.0721671491872135,0,0.318865371390617,0.00763103145730783,0.00384816474952196,0,0.805837297888921,0.735950523676143
sample216,0.108472492197513,0.778434606773075,0,0.058916760599305,0.0207113022893744,0.00315051915217487,0.0112161211044817,0.0190981978840768,0,0.860192791426888,0.755265923838185
sample217,0.412880334271623,0.125847590079649,0,0.14038705268968,0.127270593407258,0.000276737984684262,0.16603035493141,0.0273073366356955,0,0.850744390730831,0.548148225465842
sample218,0.0252622997912249,0.817722016521805,0.0113249231102085,0.000808318250258608,0.00662930716326676,0.123772282062061,0.00147928045386094,0.0130015726473142,0,0.906047476632298,0.754548610275851
sample219,0.179848588831236,0.398527386091875,0.279395988896552,0.000622344128387301,0,0.0442156618113421,0.0391749325815931,0.0582150976590145,0,0.813802831607327,0.745943414753908
sample220,0.101486498218762,0.294448081698081,0.376194120404433,0,0,0.0104040709559224,0.057764864114239,0.159702364608562,0,0.880079116536616,0.677219543382029
sample221,0.008731891467743,0.0625661233828766,0.00977110822242138,0.405732440912079,0.175942970921107,0.00134857812905423,0.335906886964719,0,0,0.886002114035998,0.58165997995604
sample222,0.0219645130497245,0.456343294598983,0.369712763093492,0.00397222382725204,0.0017178030507015,0.0907650382271615,0.00329375781617148,0.0522306063365143,0,0.911472691815682,0.755629417223911
sample223,0.017399755638692,0.320072254903687,0.179031324683309,0.268410929841555,0.00174159498827832,0.184833145924146,0.0280841205640859,0.000426873456247401,0,0.829228668344568,0.753919437579051
sample224,0.010619529216894,0.56089750143869,0.116297890178157,0.0798269192332999,0.0639222362139217,0.14848267952739,0.0196129479674313,0.000340296224215967,0,0.867464319208581,0.762339224057311
sample225,0.00409772064503569,0.727714853312153,0.0543552038103877,0.0314130563011173,0,0.177733165233287,0.00433986748289495,0.000346133215124083,0,0.892865666252974,0.751138988097443
sample226,0.0768535516569974,0.314782191223732,0,0.00206473093079412,0.58084380931583,0.00435953567929625,0.0153882794165073,0.005707901776843,0,0.858252784423776,0.554540070162803
sample227,0.172312588950654,0.264881541099169,0,0,0.292936775257609,0.0122949476973251,0.257190626806855,0.000383520188387979,0,0.827753444973047,0.62039078831973
sample228,0.0150570470951793,0.63215574592617,0.285290146504239,0.0177762754481306,0.0228143925599057,0.015568417608334,0.0112749124656881,6.30623923533972e-05,0,0.906213741178613,0.765674590418984
sample229,0.0698222987347151,0.184190813172217,0.219034054323741,0.0036088758953935,0.0669432003356229,0.0051120593857421,0.37657500759053,0.0747136905620384,0,0.84185456110929,0.710808288955289
sample230,0.00996707932942857,0.415448535225952,0.274872572924178,0.277949826905155,0.00251489821320571,0,0.0190281074268626,0.000218979975218037,0,0.841960063274372,0.761098809525151
sample231,0.176601337812257,0.458037727220864,0.257228941920022,0.00323816371902241,0,0.00783536467003148,0.0961233098655332,0.000935154792270054,0,0.762391386451187,0.775551157208098
sample232,0.0851926792883186,0.31778208702956,0,0.0349656611291519,0.424232238476294,0.0366963068880973,0.100531317265179,0.000599709923399103,0,0.799092359771587,0.649278230273986
sample233,0.012077681188367,0.587191539830963,0.00142224654014142,0.270145959756124,0.0357741858205983,0.0190027215910904,0.0741732296612406,0.000212435611475931,0,0.83946592549042,0.75022582784059
sample234,0.00467650642247877,0.162113158297981,0.00148260118270056,0.778163669488253,0.0267256502141346,0.0197516754258997,0.00702681744827599,5.9921520276348e-05,0,0.812094675517196,0.646700957681379
sample235,0.0655216465437175,0.240285212392764,0,0.298976971424292,0.0445726765518802,0.00247546104624902,0.330990521206419,0.0171775108346784,0,0.857296168648675,0.669810680615203
sample236,0.040846823467359,0.396436291890012,0.427003336674488,0.122801405639052,0,0.00425623418686488,0.00855691378163276,9.89943605911192e-05,0,0.884151040815622,0.770492325213346
sample237,0.0133214782079187,0.497516877271764,0.0236620669802208,0.00219855133498848,0,0.356430507859356,0.106342232391316,0.000528285954435926,0,0.813411331263657,0.735678118849869
sample238,0.0605555350172505,0.519247348569283,0.118040702875812,0.00288563266510513,0.13456449225531,0.00464061937914829,0.158422720102258,0.00164294913583303,0,0.826151788459804,0.750207008627393
sample239,0.603629125237899,0.133541818611988,0,0.0136026825693087,0.229201833478259,0.000364142802865214,0.0122439295469585,0.00741646775272116,0,0.920848565075457,0.391388237514114
sample240,0.0215802362358734,0.524489821344803,0,0.293962537865084,0,0.0910550595685221,0.0118144922995625,0.0570978526861554,0,0.846511397253105,0.745013979570826
sample241,0.151725376693253,0.257607213511846,0,0.105699866616632,0.122290637684753,0.0100652402468693,0.352279008367953,0.000332656878693849,0,0.838143411972646,0.6567360709724
sample242,0.0208482005995544,0.370340428075704,0.544870932947823,0.0480251880470526,0.0031525183458683,0.000446965598969385,0.00668671020534324,0.00562905617968531,0,0.908543309297756,0.76925806425795
sample243,0.0279517511849371,0.508256213088557,0.0704602520865084,0.16983679261261,0.0113264669314461,0.200715953263693,0.0111180482757161,0.000334522556532019,0,0.867323084671921,0.747461151524252
sample244,0.154938083638811,0.705872082292059,0.00573588666782335,0.0628488899148843,0.00332680573594618,0.0516688968777226,0.00947688501697064,0.00613246985578307,0,0.815811185997669,0.757240668408778
sample245,0.275829636346075,0.10058151835515,0,0,0.490496068802525,0.00652430982925511,0.0075116155672757,0.119056851099719,0,0.886305638329029,0.472012987664254
sample246,0.841231287353403,0.0906184170534905,0,0.00321791357783459,0.0406040673271284,0,0.0227489152216757,0.00157939946646803,0,0.950871278723076,0.356090189455388
sample247,0.100736722322072,0.252972265638767,0.136768012331928,0.00609640567169635,0.162818108179849,0.00733582293555429,0.246937040275379,0.0863356226447546,0,0.822053029051997,0.69527617958813
sample248,0.0228040033685386,0.242237562639241,0.173171344922508,0.00530107400791201,0,0.219125547061181,0.337359576048403,8.91952216472716e-07,0,0.835132414551084,0.739221752996137
sample249,0.0078717928211863,0.366485335992201,0.0403853748639703,0.378690186382625,0,0.0446483525644201,0.161686328913242,0.000232628462355018,0,0.832324540656721,0.721180341747651
sample250,0.0216047703633775,0.477388580368813,0.183685852936392,0,0,0.0844266027797114,0.232595264016937,0.000298929534769076,0,0.871413495972698,0.767943717556644
sample251,0.212914788697301,0.136989638751693,0.00956300464907309,0,0.0598209513380569,0.0166983445189243,0.469074681463558,0.094938590581394,0,0.825361117364121,0.641708290615186
sample252,0.168721702228927,0.11714437813901,0,0.00233484376127134,0.543418676318676,0.00246534433447667,0.132877324111084,0.0330377311065547,0,0.873693810476492,0.505654487575306
sample253,0.087560239589534,0.703973270249667,0,0.0291275658633393,0.000197343999629536,0.134442967441488,0.0441319151589454,0.000566697697396383,0,0.859847091153744,0.760327500334688
sample254,0.211538193577565,0.419324672121415,0.121790412553519,0.00292009802371534,0,0.241820691134655,0.00260593258913029,0,0,0.776251249626569,0.732309288491914
sample255,0.347535884892789,0.172858610086535,0,0.00469911055768166,0.330933086994599,0.0407311603261905,0.0103843645399811,0.0928577826022243,0,0.871947466316834,0.506888364658378
sample256,0.150201888705624,0.323668504455416,0.0346539110260824,0.189923924222599,0.0187899167549676,0.0997884580648578,0.0141347635220852,0.168838633248367,0,0.835717606141331,0.664622083407821
sample257,0.0148466603067295,0.264055646409018,0.36520160566654,0.29732599836643,0,0,0.0528822267231797,0.00568786252810269,0,0.826744978809202,0.762657478653857
sample258,0.0149591138681354,0.312665059784347,0.12625695232151,0.0835329538512846,0,0.108114089365664,0.354471830809059,0,0,0.829980512119462,0.746617312282218
sample259,0.0166559699232321,0.741461545680856,0.0602514087096747,0.0806359066790631,0,0.0783323592854887,0.00458184385779503,0.0180809658638903,0,0.916109531107453,0.757256373724273
sample260,0.0130708806301945,0.40556943323885,0.217269366852276,0.00368531505982731,0.00229291159231156,0.333630419334552,0.0239704749990706,0.00051119829291862,0,0.856338572057411,0.724297694772838
sample261,0.368804504049734,0.22267526588423,0.123649885853809,0.00592819915677511,0.0511314318800047,0.00528451923472968,0.221407668787621,0.00111852515309621,0,0.733824087534852,0.696736980775362
sample262,0.0874893498267217,0.563276226190855,0,0.325095549168495,0.00346989824322168,0.00417352803058609,0.0163234662803761,0.000171982259744534,0,0.822583054004452,0.744184842133486
sample263,0.0574047482898523,0.735929804825171,0.038254507431686,0,0.0262521983958667,0.0415044951944139,0.036021783258444,0.0646324626045664,0,0.891226595356563,0.750377756360161
sample264,0.251813110406713,0.400442806946869,0.0302553991635475,0.00318161498875467,0,0.0354369801369804,0.275319759743592,0.00355032861354486,0,0.753824362426396,0.730496797454626
sample265,0.250327408867932,0.200893315028559,0.362078865939498,0.00806508753441913,0.0119087177390417,0.00162479413799515,0.121333676834825,0.0437681339177295,0,0.760110204607467,0.737260666285536
sample266,0.170658109921362,0.371464211791727,0.0961664296583929,0.0145655247523678,0.0475431038003013,0.286940514372928,0.0121590218288109,0.000503083874109956,0,0.764222433389091,0.737509223656131
sample267,0.0710579653349898,0.646585170080751,0.0446301901937729,0,0.0080613619317386,0.132736656969276,0.0173866132869582,0.0795420422025135,0,0.862540095023575,0.744551239704246
sample268,0.07020621627456,0.339054398536647,0.296576685370911,0.233246036517112,0,0.0120208661281646,0.0488362249698911,5.95722027139148e-05,0,0.832964740535397,0.765369954055244
sample269,0.00828115677992713,0.683176452537627,0.238836242194607,0.00133299851414051,0,0.0526862333277029,0.00235005176856806,0.0133368648774275,0,0.929288025707405,0.756073033454688
sample270,0.0516630952779036,0.493556793775267,0,0.237195931827157,0.0047961196824869,0.0349312583153389,0.175931357555255,0.00192544356659065,0,0.845392732370749,0.741915968546076
sample271,0.0101306857945908,0.328616262197247,0.232283347868904,0.0175634117804264,0,0.290793081856949,0.120022524671658,0.000590685830224626,0,0.863202995410486,0.734952523288771
sample272,0.166697662794017,0.721462489604239,0.0856637408185166,0.000496828647898847,0,0.0217688641678809,0.00382644941556855,8.39645518795035e-05,0,0.823537882696106,0.750686469808421
sample273,0.16977098455481,0.321986243374625,0,0.147203091965456,0.0694869939517401,0.0425807064408008,0.126747630586106,0.122224349126462,0,0.811441736793704,0.687793232867887
sample274,0.00446375529313992,0.352490517828086,0.322945201703666,0.00411943649844643,0,0.313224853321634,0,0.00275623535502866,0,0.867473091761444,0.726201829144605
sample275,0.168797681058056,0.758390967263184,0,0.0440584207861651,0,0.0125142087161889,0.00878548634152838,0.00745323583487726,0,0.819813670354735,0.750389657734427
sample276,0.251855733259114,0.126034777376467,0.0534490050749127,0,0.199025697811478,0.00921083469002595,0.209412532586937,0.151011419201065,0,0.828436879323464,0.599396036805215
sample277,0.00983850905011245,0.240571061765014,0.204401568236814,0.544323078911779,0,0.000162373958970133,0.000703408077309611,0,0,0.773480174932463,0.733093511891469
sample278,0.0674862298857494,0.594157490874963,0.262445515661302,0.00236797836631286,0.0221205971526101,0.0422563394601094,0.00895992537011726,0.000205923228836444,0,0.889504988829001,0.763239249079586
sample279,0.0384537912988843,0.0331818576161691,0,0.748352788355254,0.130758993995581,0.00112327531496803,0.0446840439537611,0.00344524946538185,0,0.865658796107341,0.57481657822281
sample280,0.00809591137922422,0.46121002814107,0.383715300759528,0.136437924358731,0,0.00214329098950723,0.00461499781351788,0.00378254655842192,0,0.896560767967918,0.76550496843151
sample281,0.209213776994885,0.28243062026065,0.147318006460817,0.00443926016632737,0,0.151906966414563,0.203077591082187,0.00161377862057066,0,0.773207259215204,0.738855275872467
sample282,0.0371970525402669,0.688535957720771,0,0.000415280258450239,0,0.16342523976867,0.0593957385738102,0.0510307311380316,0,0.867245078891953,0.757910442537637
sample283,0.0796174576607172,0.607349861307222,0.101788635909411,0.057085170858489,0.00328092604648402,0.025776577443333,0.00705558701701786,0.118045783757326,0,0.877442395396022,0.717200452579783
sample284,0.00974424845244957,0.548243418058152,0,0.313537054338327,0,0.00195226720324942,0.126325693744435,0.00019731820338684,0,0.818330364141278,0.749128696946267
sample285,0.0547938218907076,0.680758909812294,0,0.0204391475801283,0,0.209258138226701,0.034738594547845,1.13879423233895e-05,0,0.850504291058419,0.757554907626679
sample286,0.517394552392193,0.248565117678216,0.0389841633940998,0.00430168060572289,0,0.0914163792585436,0.0776646573435814,0.0216734493276429,0,0.7760406503503,0.634145953388549
sample287,0.0161082509669529,0.344952069799458,0.0186002591498442,0.0151344061149549,0,0.00523118448139841,0.599954890777894,1.89387094983829e-05,0,0.848731686205069,0.686288794475337
sample288,0.00716121064815447,0.535814202476924,0.212453757087808,0.102919833421079,0,0.123250930222011,0.0182724901856817,0.000127575958341551,0,0.890077292012057,0.763395218157628
sample289,0.0337610512366342,0.469648182627809,0.0311630916984609,0.001500688763187,0,0.107703330722624,0.35448022625059,0.00174342870069517,0,0.854691539178019,0.744943345058979
sample290,0.0767156518607832,0.546477346173427,0.108157408315209,0.00174492759690192,0,0.256040909100529,0.0105990207823645,0.000264736170784901,0,0.827937389571737,0.75168519735239
sample291,0.119247530849071,0.132318508407829,0.00547170881403146,0,0.451379938813343,0.00845008954586441,0.165776310325842,0.11735591324402,0,0.843845972025787,0.570345552003156
sample292,0.0947338332673357,0.388428626107998,0.422951781565014,0,0.00345538649697213,0.00510621147972322,0.000640503979807905,0.0846836571031487,0,0.888276825226512,0.737111910456436
sample293,0.509227389552869,0.433985876726638,0.0358232971009565,0.00650527770398973,0,0.00217273840042932,0.0121873480162445,9.80724988730646e-05,0,0.799270011528138,0.610971772576741
sample294,0.0294223259472642,0.384829018116475,0.389338765209457,0.000351489484494473,0.0152646706221108,0.178666587292086,0.00208258325520703,4.45600729061177e-05,0,0.880498711723797,0.759529851504441
sample295,0.186826511636828,0.37854896122328,0.269912215523653,0,0.00917710981531691,0.0428213634426273,0.00651763984274878,0.106196198515545,0,0.825797875200957,0.713569460619559
sample296,0.119565270250368,0.53248395508354,0,0.321993914075565,0,0.000650366172814346,0.0156279762504164,0.00967851816729645,0,0.791207911020323,0.751755263267449
sample297,0,0.67418437784235,0.133291673868644,0.0206312976684324,0,0.168402310986134,0.00349033963443928,0,0,0.891236809210421,0.754458127994019
sample298,0.03687319973796,0.209176802779557,0.11532267524111,0.0145823238866251,0.340511250512946,0.13659869185411,0.146935055987691,0,0,0.767766750073608,0.708216256142845
sample299,0.0318904556307769,0.689934732057856,0,0.225894460587445,0.0306679559846707,0.00258600700592639,0.0189175654866234,0.000108823246701497,0,0.866566930166595,0.751028062969488
sample300,0.211060317473093,0.321144555212893,0.0350292669055513,0.00455683884191767,0.0103712145785795,0.00304429039578982,0.412305337987199,0.00248817860497739,0,0.789973486660849,0.705401696663452
sample301,0.296608259634086,0.373554174043765,0,0,0.222272337123395,0.00300469154215227,0.023739636959863,0.0808209006967384,0,0.814829899939182,0.617857798915559
sample302,0.00854322847746917,0.470708297155006,0.193692048893243,1.66029565033492e-05,0.00769663700728876,0.301604291140989,0.0177388943695011,0,0,0.847311417250876,0.73874796912442
sample303,0.0126607045306606,0.405817707557158,0.269483240031421,0.258138443243796,0.0135978373565251,0.0253936443834055,0.0148139252640976,9.44976329364479e-05,0,0.856002048836994,0.759218758659611
sample304,0.0206632063097589,0.648867744812469,0,0.000651745861727215,0,0.120602417563531,0.196416626325717,0.0127982591267975,0,0.886893518026716,0.760323864154843
sample305,0.0799901230634751,0.328718936077744,0.162987562079607,0.000497617723490623,0,0.0523461880780972,0.329335978093665,0.0461235948839211,0,0.843660157272675,0.747260295422332
sample306,0.103045655489883,0.121326472729789,0,0,0.439137158271529,0.0195729727078753,0.22696439584968,0.0899533449512441,0,0.858736515817584,0.56080353603326
sample307,0.0361872334637086,0.359762158273249,0,0.425739294853636,0.0187297499295223,0.0532961018877893,0.0189461196377995,0.0873393419542951,0,0.856782621709671,0.692488026582366
sample308,0.248553197501893,0.138994211872587,0.0846321981405062,0,0.327934392507719,0.0654044571014826,0.105095459252085,0.0293860836237265,0,0.80148989418154,0.621789663039228
sample309,0.00758253403825696,0.325609887218648,0,0.0712966295467374,0.0708863724212379,0.0157809373515553,0.507730372241549,0.00111326718201593,0,0.880404752650686,0.663370095490915
sample310,0.125449503247608,0.27177980135188,0.0339648037849172,0,0.536423232058027,0.0201083925583965,0.0122742669991718,0,0,0.816379423461362,0.599964594144704
sample311,0.121552611686212,0.156436403203018,0.0645105808316054,0.00128536676328918,0.41420463968809,0.00276410872133021,0.21412749224375,0.0251187968627053,0,0.813077045824136,0.619028781966821
sample312,0.0997518474102281,0.582580966537813,0.247340251076429,0.010117445671468,0.00366057895228469,0.00110087249398118,0.00445451073904433,0.0509935271187517,0,0.885331513628923,0.750971628178732
sample313,0.00899554235126779,0.276037528953873,0,0.501164856238312,0,0.0508779580135533,0.154374673291887,0.00854944115110778,0,0.854845643817659,0.674019466497076
sample314,0.302956799361979,0.336336301567309,0.211685113031649,0.0105494196876688,0,0.0434341365554045,0.00265883322241391,0.0923793965735766,0,0.796947866971269,0.682936405864149
sample315,0.00641787311072126,0.673827914168164,0.00710321666267814,0.0712137364116857,0.00956231439966081,0.223153294245724,0.00839454234086832,0.000327108660497751,0,0.862922649449143,0.751938662940389
sample316,0.0340291959352567,0.469256818893868,0.322244232901856,0.158618538818834,0,0.00753665410693681,0.00824285666041119,7.17026828367527e-05,0,0.878938078308869,0.767575892794905
sample317,0.203801573965265,0.158762290602857,0,0,0.115164037222142,0.0021925742025146,0.516493129917289,0.00358639408993269,0,0.847758708421805,0.610334217030715
sample318,0.0348368687664595,0.146181586868476,0,0.00220820616172825,0.721252617508118,0.00831802166501773,0.0681073366447761,0.0190953623854243,0,0.911977195303277,0.440979142185645
sample319,0.00297547976788198,0.436307794570468,0.220994928884182,3.46040159167963e-05,0.0179947181486354,0.321581344410445,0.000108728382109873,2.40182036021536e-06,0,0.849702286362655,0.7309137735166
sample320,0.377044747089003,0.483674650942249,0.0948826353684411,0,0.0314716581057913,0.00113130971650622,0.00660182723399064,0.00519317154401913,0,0.768569556617357,0.675814491280715
sample321,0.172462967778175,0.406957427426082,0.36021957669865,0.00134413208112282,0,0.0515216502507537,0.00739709275108457,9.71530141311278e-05,0,0.80880217388227,0.758253445519921
sample322,0.00791890402493773,0.637957083172066,0.0651440620129367,0.18046853691588,0,0.0162059137453774,0.0918121604972912,0.000493339631510841,0,0.868223415674417,0.762043355225993
sample323,0.0327830594699032,0.322203112437344,0,0.0252381242259137,0.16227534378648,0.00687097896320293,0.450629381117156,0,0,0.849487737709731,0.668036168740826
sample324,0.0806529103054705,0.591988475207031,0,0.0250194269590153,0.120492844040032,0.0969975043196356,0.0847537121286129,9.51270402022602e-05,0,0.815470962746799,0.75296156910876
sample325,0.0113966308129947,0.794871245623153,0.11794987793055,0.0139475301114482,0.0347560299210027,0.0180096662767162,0.00902093932273869,4.80800013970951e-05,0,0.912246921658051,0.75971504845118
sample326,0.0476533313398307,0.188808753777092,0,0.497402955117592,0.187237953471333,0.00769952417953278,0.0249261476213773,0.0462713344932428,0,0.858873429676146,0.629497815088001
sample327,0.0160995977011632,0.501160456435265,0.408673505922168,0.00116346309872219,0,0.0256016639417598,0.00185479610953879,0.0454465167913839,0,0.930061632752417,0.754208443720105
sample328,0.108717577059767,0.274122505166866,0.136538323521966,0.0513669237364895,0.044368857991758,0.221426461874697,0.078600901060198,0.084858449588258,0,0.824878054401615,0.723530509985502
sample329,0.0214990372813574,0.592129309100942,0.267815811484805,0.0048917868341304,0.0211074911109752,0.00165849969649185,0.0908530726409182,4.4991850379877e-05,0,0.903117021021792,0.768212326865642
sample330,0.46311602939737,0.325257589255239,0.110304642874678,0.00271240268687154,0,0.087400954007586,0.0109761467615867,0.000232235016669018,0,0.72496509886657,0.694334638301914
sample331,0.0641585222705226,0.751771037152716,0.000154827584856401,0.129857513865468,0,0.0477893025913929,0.00619194268666928,7.68538483746058e-05,0,0.874138800242191,0.762264132827947
sample332,0.0270841513357074,0.512926873365981,0.149195339515447,0.0373708556386401,0.118792359932219,0.0589712971162871,0.0942157370039695,0.00144338609174876,0,0.837556872623371,0.766277972253201
sample333,0.0257670506413764,0.567875339100808,0.0306522675229941,0.00792104266920293,0.0165365676119618,0.318410504786503,0.000113297775261857,0.0327239298918927,0,0.842793273192125,0.730825554433646
sample334,0,0.224287733934309,0.00512708510171978,0.297754264365157,0.444591929687948,0.0103591415200984,0.0177953271688273,8.45182219403814e-05,0,0.80026545724425,0.646230914499383
sample335,0.117334234828833,0.644032582575122,0,0.00232984543592493,0.0128173528840058,0.0148710195892182,0.155299542841856,0.0533154218450399,0,0.847249539995583,0.75070904532901
sample336,0.123558253752751,0.11418292532484,0,0.562321279170441,0.0147647612292362,0.00398565476471028,0.0503539267439289,0.130833199014092,0,0.853546186059318,0.619660169240922
sample337,0.517355372688798,0.346642921023537,0,0.0340339862842604,0.0100823657373453,0.0751809641985607,0.0164177605717182,0.000286629495779917,0,0.768574640708234,0.642325880806
sample338,0.10024862136025,0.436130544382327,0.153274171702538,0,0.0453108305492924,0.0841950785942375,0.0821573180016022,0.0986834354097529,0,0.842645149409837,0.733082179979737
sample339,0.152457897396156,0.727229413094083,0,0.0217494186483808,0.0633151453358427,0.00373843140601112,0.031164029823528,0.000345664295999019,0,0.797245615255467,0.752608230982758
sample340,0.00274045268540668,0.702815783796519,0.116535122641015,0.0324375738634784,0,0.139305265365826,0.00594098318714302,0.000224818460611765,0,0.895567969490366,0.758298909304681
sample341,0.0993262881766157,0.290279759853955,0.0434069353554123,0.217934418692086,0.11576606746061,0.0639007774611283,0.018846270604852,0.150539482395341,0,0.827581228412314,0.674309689224423
sample342,0.425291738336452,0.258160065619761,0.0625521738946762,0.000466901937781643,0.0310098794717054,0.119599773677154,0,0.10291946706247,0,0.76580965422711,0.655315607062295
sample343,0.545427390564992,0.109392601767986,0,0.00855491759878579,0.0681063515746692,0.00775737793331852,0.0459333117719959,0.214828048788253,0,0.911501558617557,0.417401130270976
sample344,0.112577777237037,0.4915596103568,0,0.0752382957187269,0.035913310991012,0.150375169537538,0.00420469107152921,0.130131145087358,0,0.835041856575791,0.704232154315308
sample345,0.308953526504484,0.268375777052385,0,0.00962580126009241,0.291043531773799,0.00644267286623473,0.00462956863171891,0.110929121911285,0,0.856613046532834,0.546556767241498
sample346,0.0124025651602136,0.370106695457261,0.23269565015499,0.003553822409843,0,0.185925453279323,0.195001151618804,0.000314661919564915,0,0.849407094810168,0.765222724829925
sample347,0.116031037616681,0.224494566901115,0.125959101174616,0.220197970349135,0.0571189178203858,0.144873121111902,0.0141772998582007,0.0971479851679653,0,0.802146587759805,0.724018229112299
sample348,0.231389929565163,0.531387200892755,0,0.0582738794126462,0.00802076569261127,0.0712441958445946,0.0991384085078604,0.000545620084370071,0,0.758820958505493,0.743778947937054
sample349,0.15236346289429,0.257291964265019,0.120830544285878,0.00273928300369097,0.442719795596459,0.0156842123399815,0.00834077860534349,2.99590093380599e-05,0,0.810000492600132,0.622934950903428
sample350,0.0886463988302235,0.185260622391615,0.0602325036372894,0.00304475523337089,0.216919363799184,0.128599966355339,0.216173474261406,0.101122915491571,0,0.813340035574052,0.678160564106901
sample351,0.006497436508402,0.378238248412455,0.563777723863698,0.00142923817797916,0,0,0.0500573530374657,0,0,0.908711195073574,0.770765999968235
sample352,0.396126164124652,0.23484800162283,0,0.0372626698490143,0.307942413491696,0.0109659636003774,0.0124625505642712,0.000392236747159862,0,0.824406993176529,0.568897624407294
sample353,0.507972368473428,0.163883275641649,0,0,0.282746054021057,0.00182355430499231,0.0125662406252963,0.0310085069335782,0,0.919840836751049,0.394701269360896
sample354,0.17283505363134,0.30171576127601,0,0,0.22498542844195,0.00517040374493916,0.292136541517951,0.00315681138781018,0,0.79960563683023,0.662308524454565
sample355,0.104973630080126,0.46538181280268,0.231499565062563,0.00213111478539825,0.0164496382835063,0.171830363829095,0.00737840181987126,0.000355473336760686,0,0.83500066377637,0.758854777818036
sample356,0.396230689420809,0.408056752188359,0.00195128092508717,0.00277205606287947,0,0.0293513593467631,0.16105605564233,0.000581806413773067,0,0.732739794375272,0.699609412574635
sample357,0.0190622459215957,0.754834405720201,0,0.00233369379358715,0.076949072975741,0.132786489535051,0.0134623866427958,0.000571705411027895,0,0.873329482354624,0.760716869697466
sample358,0.0618176789447962,0.244014513306588,0.161322906911636,0.178899541636424,0.302469914065633,0.00498034636489944,0.0115557409619539,0.0349393578080693,0,0.777886546815308,0.70828753953357
sample359,0.0126367194884562,0.596488679373407,0.330069191576525,0.0448270881859791,0,0.0101977507435369,0.00570176225662489,7.88083754706916e-05,0,0.918183289182213,0.761323223830209
sample360,0.00901162485707287,0.540744653708859,0.277108645275906,0.046770479532999,0.0318786282930316,0,0.093873800415581,0.000612167916550328,0,0.893156018601974,0.769531285273527
sample361,0.257287976706045,0.469271110465262,0.0963222281234115,0.00257803100105145,0,0.063242511789826,0.111015842621726,0.000282299292677665,0,0.76037291150217,0.735737232407603
sample362,0.018864450452467,0.160242746312739,0,0.79204479615407,0.00474309797034144,0.0153237433386501,0.00522505461261873,0.00355611115911425,0,0.825499314160036,0.635025964332739
sample363,0.0197142722594836,0.62387457799866,0.274929692280528,0.001943307005204,0,0.0767144100779219,0.00265192723406468,0.000171813144137624,0,0.921249083386582,0.757814203336497
sample364,0.0773198251797867,0.373373658182361,0.136763406407276,0.0295642149817383,0.00299182956473666,0.175946304906558,0.120314046936405,0.0837267138411389,0,0.846265179721856,0.740240380419959
sample365,0.230383778533973,0.304829116949972,0.0871318220458799,0,0.115404120158056,0.114095456315956,0.00536480042199712,0.142790905574166,0,0.831133752280694,0.639427505545065
sample366,0.0348240286517608,0.457294608373284,0,0.473659376421128,0.00715529539380516,0.0181460371971297,0.00873938525824371,0.000181268704649009,0,0.818776136966486,0.720324747627144
sample367,0.0527117539163176,0.655359497735546,0.220217229348653,0.00229659604459984,0,0.0374527342457139,0.0313066492176788,0.000655539491491072,0,0.912073625419685,0.760924376432446
sample368,0.237127947774806,0.390375388090989,0.218323594374952,0.000162297622562058,0.0158393355271336,0.0610862996691051,0.00763472729757389,0.0694504096428785,0,0.785565204559502,0.724009506891024
sample369,0.0414582478953833,0.404845985849256,0.2536775903676,0,0.158195328784192,0.109977159650902,0.0316538614355322,0.000191826017133517,0,0.825111767968425,0.759994144636869
sample370,0.0868000466283841,0.328384529171531,0,0.228216384525524,0.169586316811451,0.024655694537108,0.0799305798125404,0.0824264485134616,0,0.85109972149384,0.673268208629348
sample371,0.101131180565681,0.689875193136308,0.0436919009877964,0.00178242810538558,0.0107816980300614,0.0308112705338994,0.0310616470784168,0.090864681562452,0,0.873051125260506,0.732413936313126
sample372,0,0.0946613925882426,0,0.358540557045906,0.316660800420155,0.0116345873245548,0.218502662621142,0,0,0.86846569182077,0.585241295376215
sample373,0.0062445907567779,0.791078017408945,0.0564515136941395,0,0.0721425852284836,0.0642006803626957,0.00971653520780049,0.000166077341158216,0,0.893275143698905,0.76320423152066
sample374,0.0471810422392039,0.47592678793571,0.283333208276262,0.0131879792509768,0.00474408385247323,0.131396085263561,0,0.0442308131818126,0,0.890794955344837,0.757523753577235
sample375,0.0961359327054583,0.329656734078647,0,0.0891517364496175,0.42400520341565,0.00122953820359421,0.0388700317990727,0.020950823347961,0,0.786219734203159,0.658506488999969
sample376,0.0103936741754197,0.707784766498342,0.0429234331404863,0.00549796666857594,0,0.157300708668036,0.0757880794744143,0.000311371374726558,0,0.882284126788969,0.761905896777522
sample377,0.012651726985349,0.369634718503914,0.159494392741006,0.0519909753377029,0,0.404221537045596,0.00200664938643182,0,0,0.848051902637348,0.702841090601779
sample378,0.0190660066716124,0.433549163166506,0.125884864460526,0.0127839348553316,0.135045268439434,0.0264955936885779,0.246513566305472,0.000661602412539721,0,0.82366339962906,0.748860285104595
sample379,0.607530214498988,0.160369536260508,0,0.00176611674496008,0.153689155177356,0.0603556549901198,0.0140217745489306,0.00226754777913837,0,0.83838047195737,0.549527905960546
sample380,0.00634244647573256,0.356703267201078,0.426379860708669,0.0230487997109479,0,0.14322761330314,0.0439994266236179,0.000298585976814668,0,0.877279023782849,0.771599276184721
sample381,0.459735542703919,0.296545641809004,0.0942374739103287,0,0,0.0854917475993042,0.00387875400448873,0.0601108399729556,0,0.819265414766412,0.600544478369531
sample382,0.540548715471708,0.251431210257817,0,0.0146968067035212,0.0887212360538776,0.0200401523525519,0.00848118381254994,0.0760806953479749,0,0.825312149556891,0.565684599482452
sample383,0.0028090528400011,0.445692962522575,0.395173323866852,0.00292993796430107,0,0.139567703292384,0.0135654636664254,0.000261555847461863,0,0.891460254068075,0.76415330962048
sample384,0.0728212240024966,0.422201196695663,0.0140571657240737,0.0017699810966255,0,0.132122132536019,0.356299172353131,0.000729127591991033,0,0.831205998250366,0.742779664262835
sample385,0.025658133538019,0.358220902406792,0,0.00832905312723385,0.105724769556928,0.040598234841924,0.460882852596313,0.000586053932790023,0,0.847174308437124,0.692535207318594
sample386,0.00472245198408547,0.684611714068223,0.236616938134777,0,0,0.0542367252770806,0.0196533555618005,0.000158814974033405,0,0.916632865028281,0.760735801665761
sample387,0.0737451801778955,0.524616985080471,0.294185059704514,0.0020504365550875,0,0.0375990453397727,0.0677280482746836,7.524486757577e-05,0,0.879835920401135,0.770688162234593
sample388,0.0104998900550321,0.415192776930708,0.0810773942018135,0.155884433076478,0,0.163899333719737,0.173106324844578,0.000339847171652922,0,0.843702829914537,0.755232488754204
sample389,0.31092175954468,0.144533590546328,0,0.00243939233103524,0.212367422469609,0.0153563166666964,0.170319951079757,0.144061567361894,0,0.834659436218544,0.575146270656979
sample390,0,0.236069993878495,0,0.0275624148216727,0.360804559878722,0.00177145323819933,0.373062541546621,0.000729036636290666,0,0.848565302443544,0.616265870595509
sample391,0.172374318765541,0.255212983847619,0.16005319858758,0.0467997235770795,0.0157379881284683,0.00483903900612839,0.20968444917534,0.135298298912245,0,0.821215218391921,0.691685060529913
sample392,0.0488325083252249,0.290645701724004,0.565218223224171,0.00141948848658284,0,0.0600979385394496,0.0322652915087808,0.00152084819178644,0,0.903895746705523,0.770501931753674
sample393,0.0104377037924572,0.525768459750389,0.0927069012575005,0.0302205517999114,0.150201885317938,0.171955836804357,0.0182056443319079,0.000503016945538789,0,0.830985060837949,0.757500493527425
sample394,0.0536563876111885,0.298781009561305,0.389564265816092,0.0253243272908743,0.0329452852792978,0.157364737548225,0.00606173416972099,0.0363022527232954,0,0.867507312628225,0.762014329571912
sample395,0.0270326868045004,0.430232725343875,0,0.00116623131116053,0,0.0189752713906493,0.512832178710145,0.00976090643966931,0,0.849402328984031,0.712818139122558
sample396,0.0355127539115613,0.679155455743286,0.167539923626636,0.0118669291217816,0,0.0749479365105877,0.00310818139615738,0.0278688196899894,0,0.913818224323798,0.758821916796662
sample397,0.14119712684919,0.450149190106295,0.0773859614331414,0.00790141954524904,0.0257077690468481,0.00717580954930672,0.13528947663912,0.15519324683085,0,0.863655754825184,0.668396924181579
sample398,0.0221032887024007,0.687565717396241,0,0.215198200839718,0.0137384224660316,0.00474580150226819,0.0081284434018892,0.0485201256914517,0,0.875899371776405,0.75004763889785
sample399,0.00939801035154828,0.621047646618069,0,0.00985757263703587,0,0.158298039164471,0.198073036725206,0.00332569450366999,0,0.862492920740116,0.762490054228286
sample400,0.143361106806263,0.291871484396267,0.0199076109216461,0.00344342187567874,0.0385186620492474,0.129331532725031,0.204840493985056,0.168725687240811,0,0.828081845398965,0.665772687191938
sample401,0.32612912995133,0.104747951869482,0,0.137268466160361,0.349992692469954,0.000982322822605725,0.0796321418236249,0.00124729490264326,0,0.867157072975994,0.511490782772764
sample402,0.535461747680491,0.112693664021239,0,0.210814882935472,0.00261466132478916,0.00430282614908359,0.0244389157191025,0.109673302169823,0,0.858141528857678,0.522285688780657
sample403,0.00509071438300089,0.552748256272508,0.248806367657962,0.0984404829666946,0,0.0916443276360878,0.00312895293326834,0.000140898150478833,0,0.891542844271644,0.7665666001508
sample404,0.268809611205991,0.411065466917169,0,0.000659345421795638,0.0144998581587455,0.0243522378421924,0.280040185952,0.000573294502105919,0,0.744061156726608,0.725439087503988
sample405,0.0780625714357828,0.578826148542177,0.326656995463086,0,0,0.0145426440828919,0.00188229482096596,2.93456550960171e-05,0,0.890682519095693,0.762379639588141
sample406,0.215933266305238,0.108867578626872,0.20970990399967,0,0.411533633971353,0.0134070195569185,0.0405485975399485,0,0,0.799369606153631,0.620573312983213
sample407,0.335603938343872,0.130866126122149,0.0228032326367896,0.00359644296581501,0.353645138847457,0.0828797560307196,0.0123973619291788,0.0582080031240198,0,0.853593508680142,0.533839264943495
sample408,0.00401210417159837,0.856095887021575,0,0.00537283359628234,0,0.106416802463806,0.0277712264731754,0.000331146273562377,0,0.907648467771249,0.756820953220986
sample409,0.0209166600440348,0.257726132574965,0.178332935833888,0.0654054243673887,0,0.220366361239036,0.240626098848829,0.0166263870918583,0,0.845526354180429,0.745640762177857
sample410,0.0606410227094709,0.62416366321654,0,0.0670411359861868,0.20619146926631,0.0203145957452697,0.0212384314680627,0.00040968160815943,0,0.799717193353496,0.743356409159911
sample411,0.0248957012242753,0.87117906923944,0.09135156379889,0.00209978302690473,0.00521527437803031,0.000127484020669309,0.00507490917465311,5.62151371371908e-05,0,0.927143538368316,0.751204404382538
sample412,0.510384826692095,0.122581471156017,0.06470850709202,0.00415410557063326,0.142824467936722,0.096689859052287,0.0105186590898362,0.0481381034103899,0,0.866902669834853,0.504780499084658
sample413,0.0140407275182974,0.419952472372762,0,0.493506092436485,0,0.0642373209606474,0.00352823870825364,0.00473514800355523,0,0.83114600841081,0.711948511957846
sample414,0.219627162819941,0.200941843017044,0.0796813463872981,0,0.366899974562941,0.107915337486791,0.0249343357259854,0,0,0.796729271219722,0.630267990113805
sample415,0.0105319416561144,0.388906594037986,0.477672866257698,0.00218622260313662,0,0.0255147568237027,0.0939502207947309,0.00123739782663174,0,0.90296319266148,0.774595756524122
sample416,0.101734666566015,0.480601266778721,0.115957055183006,0,0.0337400137739951,0.134522155104365,0.033953393986381,0.0994914486075172,0,0.83800311173001,0.731966119918346
sample417,0.151229993719233,0.33476368225741,0,0.0196936829078255,0.268871878290808,0.0782764180369749,0.0432579175822939,0.103906427205455,0,0.81099482005707,0.657650431198497
sample418,0.0118240598434291,0.784259577394521,0,0.161138110837087,0,0.0348604211601966,0.00785219244200625,6.5638322759565e-05,0,0.897335610612798,0.755902112847499
sample419,0.114533832354463,0.482304612911463,0.173815850184765,0.00125765142668272,0.194272005359651,0.0167507868223873,0.0169457476691158,0.000119513271472212,0,0.778670468030893,0.742876309824934
sample420,0.0968597873735705,0.61374180990927,0.0658561181306774,0.0186934476969704,0,0.197251081493052,0.00741544172574181,0.00018231367071844,0,0.833035585735913,0.757589521033946
sample421,0.0100263326658457,0.594026407924933,0.27511723259215,0.00218128216371407,0,0,0.118648744653357,0,0,0.896761304725766,0.7718060474194
sample422,0.0955212241188599,0.3650509762192,0.00793983542859417,0.207537874144,0.141653712695403,0.134464025885641,0.0473359371645196,0.000496414343781349,0,0.774363069572688,0.738825647132943
sample423,0.0963032697917038,0.536106938857923,0.122357618827761,0,0.00365398745218045,0.217285058208059,0.000770258009395741,0.0235228688529766,0,0.838252336828491,0.751045094419557
sample424,0.0200443698125824,0.198898717544019,0.110485799623371,0.0845489141170763,0,0.0521757895175959,0.533814037288321,3.23720970339709e-05,0,0.850876072136467,0.690698429904804
sample425,0.167125240009441,0.0794034826862381,0.0450875285744299,0,0.272698802821396,0.000589547663901197,0.433846497014812,0.0012489012297822,0,0.83445305628674,0.597723140151869
sample426,0.00883415130604422,0.437031236318159,0.342450758196991,0.00491257470977688,0,0.179264313900335,0.026929619012994,0.000577346555700625,0,0.889470365452283,0.757719878150578
sample427,0.0555630789570223,0.526969870254694,0.149246297233302,0.0654987984117041,0.00114505518487825,0.0769942568416002,0.0108565778065877,0.113726065310212,0,0.860612741579535,0.732151506114326
sample428,0.0127437780912843,0.683121105075423,0,0.0651664248260813,0.00875091459320246,0.188849984548136,0.0135876479243519,0.0277801449415205,0,0.885947496543871,0.750730993155694
sample429,0.071175161429941,0.628711233815357,0.0747316467870041,0,0.0637776012636616,0.070891359383543,0.0129909287906558,0.0777220685298378,0,0.861848713899966,0.744182155837015
sample430,0.0214232420423848,0.32528423406926,0.0933753805427637,0.0307521108812652,0,0.186394415686233,0.337049193240381,0.00572142353771234,0,0.847313170195515,0.737721273043842
sample431,0.453311488235579,0.0641162934814309,0.0102592913644725,0,0.437261019133972,0.00354016783267122,0.031258488542263,0.000253251409611075,0,0.913669960271004,0.406820628546507
sample432,0.0255169483264436,0.503655107024316,0.0968297008929379,0.0499642067592601,0,0.141743515371543,0.181965273022308,0.000325248603191788,0,0.864681003505041,0.763198672220542
sample433,0.275350337297355,0.210144822460113,0.0572652749924443,0,0.364622530367727,0.00172497272710054,0.0908920621552595,0,0,0.801924062482467,0.609264744705245
sample434,0.279728411722052,0.246337921089355,0.001406997518577,0.000112026726691668,0.0445135707338153,0.108170294871339,0.226278252770838,0.0934525245673319,0,0.774968682130596,0.684426823979193
sample435,0.194884091641175,0.73976191468396,0.016168529643417,0,0.019392168210419,0.0185395889864369,0.0110941475775519,0.000159559257039883,0,0.798080427707171,0.743708812622263
sample436,0.0281019474176649,0.644735314968005,0.0451347815310492,0.135819982363425,0,0.0635209307110248,0.0279290132076817,0.05475802980115,0,0.884816635544981,0.75721317643319
sample437,0.027913082835476,0.757825037938537,0,0.00175686585226713,0,0.0331952892724358,0.152814772302685,0.0264949517985993,0,0.910823780171035,0.761148176992877
sample438,0.0396560405868855,0.0963566241470897,0,0.69308323751574,0.151767912374448,0,0.0189675822892086,0.000168603086627575,0,0.838777053735946,0.612423738750654
sample439,0.0477099942930633,0.193297786513464,0.0457811121028863,0,0.162096301470694,0.00189665169513072,0.503853786400494,0.0453643675242672,0,0.848439345463228,0.652304050526297
sample440,0.0243863123756212,0.641733528341431,0.17040943026812,0.00318557671113637,0,0.117574865385856,0.0042231801547719,0.0384871067630641,0,0.911898197180213,0.753549861534908
sample441,0.258220291864861,0.502663272607411,0,0.144824236229196,0.0153834475728058,0.0019188015902259,0.0131890394752994,0.0638009106602008,0,0.79102295099608,0.705300246597839
sample442,0.0710000709024452,0.72577227310609,0.0141242534792906,0.00303051441460326,0.0285054553706227,0.0816288011878371,0.00292553342037195,0.0730130981187387,0,0.877291169021124,0.744223210363985
sample443,0.0624556775987946,0.61717913023342,0.169523306315077,0.00107444784233516,0.00337670785284405,0.137710215450453,0.00216430884915241,0.00651620585792361,0,0.873701207093203,0.762558185946345
sample444,0.203856789041697,0.64540417149005,0,0.0179617666941605,0.00202702483126249,0.118105258168326,0.00515870531779032,0.00748628445671311,0,0.788856915503383,0.743700866625103
sample445,0.00797587595511841,0.478960542564652,0.0777263392596711,0.40325653717005,0,0.0260856937087446,0.00593768822355003,5.73231182143784e-05,0,0.799459763286075,0.751395512171792
sample446,0.0356691932743743,0.663861705537166,0,0.0127636365429584,0.0434527888498219,0.00392430197732846,0.226969861994794,0.0133585118235566,0,0.875451566837339,0.75484325060855
sample447,0.294730337220643,0.287563321309829,0.325804415689444,0.0109176234161117,0,0.0741752065124559,0.00645805466507251,0.000351041186443764,0,0.739358377658358,0.735120985061042
sample448,0.157243887098439,0.54831947001976,0,0.0035656023789165,0,0.127510203855338,0.162134999876568,0.00122583677097845,0,0.792129249547799,0.75803715928554
sample449,0.0733701432244782,0.461542552129881,0.161441188784772,0,0.101931457672187,0.00432379347843188,0.11221073301426,0.0851801316959891,0,0.837786071337887,0.738926718602733
sample450,0.288715915204989,0.114667336787547,0,0.103375584677787,0.288828821313123,0.00542708819059932,0.198682156232659,0.000303097593296543,0,0.832942630374911,0.573346531232001
sample451,0.00826639721915351,0.424470088856502,0,0.135935748616793,0.360147183624975,0.0391583674109181,0.0315978339793289,0.000424380292328855,0,0.798281310449687,0.695192303643471
sample452,0.0946552150695726,0.324470783042972,0.374800407391509,0.191878424002166,0,0,0.00646192745019098,0.00773324304359041,0,0.839023111638685,0.766929037684182
sample453,0.0217171697741657,0.525230961755696,0.35173928834889,0.0215571657617192,0.0355060866939967,0.00171958292673706,0.0423999882785939,0.000129756460201043,0,0.892821939724604,0.77142853217367
sample454,0.0386596008846091,0.209454056020688,0.0751791880523057,0,0.25205777947304,0.068146198577416,0.356322884061255,0.000180292930685245,0,0.81941971622012,0.675685811880628
sample455,0.0199919423758878,0.415534997603718,0.134365007414599,0.0193128979747089,0,0.137052376209564,0.273364776123405,0.000378002298117427,0,0.855251522876613,0.758104319824054
sample456,0.0103297495967043,0.490977996781865,0.42361152642109,0.0405550292144091,0.0114440255493817,0.00606183633874942,0.00931418713541667,0.00770564896238332,0,0.915634772497264,0.765527237066812
sample457,0.19919252803078,0.281594135600778,0.0406310655628789,0,0.224342807302933,0.173848250214331,0.0796775282469388,0.000713685041360332,0,0.752048585374345,0.702138392737256
sample458,0.169686379943618,0.68268331986203,0,0.00408415946769238,0,0.109092751490216,0.0340378236151533,0.000415565621289985,0,0.801770172634531,0.75472823064051
sample459,0.0561916763758258,0.543589063000284,0.268803434616087,0.097007180036901,0,0.0291428491331067,0.0052592243273529,6.5725104429698e-06,0,0.883135916886752,0.768446409207224
sample460,0.240804145695579,0.35974002311496,0.199590047225675,0.00165054349530955,0,0.192183555017712,0.0055557502269402,0.000475935223823614,0,0.746211792034596,0.744282084759458
sample461,0.208167652823106,0.405400598569831,0,0.15937511656658,0.0452570564332701,0.0442382284406753,0.132516562158108,0.0050447850084292,0,0.785142825235379,0.719276046533205
sample462,0.0063843715145407,0.477492866279684,0.421166286363298,0.0403256460087312,0,0.013253248630009,0.041377581203737,0,0,0.90929236862397,0.768638112261078
sample463,0.0301667673992862,0.331351534707702,0.190298006478994,0.0580430421800922,0.0083580172914016,0.331564591999108,0.00518990726055401,0.045028132682863,0,0.864243058820756,0.714996442059471
sample464,0.315130504039721,0.332554522874746,0,0,0.213258780138663,0.0067679075744742,0.127703088341937,0.00458519703045852,0,0.777143088841791,0.6494209327879
sample465,0.156831979355011,0.393065123337334,0,0.362281449973418,0.0375878893284057,0.0349268552213604,0.0115763160912795,0.00373038669319101,0,0.788437877110466,0.72323962371271
sample466,0.0116241545079911,0.620824099610955,0.131018495715908,0.00679852493538926,0.0203113488754696,0.205379665429808,0.00352987666325918,0.00051383426122083,0,0.874168778587573,0.753415961096395
sample467,0.064154487849994,0.141816062188776,0,0.0101401853735,0.661684052328251,0.00243634181508341,0.0581190897841032,0.0616497806602925,0,0.883106271348992,0.493919664697583
sample468,0.0149206034273901,0.695441715988654,0.0658459715897066,0.00252450815429372,0.025952435470326,0.189243560171967,0.00557865905177384,0.000492546145888962,0,0.872856066149844,0.756391499912799
sample469,0.165622517473531,0.292137904629394,0,0,0.135584439491663,0.0130521168259502,0.229985451812168,0.163617569767293,0,0.833985710804845,0.635233635734839
sample470,0.00440555064340913,0.706820919477184,0.172525181118691,0.110018448391123,0,0.000369169952671907,0.00418897022615676,0.00167176019076381,0,0.906267300105492,0.759345914529463
sample471,0.0486119174432605,0.150050883599442,0,0.0067225243527515,0.718696632286455,0.0112530262686685,0.0508960537506773,0.0137689622987451,0,0.914964361567304,0.433895943909001
sample472,0.016458286079314,0.211489489865299,0.0977859503495041,0.00357277777091777,0.137551802292591,0.00353032102524476,0.528864271317651,0.000747101299478461,0,0.844401537926701,0.668293259076073
sample473,0.231321477369733,0.259527085090467,0.0733928601785236,0,0.0387690454701437,0.138094063497957,0.16682449577043,0.0920709726227452,0,0.794459320816068,0.695634830846023
sample474,0.0742918620874811,0.312949732766794,0.414338012127715,0.0401520520824331,0.0347320370142188,0.0223738141151849,0.0109750187703652,0.0901874710358077,0,0.864432915202304,0.745709262680252
sample475,0.00723394314395322,0.661986514298225,0,0.0116047305167411,0,0.175019026453175,0.143068777554337,0.00108700803356828,0,0.867243215807226,0.76168771978223
sample476,0.0473511276296098,0.218721661902558,0.277655365470117,5.16375133200741e-05,0.00476260410117726,0.0334413500761805,0.353713315547466,0.0643029377595715,0,0.847831060169056,0.743139206884473
sample477,0.0834228937211116,0.280579239147832,0.174077413143452,0.0520468020073885,0.104544984393492,0.283648210745097,0.0163573049660404,0.00532315187558606,0,0.794825604134273,0.739893857017082
sample478,0.0499325257894194,0.478429215142795,0.354220966378789,0.000324362104214747,0.0301005034158206,0.0545310543935499,0.00723341510548473,0.0252279576699264,0,0.903653274678704,0.763608770490843
sample479,0.135425311514177,0.171048588421414,0,0.000699485821746235,0.0535681895296053,0.0327046889021499,0.605108115547665,0.00144562026324206,0,0.866135403791582,0.624842893719873
sample480,0.00417828902442239,0.538947462017615,0.102201045151515,0.126392151192914,0,0.222706610794344,0.0052936199653283,0.000280821853859947,0,0.85438505133311,0.754338591197561
sample481,0.0130508783495759,0.62196641086791,0.0385066813148494,0.121024476958743,0,0.12215869945698,0.0733910120620161,0.00990184098992584,0,0.884315529234702,0.76113350888659
sample482,0.168501421784516,0.21322138587454,0.0389971656897206,0.117807108040058,0.276279729532158,0.0472205644915372,0.0229843913762397,0.114988233211231,0,0.816141268158523,0.636492900647914
sample483,0.0503498288099005,0.397531437319866,0,0.296460872341081,0.120518230887443,0.0411569089543448,0.0202429610998249,0.0737397605875404,0,0.862942175788594,0.695394335550533
sample484,0.0920940166246326,0.486943808055369,0.334998539271352,0.030959339381985,0,0.0231535539119189,0.0316825284132422,0.000168214341500785,0,0.866274937647285,0.769785376952032
sample485,0.143478026861371,0.61533013061645,0.0316923069462816,0.0374328546858987,0,0.072653062426686,0.0991281271628032,0.000285491300510327,0,0.814893255213196,0.76187623851367
sample486,0.0210011101884527,0.452931055440021,0.0330877565691236,0,0,0.0131895421900623,0.475616642899459,0.00417389271288144,0,0.838211351017421,0.729985052433173
sample487,0.0215475623201384,0.393877919530298,0.118043062579117,0.000138672078105374,0.0257224527852827,0.367313754118021,0.073302454247207,5.41223418303975e-05,0,0.838539238687768,0.71896071553736
sample488,0.014128966564101,0.554381176113728,0.207024702492755,0.00713987953016641,0,0.0333076899097793,0.183129230420127,0.000888354969343728,0,0.885452558099111,0.771901805004208
sample489,0.281594158263566,0.641729912901303,0,0.0134396420070048,0.00540224986388469,0.050357751850557,0.0072540961572343,0.000222188956449732,0,0.778792529299651,0.713699063767475
sample490,0.0688009715025646,0.259182149057116,0,0.333923283566575,0.0416354792244314,0.018071142219885,0.25772938997594,0.0206575844534871,0,0.881321733470475,0.663312760560021
sample491,0.00763429157109117,0.408128358030614,0.22761035167093,0.232201593717612,0,0.106575281561334,0.0176148511221825,0.000235272326237351,0,0.843640779106059,0.766994542607253
sample492,0.115453138460275,0.475901865440629,0,0,0.27008425415111,0.0275927530972582,0.0350013384447425,0.075966650405986,0,0.78503827701552,0.701657818289621
sample493,0.0166177603424994,0.669106051049688,0.133130369287304,0.00901912631986457,0.00578380777463255,0.155815783501246,0.0036889769917005,0.00683812473306495,0,0.88966138465024,0.758476672769561
sample494,0.140466178855805,0.188325396669805,0.0180902545895577,0.00283524526406086,0.40610194930203,0.0762211983446853,0.0726056626345901,0.0953541143394661,0,0.820439872155531,0.612231536972527
sample495,0.0654900570170805,0.579305865628832,0,0.0716687199504111,0.0179293876582176,0.00495193071642222,0.153215017949477,0.10743902107956,0,0.866699729858277,0.723902841089701
sample496,0.0357881292566153,0.364602333463385,0.152568609433946,0.363109004665768,0,0.00368590803251383,0.0109864043041758,0.0692596108435962,0,0.843074036286039,0.729203117177983
sample497,0.192600162960116,0.483859556876915,0.00756642724689438,0.000814635058105068,0.0113060527709302,0.159855538969594,0.0477512807120529,0.0962463454053915,0,0.784111037021047,0.726664488721677
sample498,0.232827354644766,0.593719055163488,0,0.0175728596177239,0,0.00746420609723567,0.147540816723769,0.000875707753016944,0,0.778669948981587,0.735095398260408
sample499,0.320453026034351,0.286245240850085,0,0.329537669995493,0.0201787371889301,0.0109674543045758,0.0323387874780471,0.000279084148518187,0,0.770761993744878,0.678909096570035
