"","monocyte","cd4_positive_alpha_beta_t_cell","cd8_positive_alpha_beta_t_cell","b_cell","conventional_dendritic_cell","natural_killer_cell","plasmacytoid_dendritic_cell","platelet"
"sample0",0.0658530202338532,0.0161741420375318,0.762763046811333,0.113224277094738,0.0305259781384819,0.00236547811920403,0.00487409909074793,0.00421995847410996
"sample1",0.0709566996596158,0,0.35161528253334,0.101682352266627,0.211808245950731,0.0441581150574028,0.147081092748822,0.0726982117834623
"sample2",0.109789475084755,0,0.718384398670234,0.0708951370800748,0,0.000941459247906004,0.0279834068272908,0.0720061230897401
"sample3",0.408071995019846,0.0480901085894613,0.314857051944923,0.0285659253666731,0.141198519002574,0.0223611744622599,0,0.0368552256142627
"sample4",0.0239471652471162,0,0.49113383550321,0.0579918985803271,0.342687240494151,0,0.0636973143574159,0.0205425458177804
"sample5",0.0960090782441468,0.0244424568187527,0.749802985003413,0.000173923659503746,0.00361667391234105,0.115950303710348,0,0.0100045786514946
"sample6",0.197631326422612,0,0.391228755149364,0.0156037512604504,0.0592588691229316,0.0806938294649215,0.230606205884156,0.0249772626955652
"sample7",0.19763451071855,0.227675118443044,0.230880497243027,0.000161637258905974,0.0200977214321801,0.219030554798729,0,0.104519960105565
"sample8",0.0436294841989285,0,0.420268823303869,0.00998779976251595,0.384816293255946,0.0223647834367204,0.0958225119145969,0.0231103041274238
"sample9",0.0948166481836401,0.00348070654923687,0.411786782751413,0.0345607140185806,0.248285311378875,0.0329837042933333,0.158548848050823,0.0155372847740976
"sample10",0.0844610548911894,0,0.646703528343033,0.00993768482982773,0.0263357283641915,0.0755212453077017,0.113256373156549,0.0437843851075067
"sample11",0.00251555944699555,0.117784924607195,0.306187597929618,0.0933995736728822,0,0.167940650941929,0.309002262292191,0.00316943110918892
"sample12",0.0323046865316992,0.00362900440387042,0.546380709897267,0.000792723186163963,0.385067311826745,0.0115046246823208,0.00357899823308249,0.0167419412388512
"sample13",3.71238932201661e-05,0.736076275800934,0,0.00140680758054242,4.35311802333548e-05,0.238540008974781,0.023837101525814,5.91510444745277e-05
"sample14",0.452070313222296,0.00307856187891344,0.25942269886776,0.000928050645519379,0,0.140639223868939,0,0.143861151516573
"sample15",0.0996825038802219,0,0.827834232136256,0.0212257395448285,0,0,0.000196573763977197,0.0510609506747164
"sample16",0.105937208461045,0.0806793845541859,0.648159420845992,0.000456157073095597,0.0565687449679592,0.0983726882603467,0,0.00982639583737553
"sample17",0.247842080358252,0,0.166106516459418,0.00849280503468611,0.101498870613707,0.215338338323982,0.146566860844574,0.114154528365381
"sample18",0.113970533911811,0.0527000864884221,0.821960311729315,0.00254726739963377,0.00513421185337496,0,0,0.00368758861744295
"sample19",0.0134584739138553,0.0674682779077436,0.811131874064496,0.00133771017712029,0,0.032825096494143,0.0563968462045588,0.0173817212380826
"sample20",0.274258177922412,0.000392302218773996,0.307180027928935,0.0059353608408431,0.0359130279574491,0.318966736235448,0,0.057354366896139
"sample21",0.178690725106866,0.0920053807015016,0.503079205537633,0,0.0781883314708226,0.140741219614096,0,0.00729513756908103
"sample22",0.171411442150169,0,0.293595584537604,0,0.0263993536663871,0.419861940424895,0,0.0887316792209444
"sample23",0.159721231970278,0,0.573084405640713,0.250303734827633,0.0100988901320846,0,0.00012736422530201,0.00666437320398973
"sample24",0.0168984450928549,0.334880850284352,0.488632389515564,0.144013235482663,0.00331722935024927,0.000493864864334598,0.00252017459873638,0.00924381081124652
"sample25",0.305341348248907,0.00255795673664587,0.317619591170577,0.00421899187895834,0,0.121126945739255,0.035134366657258,0.2140007995684
"sample26",0.0232311988887952,0,0.525012388889938,0.000390830673187305,0.412615708672871,0.024577068626616,0.00198605571132004,0.0121867485372721
"sample27",0.0587449040611009,0.314845308677019,0.228505675494622,0.067184921840523,0,0.196094370806593,0.116296771028427,0.0183280480917152
"sample28",0.00328660157199728,0.256380815146305,0.711806969772952,0.000287117515019381,0,0.0236890975162611,0.00179276730176436,0.00275663117570042
"sample29",0.537460622207532,0.00251537817996409,0.146715816595728,0.00903004301455029,0.0638889566964489,0.0982282920181802,0,0.142160891287597
"sample30",0.20870044858288,0,0.263313108883207,0.0205735378218662,0.387723974003851,0.00400250217358564,0.0766681913995972,0.0390182371350136
"sample31",0.195784508267629,0,0.345479728044567,0.201653551423653,0,0.136963231950009,0,0.120118980314142
"sample32",0.0255831419052175,0.000362736159081811,0.522552862806419,0.00391769407631695,0.183193837626159,0.0609540121320764,0.181206746897192,0.0222289683975371
"sample33",0.00219311514090149,0.197583177785173,0.550155114929236,0,0.182772302556292,0.0124722888173655,0.0464750957078705,0.00834890506316193
"sample34",0.0439157246788494,0.015949635621445,0.478509084958269,0.000279886350471979,0,0.44122719704725,0,0.0201184713437145
"sample35",0.302766139893835,0,0.4808087957703,0.00186925071442883,0.0232129174703696,0.0805405779819744,0,0.110802318169092
"sample36",0.165392416490555,0.00362820121341565,0.46477016126424,0.00848550787612501,0.0541859590049351,0.144181788807058,0.120113268476905,0.0392426968667656
"sample37",0.0163838508254708,0.0725130221533393,0.775312327061441,0.00224587345948803,0.0330313813306508,0.0244751706632769,0.0724714240516178,0.00356695045471499
"sample38",0.0577689293110934,0,0.359522695480497,0.357199200423299,0.116470429284852,0.0312350548850427,0.0677230931041566,0.0100805975110601
"sample39",0.0642064381758059,0,0.44484685571137,0.451324193369672,0,6.80315047586692e-05,0,0.0395544812383943
"sample40",0,0.686600826106703,0.20895527359027,0.00229346975838344,0,0.102150430544644,0,0
"sample41",0.217211799260258,0,0.52232441942121,0.0101748885167383,0.0553709181064107,0.184923812722675,0,0.00999416197270744
"sample42",0.437745174440987,0,0.219564855854708,0.00193644138114373,0.242760112314047,0.018716677317962,0.0467068135588924,0.032569925132261
"sample43",0.0980441464981345,0.0029259705143301,0.469448552083785,0.0097184856837113,0.022649710362008,0.165750241720826,0.184167114131761,0.0472957790054451
"sample44",0.0375904922088081,0.171757430024165,0.6464066440395,0.101077509113765,0.000307838198370651,0.0257347585422281,0.000107587322059373,0.0170177405511039
"sample45",0.197277202803149,0,0.675064350932999,0.0287876080789177,0,0.0014096724979817,0,0.0974611656869527
"sample46",0.0115964999499163,0.308835488178499,0.503367337584013,0.0392035800525983,0.123621679874453,0,0.00696046009809883,0.00641495426242174
"sample47",0.0750878940457741,0,0.585125182965489,0,0,0.302198054877347,0,0.0375888681113906
"sample48",0.449512449794867,0,0.291622702558773,0.00462072597399931,0.11239785423033,0.0437389750381617,0.0437641312584919,0.0543431611453771
"sample49",0.188885896537986,0,0.333094788140206,0.368935018220655,0.00578170946554617,0.0271644084380673,0.0237122948792499,0.0524258843182896
"sample50",0.130413510480199,0.157374129081541,0.526511239692908,0.00613450405214448,0.0249951794083655,0.0870508044633675,0.000327576098323822,0.0671930567231507
"sample51",0.0105293449729174,0.61701825573597,0.0646208434533081,0.0914001764470284,0.00480221593631156,0.184507305674542,0.0226815790402433,0.0044402787396802
"sample52",0,0.764223439274465,0.226198988428926,0.000763462267630037,0,0.007624060638323,0.00119004939065589,0
"sample53",0.0135777015683476,0.00251033454597061,0.470343044904557,0.000926528228612081,0.450980826591047,0.0488428548744973,0.000262038447391733,0.0125566708395769
"sample54",0.029211367630466,0.0629484054388572,0.681917840117567,0.00220994953017509,0.00708883527312047,0.194429949024909,0.00202260261546642,0.020171050369439
"sample55",0.335809558060702,0,0.291934239104925,0.00233457593995576,0.261295112633847,0.0439166133514304,0.048932686840188,0.0157772140689519
"sample56",0.576717546691951,0,0.185598210938725,0.0170951975558037,0.109844802811603,0.0938290220538221,0,0.0169152199480945
"sample57",0.127636486142409,0.0453204388109398,0.504756719609231,0.00380448969421708,0.00314118227494717,0.225875747736156,0.0210705104854192,0.068394425246681
"sample58",0,0.705482128137455,0.118406279846446,0.153123831110143,0,0.0227875795697698,0,0.00020018133618555
"sample59",0.168123224023756,0.000285068260102637,0.31294730455129,0.0289888749008607,0.0524160664017118,0.108273951259662,0.241493389056103,0.0874721215465139
"sample60",0.0371582804925444,0.588143921313353,0.171185409783824,0,0.0558082408014667,0.139330493169323,0.000178470937360501,0.00819518350212845
"sample61",0.33977289210508,0.0414828338713825,0.214888992920794,0.0219753992448847,0.207171388248787,0.0525148275113649,0.00815085187403472,0.114042814223672
"sample62",0.254931609942452,0,0.58648345720925,0.112728712212956,0.00062427259426249,0.0191105265663485,0,0.0261214214747307
"sample63",0.53746344221474,0.00152314525658165,0.237642332317612,0.0105004276070305,0.00603756320554268,0.050292259775381,0.0268543291972739,0.129686500425838
"sample64",0.00519181007507253,0,0.240334777151035,0.240972477096385,0.0543736114638482,0.0526290865798245,0.389533050400074,0.0169651872337613
"sample65",0.0319807107510608,0.182096271411016,0.365529476990753,0.240487240927889,0,0.17683993986283,0,0.0030663600564512
"sample66",0.234223972704101,0.0228221118633622,0.342572202895251,0.0180430365697907,0.0480126902992161,0.0732011844995493,0.21927223631317,0.0418525648555601
"sample67",0.0393492401636924,0.584338868133615,0.321338996245212,0.00318334416538119,0,0.0272577233815204,0.0202203956628753,0.00431143224770354
"sample68",0.174355854290325,0.175689325338089,0.474813389943618,0.0045994555650695,0.0176932061693839,0.0621013274287444,0,0.0907474412647696
"sample69",0.102668209264649,0.113594249563758,0.597094983734075,0.00200668057927037,0.168339804036803,0.000154108378123658,0,0.0161419644433219
"sample70",0.0249305536242385,0,0.296037631437792,0.0014731171829392,0.481429569172977,0.00284418420319867,0.170444432512049,0.0228405118668057
"sample71",0.206980476403279,0.0669349820581252,0.498555451530051,0.00866371277823556,0.014325578634348,0.195296436454429,0,0.00924336214153249
"sample72",0.618127669744415,0,0.0549359279591173,0.0028902791307773,0.0840774219585456,0.0730717829626836,0.059404487530618,0.107492430713843
"sample73",0.00449425803509313,0.228060558869987,0.235727620846124,0.130591004692758,0.000169657073550255,0.116495128394422,0.279017159326968,0.0054446127610966
"sample74",0.127142079560914,0,0.281430896867677,0.0116770661485293,0.0645728550148676,0.0549695439829929,0.414136149064313,0.0460714093607056
"sample75",0.293146544429862,0.0819506109798208,0.418331242514547,0.00216647006160062,0.0957632782284353,0.02221522725916,0.0252053950095348,0.0612212315170386
"sample76",0.0543032096190806,0.0593259733368037,0.413810619307606,0.000947392545133671,0.188000546322207,0.247690787895783,0,0.0359214709733868
"sample77",0.436834054043952,0,0.298460510886616,0.00171389286493164,0.138512187702293,0.0840114719578012,0.0208023263447674,0.0196655561996394
"sample78",0.209722019552867,0,0.573176846947459,0.00383917391711908,0,0.0408207380662681,0.0594887561030583,0.112952465413228
"sample79",0.00151398695707777,0.237814648650861,0.256035896356717,0.476429677902537,0,0.0279806838712011,0,0.000225106261606678
"sample80",0.00123900516605078,0.0770679289991893,0.584526115128778,0.121545034631254,0,0.13983003742033,0.073556879451349,0.00223499920304955
"sample81",0.0197138255035408,0.373812721205365,0,0,0,0.599589676830179,0,0.00688377646091539
"sample82",0.0677663126879387,0.454243404658132,0.366432662579669,0.00309157145496945,0,0.0172234537532372,0.0623438690041771,0.0288987258618767
"sample83",0.210277445897805,0,0.230431324877586,0.015824143186523,0.276376116220529,0.0741010596128054,0.169436900301844,0.0235530099029071
"sample84",0.0639699240596755,0.00337113046771416,0.355499908406953,0,0,0.536997389192011,0,0.0401616478736467
"sample85",0.238827383843427,0.0431645855902939,0.648059099537566,0.0024485326246207,0.0380511300167336,0.00702757514007778,0.00791414109522318,0.0145075521520584
"sample86",0,0.48153639752538,0.506315709393451,0.00192186932415227,0,0,0.0102260237570171,0
"sample87",0.0057220798745484,0.0949159747449105,0.540574556663632,0.159254501517048,0,0.0220508120641401,0.174138871917099,0.00334320321862253
"sample88",0.104218010689138,0.00237725989218629,0.622946064630568,0.00143823584043893,0.0282799058047697,0.184974978206966,0,0.0557655449359326
"sample89",0,0.480890542460982,0.488126818601465,0.0101333119260349,0,0.0208493270115184,0,0
"sample90",0.137151130146905,0.00662282567416059,0.488587811855392,0.189855954016204,0,0.102801020651356,0,0.0749812576559825
"sample91",0.194310823909481,0.0148731184599251,0.652559773981767,0.0798425605013744,0.0111438052183153,0.000666797720667756,0.0090384359872611,0.0375646842212078
"sample92",0.157085888688349,0,0.314972277183429,0.159724832202573,0,0.353646812280357,0,0.0145701896452916
"sample93",0.0478860817673061,0.383362676503419,0.468536583385602,0.0115081454300379,0.0718394271037934,0.00250174792781195,0.00727810405924737,0.00708723382278174
"sample94",0.0212701037341824,0.268057626525259,0.564580757427725,0.00481717468257222,0.12290844110312,0.00585765531854168,0.00346145441389863,0.00904678679470118
"sample95",0.130455578672259,0,0.68494513568652,8.94032987109715e-05,0.131486747605869,0.0361075725009102,0,0.0169155622357306
"sample96",0.0177388038324482,0.310939394633632,0.198163932250122,0.0332427980435241,0.0141751158859196,0.354788618231726,0.0614578248795308,0.0094935122430981
"sample97",0.0291369399448245,0.144637390196344,0.72339597576774,0.00402533870406353,0,0.0371882487583471,0.0526113395883775,0.00900476704030303
"sample98",0.180453485031079,0,0.268426002504812,0.00285298414648841,0.17784617758639,0.173618654652419,0.0858721391737048,0.110930556905107
"sample99",0,0.00576271973819444,0.453861676438744,0.232898212911263,0.234429927108129,0,0.0654667000459007,0.00758076375776821
"sample100",0.175536357038919,0,0.185892029819745,0,0,0.545385216239267,0,0.0931863969020684
"sample101",0.14953196988281,0,0.403294390451198,0.31479709234617,0.0101440224300077,0.0228378363013591,0,0.0993946885884545
"sample102",0.053517267531269,0,0.36628596683403,0.560846352660859,0.0120558524338691,0,0,0.00729456053997283
"sample103",0.275845800557318,0,0.195869350994263,0.118812994308442,0.0600534830010637,0.105278088014049,0.103709956792089,0.140430326332775
"sample104",0.227607181026477,0.0655570787433243,0.275036501959871,0.0108682360018813,0.00283598396410684,0.263028685768869,0.14131395196496,0.01375238057051
"sample105",0.0575260560036019,0,0.686522306323834,0.131466124536308,0.0737488738205861,0,0.00705750426207063,0.043679135053599
"sample106",0.469956780808573,0.0698919777896727,0.362120228680871,0.00591574721118667,0,0.0766459433118331,0.000113669005970202,0.0153556531918935
"sample107",0.079438231187402,0.252258963143926,0.51514250046131,0.00917156123479498,0.120930277346041,0.00605895470778498,0.00329735018251146,0.0137021617362296
"sample108",0.0867006437705533,0.0212565775266569,0.611816901380143,0.00535674532873446,0.125080848057792,0.061188961178366,0.04631575229155,0.0422835704662047
"sample109",0.0374199784583464,0.203148654389545,0.492205837169739,0.249402645733919,0,0.00902142363191458,0.00544415848054093,0.0033573021359951
"sample110",0.0797631895819877,0,0.630121651264874,0.046847935469353,0.188531288458778,0.00603252194741232,0.00808956777496572,0.0406138455026289
"sample111",0.213202078886923,0,0.258848902167781,0.00648733746019186,0.186542238390622,0.217755694182394,0.0622482701400126,0.0549154787720752
"sample112",0.219014992548931,0.0702456417431346,0.270704441535839,0.00721726941274981,0.128991297925011,0.0992510258347062,0.0709815757495388,0.13359375525009
"sample113",0.0583058315275583,0.195886588847101,0.169597116379538,0.00996929917156703,0.00041156946813123,0.24128344135567,0.300491984130524,0.0240541691199095
"sample114",0.148548156347847,0.202191437145656,0.20857224373055,0.00541231637525079,0,0.424802286888115,0,0.010473559512582
"sample115",0.117618720693987,0.0404533529043324,0.442804928397736,0.00646371434376336,0.0477548574349841,0.249872791920967,0.0624187020367682,0.0326129322674614
"sample116",0,0.676858309792598,0.275624892091356,0.0151148108941787,0,0.0324019872218672,0,0
"sample117",0.294112204728857,0.0320263827038492,0.259339539630328,0.00272365803256766,0,0.296418573200526,0.0136578001162037,0.101721841587668
"sample118",0.0554236181987125,0.0990547272241243,0.771580520692561,0.00345025458788149,0,0.0285154078880002,0.0152875936396265,0.0266878777690944
"sample119",0.201460123562824,0,0.461730936362048,0.00614335132012818,0.159330383066426,0.0230125302151145,0.0419698254790206,0.106352849994439
"sample120",0.00712903648505618,0.087809375112763,0.386666772949584,0.177359516397497,0,0.211646123865768,0.120181478458465,0.00920769673086837
"sample121",0.0213296433513613,0.168395169369231,0.363199184903001,0.133954712084232,0,0.304697967620636,0.00010711482177677,0.00831620784976242
"sample122",0.183506464626235,0,0.332311501620938,0.00653134733415378,0.141103832884804,0.103262244674863,0.118137576998192,0.115147031860814
"sample123",0.102876393471819,0,0.447808441174006,0.00312665099428188,0.292409896439607,0.0362450200737483,0.0509643486496061,0.0665692491969308
"sample124",0.279273294305282,0.152760817189314,0.300504509157202,0.0043654474012078,0.0208350394980888,0.226563703903065,0.000410234396767581,0.0152869541490738
"sample125",0.0524436195892495,0.0335141616809464,0.588202985444567,0.00907795835078133,0.00679193018953599,0.156642154742962,0.125521861724591,0.0278053282773658
"sample126",0.233765110405126,0.0362853455649683,0.220496269752731,0.00280929388644413,0,0.355764470920872,0,0.150879509469859
"sample127",0.00650958249077521,0.273108092707252,0.692979908363544,0.00261993730638295,0.00775411114416741,0.0131474225694321,0.00227851226347554,0.00160243315497106
"sample128",0.140678701969188,0,0.214619916427747,0.103775637481411,0.0772933528030647,0.0991379807202075,0.350758099028207,0.0137363115701749
"sample129",0.00020068563228768,0.318359049099716,0.416718455014717,0.109937547256508,0,0.154169429805362,0,0.000614833191410164
"sample130",0.0888382040896519,0,0.572701790368149,0.00426735307040898,0.273255605595878,0,0.0114288558174292,0.0495081910584833
"sample131",0.00397233507226959,0.817717040231891,0.0842295203578084,0.00265422608252606,0.00807147291173654,0.0183928437371959,0.059084203471033,0.0058783581355394
"sample132",0.302730742658559,0.115714481198741,0.376323332217647,0.00273873940930958,0.0508247893922491,0.0431879858184615,0,0.108479929305033
"sample133",0.133169536750156,0,0.27461458404998,0.00299648123004003,0.077139469492234,0.39338898748295,0.0487325835500164,0.0699583574446237
"sample134",0.330750685652927,0,0.122644847310741,0.00776720550391635,0.136986253339522,0.132294549361535,0.0714806883197503,0.198075770511608
"sample135",0.00655170769240614,0.414138683603011,0.104609803010133,0,0,0.469623239432214,0,0.00507656626223515
"sample136",0.111285480116447,0.525106672225667,0.319916585135106,0.00914062339308753,0.00330976736465696,0.019327914932968,0,0.011912956832068
"sample137",0,0.0436598582799622,0.466544887496333,0.0694764221292423,0.346348502792137,0,0.0639190974485357,0.0100512318537896
"sample138",0.00486717223191724,0.237609731250722,0.243880247129324,0.100394942215509,0,0.377748939953507,0.0342960628194863,0.00120290439953467
"sample139",0.000647281250466888,0.557717995216297,0.19931415877336,0.0724040097657626,0,0.169693837113709,0,0.000222717880405061
"sample140",0.351793975142473,0.0530589762846313,0.407902074357683,0.0071974036897359,0.0593672573993262,0.10567834336532,0,0.0150019697608299
"sample141",0,0.000384053850247849,0.568962816236819,0.290068079632191,0.137500536569047,0,0.00106238378051875,0.00202212993117577
"sample142",0.0161506610197296,0.20195370778678,0.184905158287021,0.0123371354335743,0,0.21608620553027,0.358124726458004,0.0104424054846217
"sample143",0.0685941857630225,0.532540352045128,0.0739249891298911,0.00429593877725826,0,0.315127775032675,0.000254464016087471,0.00526229523593713
"sample144",0.0156628511395719,0.134619246160281,0.483095321874446,0.003735638869097,0.0740141805641991,0.198111285896568,0.0731968718410729,0.0175646036547635
"sample145",0.0587724302300438,0.0470726515733739,0.539859327288066,0,0.000645748316293755,0.311709794963499,0,0.0419400476287236
"sample146",0.666749432746669,0,0.0467095797405463,0.0131241280582885,0,0.059711364657933,0.0453003554061729,0.168405139390391
"sample147",0.00938861832325241,0,0.482334501692822,0.0834460273893558,0.182943208371268,0.0538126098248806,0.170405794555663,0.0176692398427588
"sample148",0.280697034121361,0,0.204710419146727,0.115468444958154,0.159589225461574,0.0506712055499529,0.0799123882075726,0.108951282554659
"sample149",0.178344733660965,0.00386351470768792,0.353671403947896,0,0,0.372370960197439,0,0.0917493874860125
"sample150",0,0.637530153878895,0.146812181341271,0.184913430913828,0,0,0.0305919601578574,0.000152273708149401
"sample151",0.0143490248121291,0,0.413857234142454,0.135552024677018,0.32346757310821,0.0977811965914058,0.00104614971400818,0.0139467969547748
"sample152",0.0239597381456065,0.324576138644336,0.455723781418497,0,0.166811698398978,0.000442113276919108,0.0171692450146513,0.0113172851010123
"sample153",0.0200302102065525,0.00289187308206872,0.70251255177876,0.0609420972376211,0.153335577785789,0.0512267356755153,0.00228621860250303,0.00677473563119046
"sample154",0.010525297551663,0.275831884375836,0.326975106568067,0.00596121244237926,0.000480052294848607,0.360980923101511,0.00461173439050025,0.0146337892751955
"sample155",0.151432469794294,0,0.574562469538505,0.1545239805859,0.0172910269375221,0.00338581151659373,0.000483092931761806,0.0983211486954235
"sample156",0.00948729792460704,0.266934715834364,0.633122008377541,0.00400900430056983,0,0.0202528384002558,0.0611776609372599,0.00501647422540197
"sample157",0.202581968650567,0.0881273719935722,0.593216042173355,0.0588129569011891,0,0.00216796344235309,0,0.0550936968389631
"sample158",0.392052111225806,0,0.193035619556326,0.0137389679443907,0.0724448166234683,0.0496596032915256,0.187654840008224,0.0914140413502594
"sample159",0.194916303564266,0,0.551279803743417,0.0692241040467251,0.0338386549490838,0.00759054986014921,0.0262603246367258,0.116890259199633
"sample160",0.424278563489303,0,0.182638759140532,0.0479625957505177,0.153354141785744,0.0517301530453022,0.00618836188699669,0.133847424901605
"sample161",0.0593114222043735,0.0909531090152734,0.319702237330947,0.0145039938426151,0.0166141977763867,0.182628522183338,0.309677330573135,0.00660918707393116
"sample162",0,0.557790712363515,0.347690575764602,0.00374843974867136,0,0.0906348579824575,0,0.000135414140754477
"sample163",0.0652493764758682,0,0.577444597196443,0.0988391457217945,0.21430714255052,0.00263742619650684,0.00244256320703343,0.0390797486518346
"sample164",0.103603657037385,0,0.639439620124237,0.00695482321904099,0.0351936565349652,0.100984310831049,0.070016798816792,0.0438071334365296
"sample165",0.383120552515527,0,0.166418248175349,0.00255891853939482,0,0.270082125230673,0.0305383103350294,0.147281845204028
"sample166",0.178913592586918,0.0142195282731246,0.601769043761328,0.0241616021970134,0,0.0709937527103694,0,0.109942480471247
"sample167",0.142947148495792,0.174980875450063,0.502965589609441,0.00106082484278219,0.0199130830476103,0.104623604132613,0,0.0535088744216993
"sample168",0.159377847871711,0,0.234812807063471,0.00533200098208156,0.122410561085618,0.0546741040919965,0.339162968647376,0.0842297102577454
"sample169",0,0.511199619746325,0.224484011975902,0.168675989286829,0,0.0956403789909434,0,0
"sample170",0.00632778085477165,0.588659787993349,0.403020979678531,0.00115934259119113,0,0.000824777395515831,0,7.33148664059839e-06
"sample171",0.120792415044064,0.155742342532977,0.548577428023907,0.00403318621410833,0.00167316559258118,0.116818777623907,0,0.0523626849684549
"sample172",0.103711120848975,0.193337209832732,0.581481453136595,0.0414371182236796,0,0.0282852831977343,0.00192576195773409,0.0498220528025501
"sample173",0.013754318968676,0.163979979913737,0.710841426478623,0.064172715229963,0.0425434923269577,0,0.00422833704521656,0.000479730036827543
"sample174",0.0120243356455528,0.146531120228546,0.330290052878263,0.0198337583133277,0.137229412633345,0,0.341345226653939,0.0127460936470263
"sample175",0.172405313000765,0,0.399289768670304,0.0158329079087208,0.350700704980883,0.000892451288621495,0.00420361231079756,0.056675241839908
"sample176",0.192114357704768,0.191774124957942,0.427290029361606,0.0114623254431556,0,0.123969146691416,0,0.0533900158411125
"sample177",0.133035748557427,0.240149112913447,0.208362944723758,0.00237450127545839,0.0653291511405442,0.337834748133321,0.000373628598078999,0.0125401646579655
"sample178",0,0.776015462456392,0.0304987400267887,0.00237047025679035,0,0.191115327260029,0,0
"sample179",0.0649025368807462,0,0.416609843679445,0.438809116816205,0,0.0579848748704068,0.0190948236686307,0.00259880408456578
"sample180",0.0689055094721925,0.00386845885177368,0.405248930789661,0.0120766735377411,0.00533306902933428,0.0781169689440389,0.388402746137574,0.038047643237685
"sample181",0.0866431324459474,0.284141587035799,0.123266344786596,0.00948766511934059,0,0.439928174157422,0.0482224487308831,0.00831064772401232
"sample182",0.00487393277792296,0.0863208564905322,0.692364452357932,0.117654714251779,0.070283288585426,0,0.0253738637123069,0.0031288918241006
"sample183",0.181837079693808,0,0.474827917624158,0.0295500041000163,0.117802907201407,0.00850588963786022,0.0918362303108382,0.0956399714319125
"sample184",0.27409095619251,0.00150767360025775,0.348317135899489,0.0294854002280434,0.0404412543497316,0.0451145827067096,0.141302687905175,0.119740309118083
"sample185",0.0719648170580036,0,0.325300879866861,0.0696451986794805,0.0585218989533706,0.0350749296663703,0.410039193569944,0.02945308220597
"sample186",0.0187488665212886,0.294678556498916,0.589022266399389,0.0195472682535836,0,0.0721393232673325,0,0.00586371905949054
"sample187",0.0919135218483179,0.0458780069170528,0.71606165325608,0.00420506764642738,0.00137750261058894,0.0570333483620889,0.0374299956898008,0.0461009036696433
"sample188",0.35922165653167,0,0.220632809301076,0.0184381226647844,0.263433929492253,0.0795491843549354,0.00383289406966792,0.0548914035856131
"sample189",0.039960476807484,0.117562775984447,0.468912773364236,0.00295095763267819,0.0814568622670309,0.207793114842776,0.0700310431510992,0.0113319959502491
"sample190",0.0980791726878268,0.00304064025253535,0.651016817738818,0.192232173698318,0.0224360619783229,0.0210704780924871,0,0.0121246555516922
"sample191",0.30475172788473,0.0209480604190691,0.405081984646731,0.00346982726287763,0,0.161544861636333,0,0.104203538150259
"sample192",0,0.151795633801132,0.391421038814508,0.40220152279756,0,0.0544749821985709,0,0.000106822388229123
"sample193",0.00609589855377068,0.330489585245921,0.48098745581973,0.0819359647682496,0,0.0985029708206468,0.000154996403209676,0.00183312838847197
"sample194",0.146635749058757,0.234916396991273,0.415125557360109,0.0248204330313804,0,0.0858962192470422,0,0.0926056443114387
"sample195",0.0908487422984542,0,0.663207018539688,0.0492608328651294,0.00530830693288091,0.0215014518140607,0.119611141555526,0.0502625059942603
"sample196",0.0237047444752709,0,0.692516064490871,0.00793414019826551,0.16587971232015,0.0674998503259868,0.0264678548354805,0.0159976333539744
"sample197",0.0773598401264216,0.00859507652538716,0.491445063084065,0.00994048372233169,0.0698260842778563,0.187142628309356,0.12219404027621,0.0334967836783729
"sample198",0.227733566321966,0,0.567056734842558,0.0968757099997337,0.0478689275599414,0.0142161387157709,0,0.0462489225600302
"sample199",0.00541952638846645,0.130122974305271,0.661179704769063,0.0641689469752629,0.123729085882859,0.00616551368302838,0.00469416831167098,0.0045200796843789
"sample200",0.435994089608627,0,0.308438955707587,0.176074580467167,0,0.0631842657200498,0.00160037537469696,0.0147077331218732
"sample201",0.247873542506815,0,0.429390683694683,0.129905738968464,0.112602155165209,0.0246855230465641,0.00522254607554709,0.0503198105427182
"sample202",0.196663238442153,0,0.418427134286304,0.108142535506133,0,0.197555916991763,0.0676377047013618,0.0115734700722848
"sample203",0.149724718373934,5.87733503269953e-06,0.432266196500332,0.119757651509741,0.0471968213414297,0.155530606259382,0,0.0955181286801492
"sample204",0.310231418865186,0.0014657790605996,0.296370324670971,0.000190011050737363,0.347015693032998,0,0.00143010296624366,0.0432966703532658
"sample205",0.0921061224529498,0.189204274550846,0.246119710632621,0,0.000584900606368684,0.430120561704276,0,0.0418644300529388
"sample206",0.174265723755429,0,0.784302809595475,0.00101569328585183,0.0115241402653026,0.010850587804568,0,0.0180410452933735
"sample207",0.0188693281563911,0.436300422759291,0.362847885031936,0.00398855674592523,0.0103323285419348,0.111608106813059,0.0457061523569939,0.0103472195944684
"sample208",0.14000729969795,0,0.550790496969775,0.0048249415618954,0.0132842913174297,0.182511724368764,0.025751084987957,0.0828301610962286
"sample209",0.167154504253672,0,0.148499546940214,0.0138592406984619,0.284043008041066,0.0592744644060469,0.217743533242886,0.109425702417653
"sample210",0,0.641422284199379,4.58091876604577e-05,0.00329745336336126,0,0.350728617592423,0,0.00450583565717659
"sample211",0.0632585170050395,0.019015171837045,0.861839505992322,0.00597999493417405,0,0.0228796562370758,0,0.0270271539943439
"sample212",0.118595993035823,0,0.304942500439007,0.000331969375182889,0.031671565462008,0.466924958276627,0,0.0775330134113518
"sample213",0.00248593406243497,0.381363497829225,0.594932802544035,0.00807331025454411,0.000177537799586371,0.0109911698049429,0,0.00197574770523211
"sample214",0.0483331752031141,0,0.764126945447693,0.0263987977649604,0.00571234984315705,0.000289361443727279,0.127730503419012,0.0274088668783363
"sample215",0.0608805362435503,0.125053921171456,0.300158139300209,0.0848026235109627,0,0.41969444729972,0,0.009410332474102
"sample216",0.119737969905167,0.0978058227288579,0.626558062425003,0.0455928399486475,0.0519035717805963,0.0250963389371486,0,0.0333053942745797
"sample217",0.337385042987139,0.000458683999955604,0.296577100716118,0.0731524753363383,0.149117411405113,0.00666653560453103,0.085248777858083,0.0513939720927219
"sample218",0.0704097154107409,0.146133103846701,0.59634555388795,0.00113582903317874,0.005258741595595,0.156667178084122,0,0.0240498781417127
"sample219",0.255529799882967,0.0031100161564187,0.584549229574687,0.00404072847159491,0,0.0675080642658803,0.0106027307122512,0.0746594309362017
"sample220",0.217382821468059,0.0028039469462389,0.501400609115865,0.00541312906343868,0,0.0657991274126438,0.0344957781513432,0.172704587842411
"sample221",0.0203269295712067,0.0519145062729667,0.307036064625746,0.343270810004428,0.0309557741095141,0.0075002362450389,0.232712472775484,0.00628320639561616
"sample222",0.121127041112022,0.0282451078296911,0.608103037828575,0.00201494635838146,0,0.174107866085121,0,0.0664020007862098
"sample223",0.00505902814668076,0.359954743098446,0.185722009071334,0.20950326094735,0,0.232598503160545,0.0044957122689183,0.00266674330672585
"sample224",0.0127058388011067,0.00212481973979801,0.71818039226883,0.0665290378087662,0.0635522671906086,0.124455411860686,0,0.0124522323302044
"sample225",0.000863728507664603,0.553594312572612,0.182952886910091,0.0360377543499168,0,0.225600002446286,0,0.000951315213430097
"sample226",0.0758653323742109,0.0200667904936347,0.435095487028738,0.000127267841119534,0.445810430962479,0,0.00152927228725651,0.0215054190125609
"sample227",0.105378666448287,0,0.410921417877563,0.0042050248269435,0.304436256198901,0.00276288898955317,0.141157994362177,0.0311377512965756
"sample228",0.00785160180584362,0.55935961917761,0.391563947863049,0.0108467038724154,0.018192291475965,0.00342738118064015,0.00349335438390217,0.00526510024057563
"sample229",0.168318733922254,0,0.377132391163993,0.0107302942074439,0.0946442771189526,0.041322168986966,0.208253495216127,0.0995986393842635
"sample230",0.00316304358373099,0.228885175739329,0.627612642711669,0.132353897324174,0.00455638724143285,0,0.00328621123257664,0.000142642167087824
"sample231",0.120838888356752,0.073500064598265,0.711078747641541,0.00686544863488579,0,0.0338554608503883,0.0471980667198515,0.00666332319831601
"sample232",0.05434164232645,0,0.522868712515544,0.0278822053924998,0.330643999656995,0.00927036183648745,0.0349357315455337,0.0200573467264896
"sample233",0.00881780127151406,0.443563442569525,0.30157652753648,0.202419782903997,0,0.00986761276103004,0.0316613358040319,0.00209349715342238
"sample234",0.000292097118529854,0.103764849207,0.462867067844823,0.433053204254669,3.83222033276237e-06,0,0,1.89493546449963e-05
"sample235",0.0747525166003714,0,0.507153731228186,0.167094384396439,0.0593658647402361,0,0.164187852178384,0.0274456508563832
"sample236",0.0138566963653021,0.120836603193816,0.762353912131425,0.0979284983607307,0,0,0.00316452707396087,0.00185976287476595
"sample237",0.0244637899184599,0.195646013796558,0.355350272136436,0.00431161170604467,0.0052249121960679,0.350539548478479,0.0460128310898675,0.0184510206780874
"sample238",0.0440721154849556,0.195595610009462,0.504806582622414,9.73057556442132e-05,0.146983444829494,0,0.101453239608555,0.0069917016894743
"sample239",0.457409727064767,0,0.237841786035486,0.0192316054939005,0.230964823335201,0.0131293766128741,0.00692107913346429,0.0345016023243079
"sample240",0.121096144818515,0,0.532369841951029,0.160823990499139,0.00207304440542092,0.119795568871406,0.0030004572331014,0.0608409522213889
"sample241",0.154667196285458,0.0119432267034579,0.406816743854541,0.099653427379935,0.100839726129921,0.0167908983019112,0.195296910358638,0.0139918709861379
"sample242",0.00810206399327545,0.202069600281386,0.735963252901816,0.043261994781738,0,0,0.00231583277464736,0.00828725526713693
"sample243",0.0169048813222626,0.205046139567002,0.342100347229474,0.166256682526562,0,0.268633991155349,0,0.00105795819935072
"sample244",0.134290510107073,0.222878453764945,0.43183340465527,0.0622976534305794,0,0.135866944245944,0,0.0128330337961892
"sample245",0.369119202605221,0,0.116049298002225,0.000828917318577756,0.341146218991151,0.0318285915357479,0.00232196974327621,0.138705801803802
"sample246",0.720579318778671,0,0.154259920122825,0.0087928715609694,0.00043443250666615,0.0921517778776355,0.010226505184537,0.0135551739686963
"sample247",0.196314881457785,0,0.359514410163082,0.0101046064470138,0.148866834197601,0.038996448538736,0.149566550914781,0.0966362682810006
"sample248",0.0127054331713022,0.387497537554909,0.0437910690857618,0.0157754577424956,0,0.332630357666127,0.199071327052995,0.00852881772640925
"sample249",0.00163538131249019,0.0978707569121487,0.563488016604381,0.259029264396629,0,0.0177610625414569,0.0539580912332283,0.00625742699966539
"sample250",0.00446482970738977,0.510606612241508,0.184884268764936,0.00725133754138526,0,0.158921409450426,0.126838030003974,0.00703351229037968
"sample251",0.277752856951015,0.000453342862390997,0.114314597367776,0.025613313482739,0.0290039722263995,0.0923666529339667,0.345017186679056,0.115478077496658
"sample252",0.238158378664687,0,0.187194012854129,0.00847102319111324,0.413388523765734,0.00794081431754041,0.0851939452591506,0.0596533019476459
"sample253",0.092296569998984,0.0830071399727533,0.583743329463346,0.0427604090184658,0,0.168272709399539,0.0201044709947736,0.00981537115213794
"sample254",0.159301242758205,0.134204505755073,0.3582030948244,0.00281477289979668,0.00137205163716524,0.334835886392097,0,0.00926844573326283
"sample255",0.361711510181109,0,0.197140623356116,0.0135348333882139,0.245953604101996,0.0617624006370661,0.00468953424574119,0.115207494089758
"sample256",0.278174458669212,0,0.24401220273684,0.144675178095027,0,0.182636535757624,0.00273525266331155,0.147766372077986
"sample257",0.00237166215791229,0.256980229723642,0.529197045979858,0.194679585287625,0,0,0.0128329729367476,0.00393850391421488
"sample258",0.00517751917234507,0.301928551115202,0.237625587368699,0.118844371272004,0.00415374532095706,0.153351713516744,0.173662920739866,0.00525559149418408
"sample259",0.0783549834890656,0.0184800700862103,0.749778647883283,0.0528525285453931,0,0.0717275220683363,0,0.0288062479277113
"sample260",0.0139363537594025,0.504977102028854,0.00272741579582141,0.00447616409849784,0,0.471010417887777,0.000197707457305625,0.00267483897234143
"sample261",0.232004552627184,0.0463786828163437,0.424787347881551,0.0220337490735978,0.0110174362518694,0.12334366790712,0.129366199421586,0.0110683640207485
"sample262",0.0651036822397219,0.138084027867961,0.547615525125569,0.239237836486914,0.000190020032098705,0.00512007413666151,0,0.00464883411107458
"sample263",0.139832020095008,0.154901271901652,0.434172593912302,0.00283865395597922,0.0405414659200048,0.146377423887586,0.00748652012913981,0.0738500501983275
"sample264",0.180175960315307,0.0614106909666725,0.401617338575728,0.0162209017490386,0.00293970063915568,0.168314698268599,0.151687048042274,0.0176336614432255
"sample265",0.236534121357134,0,0.560997705383087,0.00810441935902984,0.0673137859940389,0,0.0641099767363936,0.0629399911703167
"sample266",0.124577030847672,0.0466776118580147,0.396391916454695,0.0201786331972362,0.0405851945223206,0.365230172111505,0,0.00635944100855729
"sample267",0.150199845556898,0.164865689222619,0.282667640351371,0.00325928842692288,0.0148823135846005,0.285624097215342,0.011084257219074,0.0874168684231728
"sample268",0.0218166638647564,0.147503383723827,0.549110027207413,0.213271195848039,0,0.0518310820602501,0.0119526296233361,0.00451501767237817
"sample269",0.0344897330311162,0.169858506482802,0.720005798718377,0,0.00506852369716654,0.0471117616746997,0,0.0234656763958384
"sample270",0.058472680273936,0.0546148921047384,0.608199227891036,0.192100326165062,0,0.01257571893545,0.0686719664159784,0.00536518821379995
"sample271",0.0105985058728745,0.248491603501752,0.233544108874685,0.0368427076137355,0,0.411369264324759,0.055328402531315,0.00382540728087903
"sample272",0.122189220288757,0.261600367442028,0.535365861807306,0,0,0.0719772136264572,0,0.00886733683545174
"sample273",0.204127199771098,0,0.300448120945102,0.0997076219957973,0.123193813737277,0.0917616395009483,0.0575857214734264,0.123175882576351
"sample274",0.00220205807220315,0.454317355779713,0.0812071011324488,0,0,0.453491516776321,0,0.00878196823931454
"sample275",0.159518572048563,0.2515495658956,0.499084626756746,0.04670188718604,0,0.0232365974334607,0,0.0199087506795903
"sample276",0.343271082009039,0,0.157647139184334,0.00588197156366019,0.135923331082898,0.0691349607755212,0.132929762409512,0.155211752975036
"sample277",0,0.274234957092746,0.441059077401585,0.284705965505669,0,0,0,0
"sample278",0.0571558661621135,0.0580604081670144,0.811183541321573,0,0.0483667323690959,0.0203530985130636,0,0.00488035346714011
"sample279",0.0515085949765094,0,0.364952927407943,0.508075562114789,0.0507580116706116,0,0.0188179078161483,0.00588699601399875
"sample280",0,0.480157813640048,0.375165854045256,0.12103086795089,0,0.0211690529849859,0,0.00247641137882024
"sample281",0.126106821630502,0.105449722003248,0.259374903612538,0.0412210058579478,0,0.341526120657263,0.116272641005402,0.0100487852331002
"sample282",0.116475566138656,0.00345259021308629,0.551885855116813,0.00491326855959685,0.0288699272200915,0.199273406983104,0.0304416531764227,0.0646877325922292
"sample283",0.212446911782704,0,0.575054427668301,0.0348736090616888,0,0.0429930712241714,0,0.134631980263135
"sample284",0.00231227129655519,0.273152183296205,0.484310049302417,0.196878706022158,0.000513340788317781,0,0.042626407289586,0.000207042004762282
"sample285",0.0599276463271305,0.0464617532224245,0.710817185511123,0.0166729041759066,0.019701646682423,0.131735096570996,0,0.0146837675099961
"sample286",0.397719078737052,0.0199646407007882,0.256898455669378,0.00379590649121492,0.0411645640273809,0.198039548800491,0.0420749269092951,0.0403428786643998
"sample287",0.00220629396237818,0.374762911836606,0.144628084133573,0.0256122302281123,0,0.0533797750550378,0.398094259493108,0.00131644529118517
"sample288",0.000836285236449942,0.292913562247636,0.417889347082447,0.121850990795514,0,0.166509814637953,0,0
"sample289",0.0533616064794358,0.101340063472433,0.414897377018814,0.00595811411068423,0.00160412553710917,0.191457187101545,0.215810413158347,0.0155711131216312
"sample290",0.078854409066586,0,0.603778582317891,0.000447713351451373,0,0.302501435067339,0,0.0144178601967324
"sample291",0.253519466524759,0,0.154629149553051,0.00675762451564401,0.284285745249867,0.0505657651053615,0.11688735379902,0.133354895252297
"sample292",0.197994935483576,2.26477428423681e-05,0.672245186638502,0,0,0.0191547529554629,0,0.110582477179616
"sample293",0.307793688504489,0.0528428888061068,0.540276148768695,0.0125419081579186,0.00516848996712582,0.0699610508540045,0.00162126972997733,0.00979455521168281
"sample294",0.0159899610251303,0.284861971831911,0.418089810226595,0.0194810817764559,0.00264938717672783,0.254723228340798,0,0.00420455962238175
"sample295",0.313492622465129,0.00118189413905412,0.483326303630341,0.00191267474973603,0,0.0833928885420362,0,0.116693616473704
"sample296",0.0500367308316792,0.19268746635732,0.45915963314949,0.252148225171065,0,0.0357922646977269,0,0.0101756797927191
"sample297",0,0.409065902459558,0.408305993822868,0.0174986863911,0,0.164734804611574,0,0.000394612714900652
"sample298",0.0252082590250718,0.0694654197361557,0.418576120835731,0.0185417757402889,0.23506348361931,0.145686673802031,0.0664394601433293,0.0210188070980821
"sample299",0.0157660869166607,0.37306365263529,0.414450323799881,0.179305888416794,0.00820832816015383,0,0.00545197694990819,0.00375374312131279
"sample300",0.191250277579342,0.0216670170529913,0.453619110183418,0.0110745504281372,0.00426277783918932,0.0395237688849982,0.258027946807126,0.0205745512247984
"sample301",0.316932056646727,0,0.325110412669497,0.00109533259934872,0.210039388354462,0.0429835013366716,0.00945787345575945,0.0943814349375336
"sample302",0.00664330564019979,0.585049634315061,0,0.00343270272543353,0.000423575110878861,0.398311466726853,0.0043679086380481,0.00177140684352579
"sample303",0.00444922455631707,0.250613673515968,0.534483013451452,0.202619889365987,0,0.00755776141928599,0,0.000276437690990063
"sample304",0.0600006030603867,0,0.579546463239984,0.00849874501892689,0.0398124596002986,0.183842454120325,0.096064291443065,0.0322349835170134
"sample305",0.141506755127834,0,0.447546479679202,0.0150265133964892,0.0401055879337114,0.114979393619628,0.172522591887668,0.068312678355467
"sample306",0.20732588817855,0,0.176165018102337,0.00372904314694921,0.322526032055031,0.0443053830684001,0.138731187276156,0.107217448172577
"sample307",0.141958582588696,0,0.460453867953571,0.236440993851919,0.0143901383954193,0.0490801611672824,0.0068359954514923,0.0908402605916205
"sample308",0.192555172019953,0,0.275527706134399,0.00688724180951747,0.328063546089035,0.0897177427330572,0.0520795107064159,0.0551690805076221
"sample309",0.00658129769651407,0.00395686943833895,0.491181340801899,0.0701990376477117,0.107364708783978,0.0200915364360372,0.295508017716007,0.00511719147951468
"sample310",0.0631273309903339,0.0520558619431113,0.423867674653122,0.000531133280260917,0.444217110755942,0.00451479513793055,0.00067152590002077,0.011014567339279
"sample311",0.1357587143802,0,0.376258756469817,0.00599916339830398,0.333295997664199,0,0.103832178856483,0.0448551892309969
"sample312",0.19078216616947,0.0883697031112876,0.618305034534131,0.011920808166333,0,0.0248046931586491,0,0.0658175948601289
"sample313",0.0041530221817837,0,0.441376107247414,0.376262742553931,0,0.104023629663629,0.0587297350221893,0.0154547633310526
"sample314",0.366844320371168,0.000575270159587243,0.437174772667877,0.0167774106043835,0,0.0781592865964184,0,0.100468939600566
"sample315",0.00348059375224158,0.392291490398219,0.297689458527567,0.0830889996371134,0,0.219387082308095,8.86814132257321e-05,0.00397369396353781
"sample316",0.00718320517862632,0.364410621578123,0.51327828714201,0.111929843684515,0,0.00136404089814126,0.000394838941106578,0.00143916257747804
"sample317",0.169776938318307,0,0.30602182273207,0.00700209322741239,0.0827557933539406,0.0578460812190685,0.354089958538058,0.0225073126111431
"sample318",0.0632302103944572,0,0.247319720189954,0.0102117336314304,0.607071743473995,0.00243637886358375,0.0344719648265781,0.0352582486200023
"sample319",0.00238057540377224,0.594723126291792,0.00236373493787474,0.0032542115939335,0.0019041898917261,0.390379525533685,0,0.00499463634721611
"sample320",0.262201387173605,0.00899305140084638,0.596906142631463,0.00110590689671027,0.102966260130391,0.00653383145783775,0,0.0212934203091466
"sample321",0.147377300698858,0.088886578687341,0.679442616535092,0.000222123151210452,0.00066043753275304,0.074805197985033,0,0.00860574540971277
"sample322",0,0.635416435966029,0.163665083086722,0.144850177289012,0,0.0245571233318241,0.0312561567994809,0.000255023526931486
"sample323",0.0186475744476313,0.238973169402607,0.264630225198548,0.0223572091388656,0.146335030011958,0.000508345087762685,0.300621118878352,0.00792732783427422
"sample324",0.0625770277131656,0.0199368446985143,0.632151951567329,0.0239187100599663,0.142509031391686,0.0697594706167482,0.0334496155862064,0.0156973483663844
"sample325",0.0092234697622115,0.43414217669964,0.504592626876895,0.00985923531197782,0.0357127890053374,0,0.00105624746451248,0.00541345487942607
"sample326",0.0958736154467344,0,0.330590569120379,0.308160729363815,0.206569158520362,0.00110906790645791,0.000236997954780087,0.0574598616874722
"sample327",0.0725000835034513,0.0763515388275096,0.745204762855955,0,0,0.0428614665938416,3.0049882003092e-05,0.0630520983372389
"sample328",0.160825625327437,0,0.27738196697077,0.0358215677952634,0.0919751161184602,0.291023768974212,0.0429656735942856,0.100006281219572
"sample329",0.0117572985319975,0.446536053854479,0.446014982195747,0.0217176372928495,0.00050352755432745,0.0176764582890877,0.0505185097018312,0.00527553257968108
"sample330",0.346247174516928,0.137840646073584,0.334604433269661,0.00277564718404192,0.0288596712552958,0.132877604099938,0,0.0167948236005523
"sample331",0.0227507925587476,0.417285861502846,0.303299506101732,0.134708665035631,0,0.112866637289942,0,0.00908853751110111
"sample332",0.0185585445771729,0.014222141962825,0.741675417845866,0.0309906560612996,0.142450437211423,0.0147939630036033,0.0314814379465746,0.00582740139123493
"sample333",0.0998739279588244,0.00911929385370698,0.439202441655708,0.00538087515190993,0,0.402684399645677,0,0.0437390617341736
"sample334",0.0048855168950057,0,0.561464638190571,0.142480652790309,0.287578243697454,0,0,0.00359094842666036
"sample335",0.174385718254883,0.0169376657986595,0.477937041604283,0.00534946794015171,0.0519858289987352,0.0934636968807384,0.098518299344251,0.0814222811782978
"sample336",0.171176038503135,0,0.235385274409281,0.316627474434733,0.106002506664391,0.021189586759071,0.0255405067336388,0.124078612495749
"sample337",0.338385855150435,0.0354106301397201,0.35614763962354,0.0495070408890895,0,0.212992566909036,0.000315786218239429,0.00724048106994045
"sample338",0.214156524589427,0.0163373935350282,0.447544367821177,0.00363558529703188,0.0402609646648045,0.122825341230334,0.0424620503423949,0.112777772519803
"sample339",0.102357882894383,0.282952785757959,0.465392309117366,0.0283316771970082,0.0880980858500588,0.0142839566216394,0.0132962671497245,0.00528703541186141
"sample340",0.000196273530312703,0.54346336174835,0.230742386117611,0.0357926384351861,0,0.189492144062321,0,0.000313196106219992
"sample341",0.241452925787474,0,0.348729487086363,0.14879285855535,0.0545579671561343,0.0758735967510249,0,0.130593164663653
"sample342",0.476847736465499,0,0.211670851199706,0.00153413519869172,0,0.201179658466203,2.68242873519179e-05,0.108740794382548
"sample343",0.580877248637436,0,0.0457534521731728,0.00992735867854238,0.0787574727440619,0.0412766152289888,0.0268469100244864,0.216560942513312
"sample344",0.193678542494706,0.00200562383862609,0.355355502629747,0.0406952306897853,0.0594610355749705,0.213885291431708,0,0.134918773340456
"sample345",0.373333836137262,0.00156946935396446,0.233717455017171,0.0138762067068281,0.208394196544884,0.0509377359299601,0,0.11817110030993
"sample346",0.00279116329483817,0.326719085058916,0.336805439284605,0.00888738162901149,0,0.225765632688381,0.0851813362810589,0.0138499617631902
"sample347",0.197293333742599,0,0.354754090731856,0.135095841175331,0.0660727816364769,0.149241160832118,0.000981999354578582,0.0965607925270412
"sample348",0.172799312592002,0,0.554748552909828,0.0625661291624,0.0376882303021435,0.113047736842077,0.0440588643272355,0.0150911738643144
"sample349",0.100534529028766,0,0.526827438861432,0.00211304449017929,0.355684491628233,0.00328301881005688,0.00134795774179894,0.0102095194395338
"sample350",0.242234559460304,0.000885499259588645,0.19935548445949,0.00789705338963753,0.138732741758182,0.168861061834812,0.123962204541023,0.118071395296962
"sample351",0,0.514152725540128,0.460571303134143,0.0039293265105089,0.000887724306152826,0,0.0204589205090672,0
"sample352",0.235116752680996,0,0.421460518222994,0.0228205948028174,0.302976568075697,0.00347312018418831,0.000916127952530704,0.0132363180807767
"sample353",0.531601384647802,0,0.138417396765592,0.000277782148901487,0.196163336372877,0.0623471397432551,0.00967288181309999,0.0615200785084723
"sample354",0.13556629759595,0,0.433502425175208,0.00309494190743218,0.139250137464116,0.0673734200924275,0.203954056986755,0.0172587207781121
"sample355",0.0973754150665667,0.0677841212302216,0.618610047285665,0.00412919583040801,0.0327314341172569,0.169397229881894,0,0.00997255658798765
"sample356",0.243105358150925,0.0302533916029825,0.474008677158142,0.00352776772525174,0.0310560344684232,0.104145392828916,0.0988763331948258,0.0150270448705343
"sample357",0.018402420026823,0.00639438830117709,0.765672295805728,0.00382593303589755,0.125519354285314,0.0702902892680516,0,0.00989531927700805
"sample358",0.066565625608967,0,0.545292985081016,0.089896322156633,0.254562472324848,0.00125486938510885,0.00254777701533225,0.0398799484280947
"sample359",0.00312499815901573,0.384507601483205,0.582073161000111,0.0302728893100697,0,0,0,2.13500475981244e-05
"sample360",0.00639678935142735,0.330872136777104,0.531493501831684,0.0736339415231279,0.00934988603062707,0,0.0445079143558238,0.0037458301302056
"sample361",0.158580037344947,0.0100622319057069,0.586664907298498,0.00618157036507546,0.0942074513618354,0.081036074342537,0.0439285398037192,0.0193391875776811
"sample362",0.00804824377012632,0,0.393860242095907,0.567322462882186,0,0.0255985683468762,0,0.00517048290490489
"sample363",0.00923065541275085,0.265892947303502,0.614406678185877,0,0,0.109524040392863,0,0.00094567870500698
"sample364",0.165349681606143,0,0.329872050627402,0.0303828333577496,0.0260915378186013,0.285732653910678,0.0691492062932007,0.0934220363862259
"sample365",0.369039600118775,0,0.255153483765586,0.000749853316599013,0.073188394605665,0.15059453053383,0,0.151274137659544
"sample366",0.00718255799753433,0.340253585582084,0.311316966021843,0.316275363452396,0,0.0241193781484405,0,0.000852148797701791
"sample367",0.0435383714191803,0.246202235418646,0.635749892503208,0.00122472840894586,0,0.0543325496018995,0.0159347806200549,0.00301744202806581
"sample368",0.302722215760665,0.00304123285285605,0.482168240269451,0.00292514655799612,0.0252647077651298,0.108256299518411,0,0.0756221572754906
"sample369",0.0351735039549289,0.0185366169951876,0.665416382267217,0.00299692467015227,0.199492003913065,0.0583436391050211,0.00822998552118089,0.0118109435732468
"sample370",0.144599488755935,0,0.327376738057491,0.154514205285312,0.208293503438811,0.0414871472334375,0.0325375145398185,0.0911914026891949
"sample371",0.208563407756333,0.197344714408434,0.360054938743773,0.00504665275524507,0.0143888184906754,0.0936648246402653,0.0148186269303896,0.106118016274884
"sample372",0,0,0.395688941441381,0.274200636423805,0.189309609088779,0.00260794245478701,0.126470891083966,0.0117219795072817
"sample373",0.00195086782917498,0.477382603088353,0.389495290596389,3.04168848044734e-05,0.0891339940252798,0.0269241546862949,0.000906753989184108,0.0141759189005193
"sample374",0.119776389687038,0.00989917037936508,0.618061049993054,0.00243873500730752,0,0.195764011810783,0,0.0540606431224524
"sample375",0.0604233990362037,0,0.512023300333779,0.0560500940212796,0.33353208314742,0,0.0104341023985997,0.0275370210627175
"sample376",0.0148808060451659,0.112832003624901,0.679311535026514,0.00253513692654213,0.0380705806054396,0.0989199751945119,0.0366906962561492,0.0167592663207758
"sample377",0.00744771625849628,0.360621899151936,0.142085406275014,0.0419664490862304,0.0001211987365306,0.443007965900631,0,0.00474936459116131
"sample378",0.0159452086786821,0.0218165644159097,0.669295315407504,0.00887100779865853,0.150405469350407,0.00541773837771306,0.120478382959375,0.00777031301175081
"sample379",0.409356518486453,0,0.239117525309411,0.000857932120984706,0.225488224909545,0.107938246067594,0.00103612764996707,0.0162054254560458
"sample380",0.000629172724538238,0.481499679683021,0.281838647490507,0.0328440349685934,0,0.18698328786368,0.0144367095604524,0.00176846770920803
"sample381",0.470511015371892,0,0.319568694168367,0.00144404722567956,0,0.133932328460994,0,0.0745439147730673
"sample382",0.505056295030835,0,0.188407759334081,0.0250861131993865,0.101121626282087,0.0803283000548076,0.00493506764983672,0.0950648384489655
"sample383",0,0.531799876952699,0.266457486297677,0.000953427556429402,0,0.200789209193195,0,0
"sample384",0.0763914523249173,0.00426096993417733,0.483334572541207,0.00716395730628655,0.0527694048683744,0.164736463137335,0.198063229696895,0.0132799501908074
"sample385",0.0415105435344171,0.00340692138175409,0.514401857121612,0.0107040199773298,0.123360621390691,0.0273019013949221,0.265076565427579,0.0142375697716946
"sample386",0,0.746730334755647,0.203978853271931,0.00113531914627236,0,0.0459569717861942,0.000826681491931859,0.00137183954802348
"sample387",0.028294842067237,0.578621582867671,0.224617889200345,0.0131716826460165,0,0.116941269431828,0.0318796487112295,0.00647308507567316
"sample388",0.00238730637608868,0.303547788792114,0.235979047412872,0.180672278238925,0,0.208131408746281,0.0665078919127718,0.00277427852094646
"sample389",0.40750708405022,0,0.0899608913442807,0.006641924405271,0.143710278471542,0.0768579875819997,0.12447372503395,0.150848109112737
"sample390",0.000903593840944973,0.0846265769382706,0.418626736537828,0.0141154662284986,0.286106161297172,0,0.183433892979976,0.0121875721773101
"sample391",0.259156010120014,0,0.37025393485555,0.0605695537903598,0.0469056612174229,0.0271034336918367,0.105132502424619,0.130878903900198
"sample392",0.023406932930263,0.423481070553669,0.369638756267206,0.00594692244768939,0,0.155933211607262,0.0181952493525157,0.00339785684139558
"sample393",0.017089600160873,0.116945855913125,0.521941478286479,0.038687106918577,0.128126557280364,0.162867884604321,0,0.0143415168362609
"sample394",0.0979111233925589,0,0.536032696917778,0.0210217491356071,0.0851277509608428,0.205929718645463,0,0.0539769609477492
"sample395",0.06069631506515,0.0735529302902555,0.439760867633356,0.0102587116055807,0.0399070346576919,0.0148246906078704,0.3349789902602,0.0260204598798956
"sample396",0.0759158519387719,0.256552593625578,0.501740408896912,0.00673167507737717,0,0.12907329090888,0,0.0299861795524808
"sample397",0.265351398032584,0,0.324147093327164,0.0175417504699738,0.0408554431260915,0.0891413166916933,0.0921322587078224,0.170830739644671
"sample398",0.0887711018487929,0,0.706768352280337,0.108914976359794,0.032020907335885,0.0150134060183873,0,0.0485112561568045
"sample399",0.031598340121931,0,0.667919315657964,0.00378859128368149,0.0341868641034599,0.1285605442367,0.118225394400016,0.0157209501962465
"sample400",0.31378260886858,1.76758119134065e-05,0.1741184860833,0.00806549578759783,0,0.208700328564826,0.11577747953309,0.179537925350693
"sample401",0.283338551341555,0,0.295032407182517,0.110243924388559,0.258508819433004,0,0.0353170630077017,0.0175592346466626
"sample402",0.485737758338271,0.00119536247445156,0.219959020033486,0.117410477671243,0.020594703385822,0.032061747495194,0.010003276620513,0.11303765398102
"sample403",0,0.49827495179819,0.296522089322519,0.116090055540089,0,0.0890510982118155,0,6.18051273864355e-05
"sample404",0.172464711094654,0.0563977292300215,0.394802214976861,0.0144691116907987,0,0.156644965158049,0.195420990760197,0.00980027708941903
"sample405",0.0235737578004904,0.539666011153834,0.380262031175271,0.00272623638382259,0.000117085492392002,0.0448329623839692,0.00307394140414162,0.00574797420607912
"sample406",0.100377441315756,0,0.498445962058621,0.000807927049377595,0.367714212611047,0.00266432494414806,0.0130968519655548,0.0168932800554965
"sample407",0.281528415891058,0,0.228911347110043,0.00688815195579176,0.319124593825488,0.0878130032379642,0.000369143181168184,0.0753653447984868
"sample408",0.00904004155811884,0.526024904261883,0.337731021487642,0.00521079430232296,5.70475671201557e-05,0.101420044102481,0.0104122403313265,0.010103906389106
"sample409",0.0386031343838541,0.0463965985168522,0.34547421216283,0.077733347703804,0,0.345442916098949,0.11737479536683,0.0289749957668808
"sample410",0.032566024254531,0.154148945730076,0.565834264370004,0.0337534186157077,0.203057482670381,0.0045089213314623,0.000747627251037379,0.0053833157768012
"sample411",0.00520055757377167,0.834894308915683,0.151501160236983,0.00236392689270056,0.00376105445525808,0,0.00137515748983567,0.000903834435767961
"sample412",0.427351271151338,0,0.165055535470203,0.00186843362449123,0.18336518523615,0.157883900296332,0.000570458448126698,0.063905215773359
"sample413",0.00919309455864818,0,0.590254714433215,0.344715877560122,0,0.0471907953350151,0,0.00864551811299891
"sample414",0.14515427236637,0.0193249529620413,0.380426407934256,0.00531044683711738,0.330989886249862,0.0877540476430042,0,0.0310399860073485
"sample415",0.00520674754915456,0.374268840899073,0.514861042563645,0.0035407371685695,0,0.0461977527767896,0.0518582602304487,0.00406661881231988
"sample416",0.192153171028344,0.0542503639066621,0.335377108147203,0.00160756688869901,0.0353724114530443,0.245583763020434,0.0186637396883445,0.116991875867269
"sample417",0.200968342222587,0,0.307028374941272,0.0183958910567821,0.276554403358479,0.0730477436112181,0.0196241388779746,0.104381105931687
"sample418",0.00109526671606251,0.652479484972679,0.186802150680683,0.13121520984723,0,0.027508622597955,0,0.00089926518539047
"sample419",0.042856206930089,0.21246612225056,0.502426625943884,0.000828277201496218,0.218308472563181,0.00477083358859061,0.00542795938293781,0.0129155021392611
"sample420",0.0557133361820012,0.389032786096124,0.246969631274245,0.0233817940249751,0,0.277912622235597,0,0.00698983018705768
"sample421",0.00262711711089189,0.475932504807909,0.46081300982689,0,0,0,0.0604708214345412,0.000156546819767565
"sample422",0.0905625511248109,0.010788002689927,0.402155873311242,0.227837803429804,0.0221409252747098,0.226087382264598,0.0125323356673028,0.00789512623760519
"sample423",0.137797837830325,0.186900933539975,0.307210260199215,0,0.00984054853310134,0.324231096529362,0,0.0340193233680216
"sample424",0.00208752300075686,0.119857444384588,0.353792139948508,0.108425226656353,0,0.119196235025603,0.29146718379426,0.00517424718993073
"sample425",0.162445414600345,0.000755794401268437,0.341388020318676,0.00372976309214213,0.179790400372843,0.000384011060645521,0.292624695431186,0.0188819007228938
"sample426",0.00240751405922171,0.581768184793943,0.110324085321591,0.00840576755484236,0,0.289091098622807,0.00714325569675106,0.000860093950843214
"sample427",0.19537397481251,0.00514007315874973,0.547846902866181,0.0448814391414076,0,0.10025590111966,0,0.106501708901491
"sample428",0.0545815189331815,0,0.558738454472081,0.0507154358931198,0.0420256325188241,0.251597666980197,0,0.0423412912025965
"sample429",0.173907158265208,0.165478228046673,0.423808058504763,0.00131133524615391,0.053850008083281,0.0993873523406025,0.000123483681221278,0.0821343758320962
"sample430",0.0160369021738218,0.253173389218334,0.1720291610366,0.0490385385770161,0,0.304225916686753,0.189929313188674,0.0155667791188009
"sample431",0.400714271124803,0,0.257627420266863,6.89875854061099e-05,0.280725854446489,0.0258222577447183,0.0171849501140493,0.0178562587176715
"sample432",0.0141935446251992,0.48781790664766,0.114945295450493,0.0791868280297515,0,0.217982349743332,0.075529086556918,0.0103449889466457
"sample433",0.165831976898195,0,0.514134432401943,0.00216533918597016,0.259920121021867,0,0.042385787986522,0.0155623425055035
"sample434",0.329691043073495,0,0.201703398124361,0.0102487860618439,0.0478911499369728,0.183200078704079,0.118343253681828,0.10892229041742
"sample435",0.134060926601771,0.314366482349674,0.473421221114473,0,0.0600913708243924,0.00827367532403175,0.000598537256222304,0.00918778652943535
"sample436",0.11468719834281,0.0467389192266047,0.570064177279311,0.115346638148295,0,0.0863523400331565,0.00729175864506022,0.059518968324763
"sample437",0.0789630927710521,0.203549519844405,0.511502262526002,0.00754197070695361,0.0171818417029556,0.0570950518131137,0.0846983102734383,0.0394679503620795
"sample438",0.0751298530165471,0,0.382714831528758,0.506059663953739,0.0273872302332784,0,0.00189125194377078,0.00681716932390651
"sample439",0.106920755619819,0,0.308859400793768,0.00792390086918528,0.184748530730544,0.00335219126981899,0.318247652815388,0.0699475679014766
"sample440",0.0825308802281779,0.0986325292622486,0.560833531976629,0.000813146681630665,0.0133290572217471,0.19514590720599,0,0.0487149474235764
"sample441",0.293046504824458,0.106450892284223,0.389876841254231,0.104478694783069,0.0154987401082089,0.0127127197421397,0.00149018863107522,0.0764454183725957
"sample442",0.174119369970913,0.126437725650737,0.417425896365729,0.00611395743342996,0.0307303719294955,0.160333309730625,0,0.0848393689190697
"sample443",0.0463113637509409,0.519494756585449,0.163760849129823,0.000687327726382663,0,0.2599907731641,0,0.00975492964330464
"sample444",0.216790726524498,0.00297875443123221,0.565074654460394,0.0138417185512709,0.0422119133121416,0.136307655753513,0,0.0227945769669503
"sample445",0,0.493751650852185,0.220486213498649,0.266286077229542,0,0.0189425311499243,0,0.000533527269698944
"sample446",0.062570990739144,0.150473350840334,0.500704543518001,0.0225728631066258,0.0947610012670755,0.0107245517980728,0.129198274247176,0.0289944244835711
"sample447",0.208267129642503,0.0381050484021012,0.551467942422232,0.00934420496646006,0.00964696785649598,0.17335410677879,5.47481928137426e-05,0.00975985173860369
"sample448",0.124164007638422,0.012309394817914,0.549292878162465,0.00626105596220514,0.0260709418079712,0.184335160994223,0.0868077804083549,0.0107587802084445
"sample449",0.178224741780698,0,0.525792503279011,0.00373536538756587,0.110108398423132,0.0215573672798875,0.060478227433335,0.100103396416371
"sample450",0.266104129571335,0,0.296155261197691,0.153037339651431,0.108683745824085,0.0461751954641884,0.11282915693252,0.0170151713587495
"sample451",0.00042891549596342,9.71917986142719e-05,0.600150774281211,0.0798501417459034,0.288482655029464,0.0110750851747495,0.00460706604340892,0.0153081704306854
"sample452",0.0935780423276445,0,0.749277119858831,0.141188572046569,0,0,0.000599287345335848,0.0153569784216197
"sample453",0.00816078957319392,0.263810821622385,0.670052992036093,0.0105484660668827,0.0282252878219981,0,0.0181998550729438,0.00100178780650337
"sample454",0.0259634717177253,0.0621397062671321,0.407628173151403,0.00173559333773077,0.224790579444585,0.0519377945661206,0.214910261579845,0.0108944199354585
"sample455",0.00657215894803785,0.572533808481438,0,0.0280858004955519,0,0.245868204762203,0.142560101091962,0.0043799262208081
"sample456",0.0194037713976547,0.0306956193621426,0.879529818646138,0.0526605806599142,0.0025037778402983,0,0.00260837685190602,0.0125980552419464
"sample457",0.124720056318997,0.0684707457542062,0.34309085681231,0.00258964031710022,0.173196028408781,0.225798368467234,0.0449289549858254,0.0172053489355459
"sample458",0.153916638770995,0.0777610844126454,0.535338042007465,0.0011735963301159,0.0386325462358572,0.16367945034455,0.0130402190495026,0.0164584228488692
"sample459",0.0128977582680463,0.484899348198052,0.31594160143312,0.113373572424309,0,0.0709018243129882,0,0.00198589536348457
"sample460",0.160033473580001,0.219273204672276,0.247118581819976,0,0,0.368867354767215,0,0.0047073851605321
"sample461",0.170275197469913,0,0.470061293319259,0.141702733766672,0.047038131985458,0.0907522412101933,0.055689153091047,0.0244812491574578
"sample462",0,0.660502653745396,0.236458195522443,0.0589246322951575,0,0.0351483369540795,0.00896618148292383,0
"sample463",0.0883499096971871,0,0.331544960586726,0.0461607049687819,0,0.486177020829762,0,0.0477674039175428
"sample464",0.202783630570649,0.0106358425714042,0.454791610998023,0.00250904505854805,0.234404014349229,0.00985629148488091,0.0662085867791939,0.0188109781880715
"sample465",0.146791996805991,0,0.462657080086328,0.297508454314069,0.0028080193096198,0.0778521951278954,8.15968701149189e-05,0.0123006574859819
"sample466",0.0158652439838445,0.0312726845501624,0.762858480608309,0.00552804403447028,0.0302618151109265,0.143453673309994,0,0.010760058402293
"sample467",0.114193827924766,0,0.239004422358444,0.0173705853420553,0.51605455262799,0.00106464342539208,0.029437299235471,0.0828746690858815
"sample468",0.052008249230776,0.0348962538325272,0.742871071618813,9.41046081680285e-05,0.0231235829494852,0.138030016422229,0,0.00897672133800201
"sample469",0.307726154599281,0,0.219101021659239,0.00742562954023469,0.0777777129205612,0.0610734549241812,0.14211090248219,0.184785123874312
"sample470",0,0.575385548660911,0.370877405979204,0.0523661734488527,0,0,0,0.00137087191103291
"sample471",0.078496741884934,0,0.28253601388954,0.0106209272690048,0.558490897418601,0.00888583754596324,0.0276040929801425,0.0333654890118146
"sample472",0.017192643828934,0.00216440363430891,0.521791119221585,0.0077563790797039,0.154106419371691,0,0.288239435704408,0.00874959915936938
"sample473",0.323256748464477,0.00108498287478496,0.226511224733559,0.00369491244114117,0.0230138935011557,0.210507327777954,0.103893993714265,0.108036916492662
"sample474",0.207020027164402,0.000862567339410692,0.616978404116259,0.0397163412206508,0,0.0399846244623798,0,0.0954380356968978
"sample475",0.000967634210633045,0.406487965889618,0.274579953580984,0.0133605489290294,0,0.233924736568339,0.066885905751698,0.00379325506969933
"sample476",0.143056878330788,0,0.447119561891051,0.0140861328069252,0.0323031366373586,0.0841030818377114,0.19299686994735,0.0863343385488158
"sample477",0.0614216652763685,0.017140560272722,0.40164297275271,0.0453057571498357,0.120416536516297,0.339518968423579,0,0.0145535396084875
"sample478",0.0807376990954576,0,0.767190237080571,0.00124425004400329,0.0732699570015898,0.0439008372878721,0,0.0336570194905059
"sample479",0.13460245709919,0,0.282840608959397,0.00823294331149611,0.0444058878555637,0.127570918864834,0.382046578398614,0.0203006055109064
"sample480",0.00063614223227759,0.382170324309386,0.246404097076679,0.120040806112023,0,0.250748630269636,0,0
"sample481",0.00691373262229601,0.222565398475929,0.383381904932037,0.131511605077419,0,0.205468836672187,0.0324526905590061,0.0177058316611256
"sample482",0.184784720766282,0,0.297505067280972,0.0516898667903075,0.291079868137421,0.0552400268028954,0.00834635322177314,0.111354097000349
"sample483",0.150404484484498,0,0.378116970207507,0.18774677875161,0.123928962357774,0.0699421342991556,0,0.0898606698994557
"sample484",0.0717083909548525,0.147472682159953,0.727590621744135,0.0326426124367392,0,0.0101082179718777,0.00624243960156706,0.00423503513087577
"sample485",0.119602057457439,0.00401941520923642,0.716773094670978,0.0263742678817492,0.0286098133993844,0.0531983886532177,0.040266180782921,0.0111567819450746
"sample486",0.0171935124402536,0.380950745208036,0.194500914861339,0.00703619842004264,0,0.0869034989572079,0.301056269333641,0.0123588607794801
"sample487",0.0208358872527593,0.433036228606925,0,0.00599068489482502,0.0141965100617997,0.481394825189006,0.0373467330590197,0.00719913093566529
"sample488",0.00161909932067617,0.461816558644355,0.353492231350066,0.00815271519836344,0,0.0806248494146897,0.0902376448195615,0.00405690125228782
"sample489",0.221026765305777,0.132998504510427,0.494180366564863,0.0200472112379128,0.00024193279808625,0.12316295739901,8.28138859719813e-06,0.0083339807953279
"sample490",0.125112772210693,0.00271967252480923,0.372443866450105,0.254766016063022,0.0580206036656338,0.0194922871140238,0.122417502491992,0.0450272794797218
"sample491",0,0.469735693706416,0.204365331337717,0.190013754207946,0,0.135684753533059,0,0.000200467214862458
"sample492",0.162094303118531,0.0158638465993828,0.406051206426719,0.00603773584167849,0.239618407415473,0.0546344955556808,0.0215463645019074,0.0941536405406278
"sample493",0.0164997321537816,0.525132608749263,0.118827446599398,0.00686532380383536,0,0.31723481605122,0,0.0154400726425014
"sample494",0.204736422298267,0,0.197053810907946,0.00426923172840601,0.342498290948865,0.106718838576195,0.0347648098999775,0.109958595640342
"sample495",0.200590676471596,0.00274256442126685,0.472114724350826,0.0903436147201958,0,0.0303026150873445,0.0888440217643772,0.115061783184394
"sample496",0.132185207291091,0,0.548062065785921,0.234381303999693,0,0.0148930847383885,5.28239986901905e-05,0.0704255141862166
"sample497",0.284455266976101,0.00413375833526578,0.328308799561871,0.0037397179180801,0,0.253843816643412,0.0202631709988671,0.105255469566402
"sample498",0.180073682058591,0.0736332396183876,0.540444800323813,0.0250124388264504,0.0126882415032161,0.0567604561870809,0.101802680157087,0.00958446132537405
"sample499",0.212180001449637,0.09331518383265,0.317930928882441,0.291196394263541,0,0.0693515176823178,0.00221580954680594,0.0138101643426068
