,b cell,monocyte,platelet,natural killer cell,plasmacytoid dendritic cell,"cd4-positive, alpha-beta t cell",conventional dendritic cell,"cd8-positive, alpha-beta t cell"
0,0.36311509945955905,0.19094123867040907,0.0,0.0,0.0,0.08576954144373303,0.19754187357309885,0.1626322468532001
1,0.2595546032451536,0.061044812416563336,0.2101988017006213,0.05851629307156551,0.24887797116219174,0.0,0.1618075184039045,0.0
2,0.06978709318334907,0.12500025767681083,0.29926819641322505,0.0,0.06875463509855817,0.21185102693573207,0.0,0.2253387906923248
3,0.11715328372368719,0.5675421399478031,0.11836326897853992,0.0,0.0,0.10949904079775488,0.08744226655221479,0.0
4,0.28631491399469894,0.07915471659990421,0.0,0.0,0.09411747273033536,0.0,0.3958112718188884,0.1446016248561731
5,0.0,0.15318178138817765,0.0,0.46839887844956746,0.0,0.32756925585539326,0.0,0.050850084306861644
6,0.0,0.3306509204702593,0.0,0.23004542421542187,0.4233245353229883,0.0,0.01597911999133069,0.0
7,0.0,0.1266876091338237,0.3030653313901988,0.18966515272030987,0.0,0.2844269125643024,0.07938724007589193,0.016767754115473266
8,0.0,0.0,0.024764607339724843,0.24377129654883276,0.23126408919137018,0.0,0.5002000069200723,0.0
9,0.16428974764655993,0.11405408349230603,0.0,0.1403412713111033,0.25134335789060724,0.0,0.3001589597549548,0.029812579904468676
10,0.0,0.07366907324311446,0.19080314988289485,0.06479280164769637,0.4254112270186031,0.0,0.0,0.24532374820769118
11,0.1411690995501781,0.0,0.0,0.2779125202616055,0.5031700651757824,0.0,0.07774831501243405,0.0
12,0.0,0.0,0.0,0.060533745604741146,0.0,0.0,0.7418751413613887,0.19759111303387025
13,0.0,0.0,0.0,0.32147257310669913,0.20328825850532942,0.23018803806325427,0.05218518078667108,0.19286594953804623
14,0.0,0.5310345706691322,0.3041616188040464,0.028947650342405304,0.0,0.004664265311716277,0.015382307285969343,0.11580958758673035
15,0.025799480521358456,0.16196242670825156,0.23395473966859004,0.0,0.0,0.12902493732839562,0.028426235238856106,0.42083218053454824
16,0.0,0.14839630683923954,0.0,0.3179829869290802,0.0,0.281405928979976,0.16869551276645178,0.08351926448525253
17,0.0,0.14842468706122455,0.22309274234642099,0.2533706080337895,0.26420333855669026,0.0,0.09292655168194854,0.017982072319926205
18,0.0,0.3740822585201088,0.0,0.0,0.0,0.05442982570347114,0.06833104161770473,0.5031568741587154
19,0.0,0.12385250715891244,0.1282462732041652,0.0,0.29954632552410765,0.0,0.0,0.44835489411281476
20,0.0,0.400459662215084,0.19137655965613867,0.2338184085111969,0.0,0.0,0.0,0.17434536961758038
21,0.0,0.2564353770794587,0.0,0.3541914319805069,0.0,0.19285409356547223,0.1965190973745621,0.0
22,0.0,0.14429393559129164,0.236418664217886,0.46045038793948806,0.0,0.039849791731661144,0.07719200394364534,0.0417952165760279
23,0.4289465123026022,0.34536799631877685,0.0,0.0,0.0,0.0,0.0,0.22568549137862093
24,0.36979602700651226,0.0,0.043858206682529204,0.002070705932123057,0.0,0.3849926075183175,0.19928245286051793,0.0
25,0.0,0.3681972870090492,0.39585577720973497,0.04114585342322183,0.04312792857658588,0.13639369105509044,0.0,0.015279462726317618
26,0.0,0.0,0.0,0.25575260062589966,0.0,0.10546139677981262,0.6387860025942876,0.0
27,0.11145072051810882,0.21710436187469687,0.0,0.2478553762425665,0.3074620131326229,0.0,0.0,0.11612752823200498
28,0.0,0.0,0.06928222317544387,0.14288964025512754,8.925176797431097e-05,0.3775774995511796,0.0,0.4101613852502748
29,0.0,0.42305363008004615,0.2548247788045923,0.12284901050436764,0.0,0.04042031324740467,0.15885226736358918,0.0
30,0.03971629550154748,0.3127947755464427,0.12379078178693902,0.0,0.18090803961769697,0.0,0.3427901075473738,0.0
31,0.4473582122298755,0.09711138673216102,0.28645249438601306,0.16907790665195047,0.0,0.0,0.0,0.0
32,0.0,0.0,0.0,0.2605478486445053,0.36530282149160237,0.0,0.3207089063057763,0.05344042355811599
33,0.0,0.0,0.0,0.04013960972755469,0.1578062408208795,0.023590651341161995,0.5485226363922953,0.22994086171810865
34,0.0,0.0,0.10844599661434039,0.5648201005130921,0.0,0.09984872169911273,0.13341951102890687,0.09346567014454796
35,0.0,0.35594275878908643,0.25627930938025184,0.0,0.0,0.0,0.09034275180746404,0.29743518002319774
36,0.0,0.28607052698837715,0.15529080256303465,0.11140810926795439,0.3911703374677674,0.0471062863049732,0.0,0.008953937407893096
37,0.0,0.0,0.0,0.2635650804347697,0.26541543027378817,0.23333237213350216,0.1770827320880837,0.06060438506985618
38,0.6232039673084414,0.15375542166574074,0.0,0.0,0.061505896717510646,0.0,0.16153471430830713,0.0
39,0.6245486259269618,0.016545091769623765,0.19999925295123316,0.0,0.0,0.15890702935218126,0.0,0.0
40,0.0,0.0,0.0,0.0,0.0,0.2832668089280803,0.0,0.7167331910719197
41,0.047688394757237657,0.44213877054201844,0.0,0.32527228026327937,0.0,0.08926420811143129,0.03509192516594417,0.060544421160089304
42,0.0,0.5654654240145189,0.05431150037740474,0.0,0.16502641461236808,0.0,0.21519666099570825,0.0
43,0.0,0.0,0.19275267888908118,0.27664094217873736,0.5223278336118556,0.008278545320325873,0.0,0.0
44,0.3161852869258553,0.0,0.16033366675351,0.16780007393132254,0.0,0.35568097238931223,0.0,0.0
45,0.10371830082184212,0.13431529499873232,0.2814561564224109,0.0,0.0,0.008925559295644673,0.10474323734480162,0.36684145111656835
46,0.20882041766861736,0.0,0.0,0.0,0.0,0.18374598488189967,0.5006427717774986,0.10679082567198449
47,0.0,0.09702241921074736,0.20371536115338826,0.2806710297630561,0.0,0.16519113931261897,0.0,0.2534000505601892
48,0.0,0.6628704814969663,0.16766579205679083,0.0,0.061490049456805126,0.005490084031501966,0.08765473262399538,0.014828860333940338
49,0.5448549801382933,0.2682630028692682,0.16426223421439212,0.0,0.0,0.022619782778046466,0.0,0.0
50,0.0,0.04147547065313358,0.2615599443738001,0.16132932048712034,0.0,0.44309454797179315,0.09254071651415285,0.0
51,0.2085035421772135,0.0,0.0,0.243857640244841,0.03615367260294116,0.10390658522677712,0.27452531884234477,0.1330532409058824
52,0.0,0.0,0.0,0.0,0.23887327792106747,0.24194431710884295,0.0,0.5191824049700896
53,0.0,0.0,0.0,0.21597588222178984,0.0,0.0,0.7239019145466488,0.060122203231561346
54,0.0,0.0,0.12232716125322175,0.45363676496034805,0.016741439509462223,0.407294634276968,0.0,0.0
55,0.0,0.5143177922079919,0.0,0.018541417838585195,0.135782238343734,0.0,0.331358551609689,0.0
56,0.050838566266319385,0.7387454571842126,0.0,0.0,0.0,0.0,0.21041597654946803,0.0
57,0.0,0.0047615435195940865,0.2583157048570143,0.35199519633006565,0.06737428851799077,0.31755326677533513,0.0,0.0
58,0.5726437010939781,0.0,0.0,0.01617001875072228,0.0451608035541522,0.24878243439208783,0.0,0.11724304220905961
59,0.0,0.15482301515923955,0.23114946075385612,0.13153809282671414,0.45687064243054487,0.0,0.0,0.025618788829645328
60,0.0,0.0,0.0,0.1578919916962108,0.0,0.25635041157181276,0.3937416752129268,0.1920159215190497
61,0.0,0.37984205686084777,0.2792752737680093,0.0,0.0,0.08816373311420626,0.25271893625693664,0.0
62,0.27140835781412237,0.48429208976593036,0.0,0.0,0.0,0.0,0.0,0.24429955241994736
63,0.0,0.5678997767842645,0.26686125851318493,0.0,0.0,0.16523896470255045,0.0,0.0
64,0.37357006128024484,0.0,0.06853584899042933,0.0,0.44010999684999325,0.0,0.11778409287933261,0.0
65,0.5560331737610756,0.14245718141636407,0.0,0.22105871804853638,0.0,0.0,0.0,0.08045092677402392
66,0.0,0.36625141318988047,0.14835653954838776,0.0,0.4500362042070188,0.03535584305471313,0.0,0.0
67,0.0,0.31559850258516875,0.0,0.0,0.08586669201492203,0.28220337547718355,0.0,0.3163314299227257
68,0.0,0.0712713048368471,0.2864139562788783,0.0008697478866683048,0.0,0.31227519757521,0.18828128047477818,0.14088851294761814
69,0.0,0.09458150714295831,0.07082929423201005,0.0,0.0,0.36946491937016324,0.3797160634585875,0.08540821579628087
70,0.0,0.0,0.019452536222205382,0.023851568733540086,0.3726265743786361,0.0,0.5840693206656183,0.0
71,0.053975816173638634,0.43312154861311813,0.0,0.3551329567932752,0.0,0.010665641519065577,0.0,0.14710403690090235
72,0.0,0.64200659305764,0.23419845408009995,0.0,0.08675496233632993,0.0,0.037039990525930266,0.0
73,0.21674548162455487,0.0,0.0,0.229910013289342,0.5429286537162928,0.0,0.010415851369810377,0.0
74,0.0,0.18446076498302924,0.13325406683085994,0.0,0.5784973430994994,0.0,0.0,0.10378782508661155
75,0.0,0.44228787240892514,0.21367982139422864,0.0,0.0,0.21418615528392776,0.10295022509359546,0.02689592581932303
76,0.0,0.0,0.14127020767634055,0.2968339130628099,0.0,0.02740942610672699,0.41515323604615983,0.11933321710796266
77,0.0,0.7019815642583879,0.0,0.05275965671790483,0.030165380447221325,0.0,0.18957139910674514,0.025521999469740767
78,0.0,0.2136647232585307,0.29509349716315497,0.0,0.2008307692252389,0.0,0.0,0.29041101035307537
79,0.8709320933477875,0.0,0.0,0.025888303534033767,0.0,0.0,0.059877296086309505,0.043302307031869165
80,0.1278134809280838,0.0,0.0,0.39243386132176544,0.23492923242385183,0.19212281419550037,0.05270061113079862,0.0
81,0.0,0.15529135156861273,0.0,0.649600291960385,0.0,0.028858131646561265,0.0,0.16625022482444093
82,0.0,0.10960564580729898,0.16867171986336688,0.0,0.2651837098082912,0.45653892452104283,0.0,0.0
83,0.037240067535684526,0.38105474493785013,0.0,0.0,0.32741525715540726,0.0,0.25428993037105807,0.0
84,0.0,0.07832694671703141,0.17666180848202054,0.6322294900410034,0.0,0.10316897056459778,0.0,0.009612784195346906
85,0.0,0.5493527204894547,0.0,0.0,0.0,0.16766458141759202,0.02217959477706669,0.26080310331588663
86,0.0,0.0,0.0,0.0,0.15044077890268964,0.0,0.0,0.8495592210973103
87,0.20047331106422744,0.0,0.0,0.0,0.3710073301566135,0.0,0.18497388717208346,0.24354547160707546
88,0.0,0.0,0.19332801607474395,0.38722092597744345,0.0,0.3228436342825058,0.09660742366530677,0.0
89,0.07563313772622375,0.0,0.0,0.0739400123451341,0.049994068794753516,0.16336071080622525,0.0,0.6370720703276633
90,0.5304984082123356,0.10836616402246133,0.2918313142372892,0.06930411352791381,0.0,0.0,0.0,0.0
91,0.19083139503255672,0.39373866738558355,0.14887460246290524,0.0,0.0,0.0,0.0,0.2665553351189545
92,0.30969804858345223,0.31287719283610027,0.039108468505814634,0.27896885407084915,0.0,0.0,0.0,0.059347436003783734
93,0.0661240080068926,0.04790557732230334,0.0,0.0,0.0,0.4498023894727456,0.37908889664959206,0.0570791285484665
94,0.0,0.0,0.0,0.07653610615345972,0.0,0.33495570397262103,0.5213164731653448,0.06719171670857428
95,0.0,0.11950605948966392,0.0708526805395104,0.16567061173331835,0.0,0.15587861594143204,0.3338283971562834,0.15426363513979185
96,0.0,0.0,0.0,0.39339136701705385,0.2531051535403308,0.0,0.1440013709966764,0.20950210844593908
97,0.0,0.0,0.04479065877334078,0.3190611088707479,0.25291023402451535,0.2739109648718697,0.05048068980055023,0.05884634365897598
98,0.0,0.042236990571360294,0.26409484606149775,0.2790944003572295,0.1806895486777056,0.0,0.23388421433220682,0.0
99,0.4843285955254848,0.0,0.0,0.0,0.06713878307094784,0.0,0.3431463952686045,0.10538622613496286
100,0.0,0.1284729683964735,0.2802496432143895,0.5456216203091422,0.0,0.008198979818744625,0.0,0.03745678826125027
101,0.5500035431632307,0.1579794309861939,0.268495259783755,0.0,0.0,0.0,0.0,0.023521766066820278
102,0.8278432539127212,0.13171591315475312,0.04044083293252575,0.0,0.0,0.0,0.0,0.0
103,0.22799822102105347,0.31877176273515967,0.2830098615650556,0.031090281370273094,0.13912987330845825,0.0,0.0,0.0
104,0.0,0.40254306496267817,0.0,0.27822041183732177,0.2717725683104713,0.0,0.0,0.04746395488952887
105,0.2834363317497974,0.037552583359227794,0.21477708359620504,0.0,0.0,0.0,0.16436390365156245,0.29987009764320743
106,0.0,0.7610036216225964,0.015584781998879941,0.0,0.0,0.005614544667213145,0.0,0.21779705171131036
107,0.053514517106392503,0.13297841724623072,0.0,0.0,0.0,0.43888352577145895,0.3746235398759179,0.0
108,0.0,0.0,0.145461101232357,0.2986404886002605,0.10940697643346696,0.24685794202649664,0.19963349170741887,0.0
109,0.48288789116449576,0.27342196385095996,0.0,0.0,0.0,0.0,0.0,0.24369014498454436
110,0.1309427530514853,0.03722463771129774,0.15877980370381028,0.0,0.0,0.0,0.3516286167499627,0.3214241887834439
111,0.0,0.19705764722622585,0.13597114054616008,0.24725721231740289,0.15740247344814098,0.0,0.20402676070915113,0.05828476575291905
112,0.0,0.16696196921977613,0.3513874923149738,0.0,0.1452489604628069,0.1453253710258134,0.19107620697662978,0.0
113,0.0,0.0,0.08052780972195449,0.26401400985556445,0.5872190304056047,0.0,0.017753472195454097,0.05048567782142211
114,0.0,0.35706721200334574,0.0,0.5580151718651999,0.0,0.026465359972270706,0.004776300917672417,0.053675955241511204
115,0.0,0.09880444493767361,0.10753544779680113,0.5043626222965797,0.15890429437690953,0.1303931905920361,0.0,0.0
116,0.0644441977019105,0.0,0.0,0.18977857623272587,0.0,0.5074568738636871,0.0,0.23832035220167644
117,0.0,0.2964690618154014,0.30041291395707537,0.3286483870606108,0.004978633254728505,0.06949100391218395,0.0,0.0
118,0.0,0.0,0.2179935239888254,0.13996998287920626,0.06695314223668246,0.3765861596497707,0.0,0.19849719124551524
119,0.0,0.14048129127611172,0.2813738584185101,0.0,0.03480977026873919,0.0,0.284813815850709,0.25852126418593
120,0.23899364059816713,0.0,0.004475438174759971,0.3956907421454705,0.36084017908160243,0.0,0.0,0.0
121,0.32691762649087197,0.0,0.0,0.5690769646117404,0.0,0.0003346170232579667,0.1036707918741297,0.0
122,0.0,0.14864981033149008,0.26363089873766665,0.11541270543023446,0.2671906349520352,0.0,0.13975813384949706,0.0653578166990765
123,0.0,0.0,0.19810837663235392,0.14846534252222698,0.11619172612439678,0.15217437515784493,0.3850601795631774,0.0
124,0.0,0.5482240266453614,0.0,0.22527128405105995,0.0,0.04095809050579431,0.06077305708316465,0.12477354171461973
125,0.0,0.0,0.12313089769577393,0.33153293426239433,0.379926470771874,0.16540969726995777,0.0,0.0
126,0.0,0.22536759773217793,0.31732798654163014,0.33470901633107336,0.0,0.12259539939511861,0.0,0.0
127,0.0,0.0,0.0,0.0,0.00034663600709027053,0.13406016616526523,0.3915448700561494,0.47404832777149514
128,0.124384410034529,0.31634355255070873,0.0,0.016536595694030518,0.48191299956251293,0.0,0.04572217318778877,0.015100268970429964
129,0.414876529171065,0.0,0.0,0.3335478016686309,0.0,0.12455225529131739,0.0,0.1270234138689867
130,0.0,0.02786242313220736,0.17763065978704512,0.0,0.0,0.0,0.4398592362908862,0.35464768078986136
131,0.0,0.0,0.0,0.07022661653707413,0.3056285506150164,0.44013928051724976,0.18400555233065966,0.0
132,0.0,0.2774130103033478,0.24370184573586642,0.0,0.0,0.2430364354058085,0.13860297009176495,0.09724573846321244
133,0.0,0.012086915468042792,0.20085009576516724,0.45690490479485996,0.12624274085354417,0.0,0.1286260913323477,0.07528925178603817
134,0.0,0.21614740858136527,0.30293905286630324,0.16038596790786783,0.12369120759045361,0.0,0.19604939234026836,0.0007869707137417128
135,0.0,0.014779009310383697,0.0,0.6819944351793601,0.0,0.2383488283921615,0.0,0.06487772711809454
136,0.05524302044561616,0.3715826793580737,0.0,0.0,0.0,0.5185409612199503,0.0,0.05463333897635978
137,0.2943887493552273,0.0,0.0,0.0,0.05735188691981052,0.0,0.6282528463400823,0.020006517384879956
138,0.22913780290908164,0.0,0.0,0.553207807819902,0.1808471412794189,0.0,0.0,0.03680724799159739
139,0.3130263817630394,0.0,0.0,0.2613442112462024,0.0,0.300341077050674,0.0,0.12528832994008432
140,0.03352509993134288,0.4886301460526426,0.0,0.18311075979600677,0.0,0.2576230910199817,0.03711090320002602,0.0
141,0.6143710536675587,0.0,0.0,0.0,0.0,0.0,0.27458977595385065,0.11103917037859069
142,0.0,0.0,0.0,0.3598201812800845,0.6336967392236059,0.0,0.006483079496309602,0.0
143,0.0,0.35777014638268095,0.0,0.22226753705761823,0.0,0.09746142051957524,0.0,0.32250089604012555
144,0.0,0.0,0.0,0.4152526040795166,0.22685360836603974,0.0,0.298622621844217,0.059271165710226635
145,0.0,0.04392571634356937,0.23962711834983044,0.2875520912108584,0.0,0.24182202470463718,0.0,0.18707304939110453
146,0.0,0.6556254116238163,0.3027826203893881,0.0,0.04159196798679563,0.0,0.0,0.0
147,0.17836332479080447,0.0,0.0,0.2346454743407718,0.2520208568413877,0.0,0.3349703440270361,0.0
148,0.29024172442866514,0.3320972449524009,0.2414652841760608,0.0,0.07625845145610316,0.0,0.059937294986769925,0.0
149,0.0,0.13088708736228247,0.2720046907808687,0.4324161662383578,0.0,0.12873569738038465,0.0,0.035956358238106396
150,0.4339997192620035,0.0,0.0,0.0,0.15063958253925439,0.2492309848712883,0.04492087758692867,0.12120883574052525
151,0.3040097007742345,0.0,0.0,0.11719802459293754,0.0,0.0,0.5030517945782103,0.0757404800546178
152,0.0,0.0,0.0,0.0,0.0,0.3603405433142376,0.5627237269373245,0.07693572974843789
153,0.17039994229695074,0.0,0.0,0.07646901512220095,0.0,0.0,0.4912777009492887,0.26185334163155966
154,0.0,0.1216857834139624,0.0949356876371217,0.3520657504290366,0.05281603913160531,0.01707037529837767,0.0,0.36142636408989637
155,0.3289933966439306,0.1410249509655172,0.2755581803636408,0.0,0.0,0.0,0.03769108153816173,0.2167323904887496
156,0.0,0.0,0.028921143965530024,0.09200674966361269,0.36747797453615044,0.37691476311562494,0.0,0.13467936871908195
157,0.16562461245271173,0.3133155374880021,0.1939385375181657,0.0,0.0,0.15758210919992643,0.0,0.1695392033411941
158,0.0,0.442605203706089,0.21167623141570047,0.0,0.34068956828218233,0.0,0.005028996596028078,0.0
159,0.148236919299014,0.23096129550013234,0.2847015208839733,0.0,0.0,0.0,0.0595844837491445,0.27651578056773585
160,0.2460037108004748,0.37355695098278147,0.2526683916848315,0.0,0.0,0.0,0.12777094653191207,0.0
161,0.0,0.17661623543650024,0.0,0.08863677154841873,0.5054919396490143,0.0,0.032029981650039535,0.19722507171602724
162,0.004958016800337897,0.0,0.0,0.3119568149356599,0.0,0.48158294008161595,0.0,0.20150222818238633
163,0.32973748951324505,0.023289319334106287,0.17784389752362018,0.0,0.0,0.08982735888665054,0.3394721519973792,0.0398297827449988
164,0.0,0.0867746194667284,0.19196512190944628,0.03939952958188328,0.36221143173858766,0.0,0.0,0.3196492973033544
165,0.0,0.35670251409799875,0.27333521120018356,0.3340741313098807,0.03588814339193698,0.0,0.0,0.0
166,0.08338050401274166,0.25866297507514324,0.32550543274290594,0.0,0.0,0.018604610603630868,0.0,0.31384647756557826
167,0.0,0.07237863652521845,0.25519373707711984,0.06565748850131121,0.0,0.4255323611223484,0.09569337264801721,0.08554440412598492
168,0.0,0.11838139501442463,0.23115957680900417,0.0,0.5118996472855541,0.0,0.13855938089101696,0.0
169,0.49915912910089955,0.0,0.0,0.1998284534242029,0.05203788855886519,0.24897452891603236,0.0,0.0
170,0.0,0.19498911758796114,0.0,0.0,0.0,0.14594620634864058,0.0,0.6590646760633982
171,0.0,0.11129597526149781,0.24308710148578416,0.1000995943605807,0.0,0.5135502043483955,0.0,0.03196712454374179
172,0.04488822982003125,0.19720419620212795,0.26871717868479456,0.0,0.0,0.43373882412838966,0.0,0.05545157116465663
173,0.37455676976001867,0.0,0.0,0.0,0.0,0.0,0.24493070378297707,0.3805125264570042
174,0.011364358883361706,0.0,0.0,0.0,0.5869654758320353,0.1278485274103113,0.2738216378742917,0.0
175,0.05915595366762945,0.15157782337182074,0.15326727377929592,0.0,0.0,0.0,0.45255384523588077,0.18344510394537314
176,0.0,0.33626634370658687,0.23386682025416816,0.0,0.0,0.4082821806140428,0.0,0.021584655425202055
177,0.0,0.18067025541731624,0.0,0.3235836328960816,0.0,0.0,0.3252091543672438,0.1705369573193583
178,0.0,0.0,0.0,0.20299688241343586,0.0,0.37168954917783836,0.0,0.4253135684087257
179,0.7048310351322785,0.24202650200568218,0.0,0.026903429214230102,0.0,0.0,0.0,0.026239033647809214
180,0.0,0.0,0.15211718507891933,0.009861576116339437,0.7242957913675535,0.0,0.0,0.11372544743718778
181,0.0,0.20038005169749679,0.0,0.5379165166556632,0.17460314390557563,0.0,0.0,0.08710028774126426
182,0.34685741942231724,0.0,0.0,0.0,0.0,0.0,0.25968223597280127,0.3934603446048815
183,0.012978357016791398,0.17770919036796765,0.28929631299674474,0.0,0.16263373567766487,0.0,0.15094047742478248,0.20644192651604873
184,0.0,0.36725231324263663,0.2907244587648328,0.0,0.26147362378287176,0.08054960420965886,0.0,0.0
185,0.15930387189583037,0.04492668904227259,0.10807576013079839,0.11551341808421975,0.5721802608468789,0.0,0.0,0.0
186,0.0,0.0,0.030611358036970213,0.3229353711428432,0.0,0.4711630513217518,0.1578030570796344,0.017487162418800276
187,0.0,0.1582826743542044,0.21785464619382208,0.0,0.22415845273378435,0.1522437594912762,0.0,0.24746046722691292
188,0.05817492107809017,0.3909217768832678,0.14321057248672317,0.13597624347373977,0.0,0.0,0.2717164860781791,0.0
189,0.0,0.0,0.0,0.46098087933692405,0.2459298740450745,0.0,0.23494882118330848,0.05814042543469299
190,0.44098373818095393,0.11128754417572197,0.08480322774232,0.14711748966283578,0.0,0.21580800023816835,0.0,0.0
191,0.0,0.24789077387614794,0.25238799277432217,0.2427356647171324,0.0,0.24385465027578496,0.013130918356612542,0.0
192,0.7352348441371412,0.0,0.0,0.26476515586285876,0.0,0.0,0.0,0.0
193,0.2387978833886927,0.0804707493862878,0.0,0.2451191032224939,0.0,0.14920254719530593,0.0,0.2864097168072197
194,0.08536912044449889,0.14151463276450965,0.32541832927058667,0.0,0.0,0.44769791752040483,0.0,0.0
195,0.05316864152481726,0.0839402266107801,0.21555420549323853,0.0,0.30208678031597486,0.0,0.0,0.3452501460551892
196,0.0,0.0,0.0,0.4351811723836172,0.03731625884921713,0.16963304205563925,0.35786952671152633,0.0
197,0.0,0.030881142371748844,0.1377122878785934,0.2749741396709776,0.39002132154281105,0.0,0.09788368371986454,0.0685274248160047
198,0.32517900296967,0.3240523523975253,0.1546810459505684,0.0,0.0,0.1960875986822362,0.0,0.0
199,0.1865592489389019,0.0,0.0,0.13561340503551825,0.0,0.20241384603753287,0.47100291436402736,0.004410585624019585
200,0.3658795226411745,0.5859407547276277,0.0,0.0,0.0,0.0,0.0,0.04817972263119776
201,0.3648594308549526,0.3385656572528696,0.16621182716795144,0.0,0.0,0.05215023483659191,0.05888874454065689,0.01932410534697765
202,0.1347927227246853,0.3822364703018638,0.0,0.31375049224476886,0.16922031472868193,0.0,0.0,0.0
203,0.26548760750369993,0.03976424454719062,0.24729753896419518,0.3010789951073387,0.0,0.07513817159360558,0.0712334422839699,0.0
204,0.0,0.38984308235275467,0.08147024433427986,0.0,0.0,0.08926043191567261,0.43942624139729286,0.0
205,0.0,0.15149781147012392,0.2246411108876629,0.2880992557877259,0.0,0.2071435377476925,0.0,0.12861828410679477
206,0.0,0.44341255548827263,0.05823046111729074,0.0,0.0,0.25586181581252837,0.0,0.24249516758190837
207,0.0,0.0,0.0,0.20760477778958242,0.3088004018715587,0.1459721032575491,0.08583032953489084,0.25179238754641886
208,0.0,0.0514973121072849,0.2519916646348349,0.3661183954208555,0.07311085773421165,0.25728177010281295,0.0,0.0
209,0.0,0.09621055864333578,0.2366316771516592,0.0,0.42694455167082096,0.0,0.2402132125341841,0.0
210,0.024565728894510277,0.0,0.06466462133737166,0.3548924880068335,0.0,0.1865561552054181,0.0,0.3693210065558664
211,0.0,0.1947264439075597,0.18187976298409936,0.0,0.0,0.07858747538579415,0.0,0.5448063177225468
212,0.0,0.06343734274973435,0.22700754845929513,0.41839895553316214,0.0,0.0,0.07540731495649551,0.21574883830131283
213,0.03914970045090798,0.0,0.0,0.25518345215511246,0.0,0.48072460127511707,0.05399872976261549,0.17094351635624688
214,0.0,0.02563781635274923,0.1552625727297982,0.0,0.43855856529841103,0.0,0.0,0.38054104561904156
215,0.21376246973203608,0.1438695480235498,0.0430155091836198,0.5676238905786335,0.0,0.0,0.0,0.03172858248216092
216,0.17969155644480891,0.21110044146754386,0.17749052154943729,0.0,0.0,0.37025631861858,0.061461161919629914,0.0
217,0.25745589576997174,0.48636362921170945,0.13210721215781532,0.0,0.1111643554805748,0.0,0.005023473718759797,0.007885433661168777
218,0.0,0.03745292655721066,0.15087298164697047,0.3471057092787742,0.0,0.4585455125741719,0.0,0.006022869942872757
219,0.0,0.3390647762936971,0.23890402324737828,0.12686573000387516,0.01668350962131464,0.14847367160478353,0.0,0.13000828922895122
220,0.0,0.2989282229738628,0.35438391866699664,0.0,0.07226170745408844,0.11619232094027591,0.0,0.1582338299647762
221,0.5303669764808839,0.04155912586074375,0.0,0.0,0.28466089255107146,0.0,0.09916322941432333,0.044249775692977535
222,0.0,0.150076017002383,0.29777870444127036,0.042340264463797905,0.0,0.19597940521412693,0.0,0.3138256088784217
223,0.4626475092678041,0.07097615114963747,0.0,0.3671828552850838,0.0,0.0,0.0,0.09919348429747446
224,0.2152417138685945,0.0,0.0,0.3793798640293647,0.0,0.04954999295533497,0.305087940302409,0.05074048884429697
225,0.22640936312034293,0.0,0.0,0.42239353325696144,0.0,0.34206684276295635,0.0,0.009130260859739397
226,0.0,0.0,0.04336967300048807,0.0,0.0,0.07086341461074541,0.7891913898484617,0.09657552254030481
227,0.0,0.1425307910956158,0.0,0.0689838859539482,0.3436230227285073,0.0,0.4448623002219287,0.0
228,0.04757909827123151,0.0,0.0,0.0,0.0,0.18701926622346152,0.33648754022138455,0.42891409528392255
229,0.0,0.17637638868699884,0.22346150595650413,0.0,0.3877273597767934,0.0,0.06782980195329742,0.14460494362640625
230,0.4588500020818189,0.0,0.0,0.0,0.0,0.13636814382130757,0.10768948822890456,0.29709236586796905
231,0.0,0.44216812534282535,0.0,0.0,0.21667000615947324,0.08587946057397756,0.0,0.2552824079237239
232,0.10297213948546262,0.0,0.0,0.24247112691388295,0.0680675220787468,0.024235526012637842,0.5622536855092698,0.0
233,0.5401422137219075,0.0,0.0,0.0,0.02586853339068002,0.21891834761638765,0.21507090527102476,0.0
234,0.8181227383334748,0.0,0.0,0.08188536675012294,0.0,0.0,0.09999189491640215,0.0
235,0.4325453841059431,0.15493844744914564,0.12385516477330645,0.0,0.2797310944973255,0.008929909174279329,0.0,0.0
236,0.3380638088266581,0.1256095671065631,0.0,0.0,0.0,0.0,0.0,0.5363266240667789
237,0.0,0.0,0.0,0.6853615928966701,0.25789891848412916,0.05673948861920067,0.0,0.0
238,0.0,0.0,0.0,0.0,0.24696635802957267,0.1354189955398365,0.4370427581867356,0.18057188824385517
239,0.12321930561873495,0.5649514550029938,0.0688524219069487,0.0,0.0,0.0,0.2429768174713225,0.0
240,0.39161849756685924,0.0,0.20863016842765236,0.25511316535860934,0.0,0.14463816864687917,0.0,0.0
241,0.23712979568246526,0.29306604039477024,0.0,0.07992345512647106,0.3115513492119482,0.031061183717589466,0.04726817586675574,0.0
242,0.16614395428931644,0.18954183847188263,0.09999234695977587,0.0,0.0,0.006122189794587825,0.0,0.5381996704844373
243,0.43625120325848477,0.07932703424135319,0.0,0.4414670357784583,0.0,0.0,0.0,0.042954726721703855
244,0.2568396667432227,0.3971379523387197,0.0974771944507815,0.00568729663010112,0.0,0.19467792629926037,0.0,0.04817996353791456
245,0.0,0.2958186924241583,0.25741548434377426,0.0,0.0,0.0,0.4467658232320675,0.0
246,0.016565745904108246,0.9306174845055618,0.0,0.0,0.0,0.0,0.03764628929679149,0.015170480293538527
247,0.0,0.20898077044338456,0.2658589097260709,0.0,0.30289763524569085,0.0,0.14783856668855405,0.07442411789629966
248,0.0,0.0,0.0,0.4660053809259189,0.45657900442586663,0.0,0.04463853659395101,0.03277707805426344
249,0.37869665779271827,0.0,0.0,0.268537015355319,0.22904703400045845,0.1237192928515043,0.0,0.0
250,0.0,0.0,0.0,0.2629096895993869,0.5593807746699766,0.0,0.0,0.17770953573063647
251,0.0,0.2753268858744378,0.24101990891481725,0.012566226678329231,0.45204033394271637,0.0,0.019046644589699322,0.0
252,0.0,0.27149278670186616,0.16749723524223042,0.0,0.2076942683888372,0.0,0.35331570966706616,0.0
253,0.09841587731762211,0.1844672644254997,0.0,0.4854785194278887,0.0,0.23163833882898943,0.0,0.0
254,0.0,0.3769152481025134,0.0,0.3722381842911985,0.0,0.0588039702799907,0.0,0.19204259732629728
255,0.0,0.27786321461302155,0.222718374082049,0.14711137159365326,0.0,0.0,0.3523070397112762,0.0
256,0.30086282729547936,0.24132938179996324,0.2937834865204053,0.16402430438415214,0.0,0.0,0.0,0.0
257,0.45411960702217097,0.0,0.08392101110878283,0.0,0.026416143786764514,0.0,0.0,0.43554323808228174
258,0.1381039743731337,0.0,0.0,0.23374998905669905,0.38911026557642303,0.0,0.15119451432514558,0.08784125666859864
259,0.24611653256331334,0.0,0.18010373677869362,0.30331979500506867,0.0,0.2704599356529244,0.0,0.0
260,0.0,0.02284304210628832,0.0,0.5968037681506161,0.09660951828072613,0.15208973883964783,0.0,0.13165393262272154
261,0.0,0.5095471391684872,0.0,0.0,0.2737790313510482,0.0,0.009582669385713217,0.20709116009475134
262,0.6053615732679362,0.20614230945020331,0.0,0.0,0.0,0.13884864625246582,0.0,0.04964747102939475
263,0.0,0.15363646328939834,0.32912885240420947,0.009396302819101844,0.05359924479946358,0.41745885635333385,0.03678028033449284,0.0
264,0.0,0.4389740016803782,0.01819411181679858,0.05862014685890931,0.43764837927541783,0.0,0.0,0.046563360368496155
265,0.0,0.39393907049113097,0.17833965427586712,0.0,0.10488427467314104,0.0,0.0,0.32283700055986086
266,0.08401633708300697,0.21204522026308897,0.0,0.45710691105682594,0.0,0.0,0.12057501484278012,0.12625651675429797
267,0.0,0.13081104110757005,0.2675591478740931,0.29270837488763507,0.0,0.3089214361307018,0.0,0.0
268,0.4002790280370258,0.22109923851190438,0.0,0.0,0.05017704108292886,0.0,0.0,0.32844469236814106
269,0.0,0.0,0.196919924597535,0.06561975413207004,0.0,0.4760036512661474,0.0,0.26145667000424755
270,0.3956959410825339,0.026174446012966337,0.0,0.16160512457713516,0.18148082942867694,0.2334883246699589,0.0015553342287286877,0.0
271,0.0033241100599961625,0.0,0.0,0.552034846702608,0.32582694557512853,0.0,0.0,0.11881409766226732
272,0.0,0.3835934677162083,0.0,0.0,0.0,0.40269631953369533,0.0,0.2137102127500964
273,0.2209972588616497,0.11928907736512193,0.2682620025845213,0.15621743566857968,0.034344276294096115,0.07791704348780876,0.12297290573822246,0.0
274,0.0,0.0,0.07244797899197221,0.43318065475204526,0.0,0.11473849792158675,0.0,0.3796328683343959
275,0.1536854613465226,0.36511501134845814,0.13363240740009028,0.0,0.0,0.29204883350438005,0.0,0.055518286400548754
276,0.0,0.3088399269400013,0.26787531365658723,0.0,0.2526132679878528,0.0,0.1175292523298429,0.053142239085715824
277,0.7651368932562115,0.0,0.0,0.0,0.0,0.19641429767955593,0.00357460952225568,0.03487419954197688
278,0.0,0.0,0.0,0.19711008648943887,0.0,0.22166295780513762,0.3234157619619938,0.2578111937434296
279,0.7924610251726137,0.18036560165750493,0.02717337316988123,0.0,0.0,0.0,0.0,0.0
280,0.3966958929093893,0.0,0.1019748959469703,0.0,0.0,0.13035741954254465,0.0,0.37097179160109567
281,0.0,0.29559368689107257,0.0,0.2702956205260631,0.302477885611311,0.0,0.0,0.13163280697155333
282,0.0,0.023831048934090774,0.2111319162006536,0.40925462218479675,0.044684223495143144,0.2628419835798033,0.04825620560551248,0.0
283,0.17321763261487014,0.20269476085995022,0.3472406725174868,0.023615907376462318,0.0,0.23294431275350333,0.0,0.020286713877727142
284,0.43695350944803785,0.0,0.0,0.0,0.1710882531374656,0.36555988537278583,0.02639835204171069,0.0
285,0.04338401379233653,0.019872419153095875,0.0,0.5760714044770436,0.0,0.360672162577524,0.0,0.0
286,0.0,0.5513621818116606,0.1293674918625174,0.21698741984873768,0.10228290647708443,0.0,0.0,0.0
287,0.0,0.0,0.0,0.0,0.8726798614325091,0.12732013856749091,0.0,0.0
288,0.37858628750498863,0.0,0.0,0.3375417104460157,0.054103521666989104,0.11852974215170092,0.0,0.11123873823030561
289,0.0,0.050256869010361485,0.0,0.41185637141722925,0.5251828973496229,0.012703862222786327,0.0,0.0
290,0.0,0.20895450001570212,0.0,0.52351281447955,0.0,0.17990602151596005,0.0,0.08762666398878777
291,0.0,0.19165424364574998,0.26941395178702654,0.0,0.21989097447765907,0.0,0.31904083008956446,0.0
292,0.0,0.2578073811077045,0.25078163080580446,0.0,0.0,0.12228098675197634,0.0,0.3691300013345146
293,0.0,0.6265000683538179,0.0,0.0,0.0,0.09914807347829296,0.05514005266765257,0.2192118055002367
294,0.0,0.0,0.0,0.29041138681888745,0.0,0.06816927847448874,0.29981262238745254,0.3416067123191712
295,0.0,0.3155366191877686,0.2765200926237544,0.07049943883355958,0.0,0.23176201605055188,0.006949534155176121,0.09873229914918955
296,0.4339883562017694,0.2901101554179217,0.09655975749774197,0.0,0.0,0.17934173088256689,0.0,0.0
297,0.14042466827363764,0.0,0.0,0.4493089213378543,0.0,0.3371417285560969,0.0,0.07312468183241116
298,0.012788155514410926,0.0,0.0,0.35908644067499024,0.12724427510977498,0.0,0.4868396981873904,0.014041430513433404
299,0.4738548787015319,0.0,0.0,0.0,0.0,0.2519205101287876,0.18917325969385337,0.08505135147582712
300,0.0,0.371387822231619,0.002180250877581527,0.0,0.46933662225985084,0.0,0.0,0.15709530463094856
301,0.0,0.3049449300228261,0.21652516344769973,0.0,0.0,0.21744475845311864,0.26108514807635563,0.0
302,0.0,0.0,0.0,0.5786022500988579,0.03845607593289996,0.1994855208365808,0.0,0.1834561531316613
303,0.5295722611410957,0.0,0.0,0.0,0.0,0.0,0.1615386422580178,0.30888909660088654
304,0.0,0.0,0.11885444243616425,0.3607115005632889,0.32294603933406313,0.19748801766648377,0.0,0.0
305,0.0,0.14202288406739974,0.21692211449329302,0.05979762030982346,0.4605211448403926,0.0,0.0,0.12073623628909133
306,0.0,0.11437872723293493,0.2474655037797182,0.03890143066002405,0.24810289116628265,0.0,0.3511514471610401,0.0
307,0.576255460810998,0.10405268344235181,0.28664463636494086,0.027248696715171526,0.0,0.0,0.0,0.005798522666537764
308,0.0,0.22806125004069333,0.12671064881562621,0.1442804154858723,0.12813401035019328,0.0,0.3316572170673506,0.04115645824026426
309,0.12645684828079323,0.0,0.0,0.07735369905145219,0.47438500589287097,0.048717092398569396,0.2730873543763142,0.0
310,0.0,0.0,0.0,0.0,0.0,0.11508039194531094,0.8504983890441108,0.034421219010578305
311,0.0,0.16238287212881541,0.13877296766471522,0.0,0.24709142623783645,0.0,0.33271004890670935,0.11904268506192367
312,0.0,0.290848477245333,0.22865644808093974,0.0,0.0,0.26226091895728004,0.0,0.21823415571644722
313,0.5193731583808973,0.0,0.09760131141144833,0.13702886633219283,0.2215042964427152,0.0,0.0,0.02449236743274637
314,0.0,0.427064128525171,0.2525195093449913,0.10530609834944601,0.0,0.16426624231190456,0.0,0.05084402146848713
315,0.2801536906502219,0.0,0.0,0.47703335853249534,0.0,0.20547353969240284,0.037339411124879714,0.0
316,0.439026618351199,0.16684700500307054,0.0,0.0,0.0,0.11750266305474959,0.0,0.2766237135909809
317,0.006437343243561779,0.3441388807707444,0.004558256417554087,0.0,0.471285581199406,0.0,0.0568259482434267,0.11675399012530698
318,0.0,0.0,0.14310224118114465,0.03236718727824776,0.09499617242353982,0.0,0.7295343991170677,0.0
319,0.0,0.0,0.0,0.4152469244149969,0.0,0.11667492281994526,0.23141140944034755,0.23666674332471024
320,0.0,0.45779465378872924,0.05758152283548781,0.0,0.0,0.15763040884794594,0.12580046270399095,0.20119295182384603
321,0.0,0.35353198774086503,0.0,0.12233879469501899,0.0,0.07740108784509728,0.03589026138451354,0.41083786833450514
322,0.3496100266683654,0.0,0.0,0.06388297589046361,0.2641882981750448,0.3223186992661263,0.0,0.0
323,0.045095427463567844,0.0,0.0,0.0,0.4891217736546484,0.14650349117471845,0.3192793077070654,0.0
324,0.05350932722567823,0.0,0.0,0.4544427877771282,0.03456450849875419,0.14750588385716396,0.30997749264127544,0.0
325,0.020959621888550054,0.0,0.0,0.06538813669384805,0.0,0.36972634262431775,0.41716429361679946,0.12676160517648463
326,0.60026488721644,0.10927352036180295,0.20187739138349137,0.0,0.0,0.0,0.0885842010382656,0.0
327,0.0,0.08517392250860854,0.2745129716998439,0.010963115486703383,0.0,0.3562368635786328,0.0,0.27311312672621124
328,0.08748867626177748,0.09703667689971497,0.25412929369007603,0.41031733880335064,0.025161095799814646,0.0,0.09983835534346865,0.0260285632017977
329,0.0,0.0,0.0,0.0,0.2103513310870917,0.2960465535720232,0.24266843513124478,0.2509336802096403
330,0.0,0.5765679374764959,0.0,0.16432512922515075,0.0,0.0,0.01904050012354743,0.24006643317480597
331,0.4860148723233842,0.18467214953685857,0.0,0.0,0.0,0.1962348859850208,0.0,0.13307809215473648
332,0.09732222783366608,0.0,0.0,0.22873932257778093,0.005805736090082559,0.1274941214873444,0.4857974632684249,0.054841128742701306
333,0.0,0.07744221632046022,0.19747519838730987,0.5444203303657118,0.0,0.15554274004513086,0.0,0.025119514881387212
334,0.4165002234434588,0.0,0.0,0.007817507625173296,0.0,0.0,0.575682268931368,0.0
335,0.0,0.2737077598081471,0.24062616231246894,0.0,0.2866016107024332,0.19906446717695078,0.0,0.0
336,0.5399848120455016,0.20348192156933392,0.25653326638516444,0.0,0.0,0.0,0.0,0.0
337,0.20317355511187804,0.5718669442525106,0.0,0.22495950063561143,0.0,0.0,0.0,0.0
338,0.0,0.130546594037488,0.30858010483809917,0.22684294784171244,0.08640263685668152,0.14034567846712745,0.09392714406268242,0.013354893896209053
339,0.10792916905868219,0.1636375685797548,0.0,0.0,0.0,0.39335625422016435,0.27435511955272673,0.06072188858867184
340,0.17459938791293772,0.0,0.0,0.3702314683018976,0.0,0.28801576988260863,0.0,0.16715337390255597
341,0.34971460050837344,0.11420582925497831,0.2926610913941522,0.04582303518628375,0.0,0.0,0.12709957795275986,0.07049586570345237
342,0.0,0.41216581600982444,0.23722159249235186,0.24756358839873333,0.0,0.0789778928975675,0.02407111020152297,0.0
343,0.0,0.5660134645025265,0.35600187753852325,0.0,0.0,0.0,0.07798465795895013,0.0
344,0.14816052092394866,0.10276764219357808,0.2964408417257207,0.3447959502431232,0.0,0.05672615243037465,0.05110889248325473,0.0
345,0.0,0.3386636303920197,0.272272000995987,0.0,0.0,0.10076450243006096,0.28829986618193243,0.0
346,0.0,0.0,0.0,0.4166290438065417,0.454707749710636,0.0,0.0,0.12866320648282242
347,0.3281006047948536,0.0976186534475363,0.236555783718817,0.15391723263042528,0.0,0.0,0.09167460723011098,0.09213311817825676
348,0.13352067374628643,0.36616128737771136,0.0,0.341243408893694,0.07887540485236628,0.08019922512994193,0.0,0.0
349,0.0,0.06439452079199476,0.0,0.0,0.0,0.022792716851514933,0.7295438413512652,0.18326892100522527
350,0.0,0.10807527578755083,0.23937964537583967,0.21718848076117317,0.25529233753812697,0.0,0.17059160947315807,0.009472651064151273
351,0.0,0.0,0.0,0.0,0.20907581584440116,0.04179796224681736,0.11572572169164233,0.6334005002171391
352,0.21907443285468275,0.3400689828537995,0.0,0.0,0.0,0.0,0.42565274513748197,0.015203839154035783
353,0.0,0.530379895625016,0.15871402895762085,0.0,0.0,0.033424800046687506,0.27748127537067574,0.0
354,0.0,0.31429374969885376,0.018780322497303527,0.0,0.43472204706233897,0.03527398250126508,0.19692989824023863,0.0
355,0.0,0.17333131350225867,0.0,0.3555154904564007,0.0,0.056056832802772766,0.19242174379522614,0.22267461944334183
356,0.0,0.5229212569768232,0.0,0.12820146415335096,0.24335265734917777,0.10552462152064797,0.0,0.0
357,0.0,0.0,0.0,0.3292208285405524,0.0,0.22366731221315292,0.44334309123228255,0.0037687680140120867
358,0.2511592969339165,0.0,0.17155059935019218,0.0,0.0,0.0,0.4666914857970493,0.11059861791884198
359,0.24803178391054165,0.0,0.0,0.001099391725101807,0.0,0.5059632408444863,0.0,0.24490558351987013
360,0.08526325356305314,0.0,0.0,0.0,0.10616934776506635,0.2641060878161698,0.28767674583293595,0.2567845650227749
361,0.0,0.38379845715196226,0.0,0.27413104592597387,0.15206596533161093,0.08375186008511457,0.04795774789298985,0.05829492361234852
362,0.8621370998989784,0.0067132673997741385,0.03862143212592389,0.0718218204147376,0.0,0.020706380160586235,0.0,0.0
363,0.0,0.05667932883089729,0.0,0.2508952403054029,0.0,0.4190259653834342,0.0,0.2733994654802656
364,0.002438712809189109,0.18076280847037396,0.2709539647485894,0.29033551411490516,0.1734100047231458,0.0,0.0,0.08209899513379644
365,0.0,0.2175502984466859,0.28780635289049356,0.16424137581963796,0.0,0.0,0.24349316145661146,0.08690881138657111
366,0.9265092060898942,0.0,0.0,0.0,0.0,0.04921565225565383,0.0006282478376486034,0.02364689381680342
367,0.0,0.1695754816515799,0.0,0.21876805338308555,0.046359154864416656,0.4682347883522461,0.0,0.09706252174867186
368,0.0,0.3047450754459313,0.22345292082137289,0.14562197265982163,0.0,0.16308874838540935,0.09792060134594664,0.0651706813415182
369,0.0,0.0,0.0,0.23923798124385384,0.007689199826629041,0.0,0.5441641711594934,0.2089086477700238
370,0.3588704356405722,0.0711512651529958,0.27096120472088375,0.0840432840305437,0.0,0.0,0.2149738104550045,0.0
371,0.0,0.26602923073605694,0.3253046418913175,0.0,0.03406585366427544,0.36118164446012613,0.0,0.01341862924822392
372,0.46366970053798195,0.0,0.0,0.04201061653482655,0.1647734537865089,0.0,0.3295462291406827,0.0
373,0.0,0.0,0.0,0.10186575245063727,0.0,0.22867122638118478,0.5060581677208233,0.16340485344735461
374,0.0,0.09676811030064134,0.24764394229460496,0.23803082474512588,0.0,0.2249589154244224,0.0,0.1925982072352054
375,0.18789588344882047,0.003041956069501493,0.1320453243220899,0.0,0.0,0.19258293249757993,0.4844339036620082,0.0
376,0.0,0.0,0.0,0.44112740419128893,0.1734796892458523,0.2773815693713489,0.10801133719150995,0.0
377,0.2901712904461138,0.0,0.0,0.5421096530981302,0.0,0.0,0.0,0.16771905645575605
378,0.0,0.0,0.0,0.14257880355490657,0.30824833284551606,0.041883609873186026,0.4163757365991457,0.09091351712724577
379,0.0,0.5422530544428865,0.0,0.2275473391509338,0.0,0.0,0.21712564585302493,0.013073960553154658
380,0.03825094776741112,0.0,0.0,0.38734675066012325,0.2185722343717051,0.05233466086085353,0.0,0.303495406339907
381,0.0,0.47219031718285415,0.20514824205558752,0.19913647143856397,0.0,0.07062187165416264,0.019220540348302118,0.03368255732052966
382,0.14156570101285063,0.4880073115375458,0.21725241609233234,0.053340409024132,0.0,0.004173334107398185,0.09566082822574085,0.0
383,0.0,0.0,0.0,0.35326743752609174,0.07248735810394438,0.24623825736813498,0.0,0.32800694700182886
384,0.0,0.04777448208576946,0.0,0.45996045984880757,0.46265235641625474,0.01740626193680848,0.012206439712359733,0.0
385,0.008611446531990898,0.0,0.0,0.2271580606351731,0.42196129038233604,0.10681399377258459,0.23545520867791542,0.0
386,0.0,0.0,0.0,0.15258933486190532,0.1495752515057017,0.3754972251293239,0.0,0.3223381885030691
387,0.0,0.29915457079024427,0.0,0.0,0.20788522302917453,0.13446045638244175,0.0,0.3584997497981395
388,0.27787692687801113,0.0,0.0,0.40427166048033947,0.27120717424820606,0.0,0.00510952098925273,0.04153471740419061
389,0.0,0.3556252381572225,0.2730937618353779,0.0,0.23752699047729747,0.0,0.13375400953010214,0.0
390,0.0,0.0,0.0,0.0,0.40310338951848085,0.0,0.5448749292739958,0.05202168120752317
391,0.04714330467869077,0.34064921928894504,0.290907975602052,0.0,0.17737872156599033,0.0,0.0,0.14392077886432178
392,0.0,0.2768222717491142,0.0005002639817370835,0.06483130245927658,0.13939320223805474,0.0,0.0,0.5184529595718174
393,0.11411125710568028,0.0,0.0,0.33888763664944455,0.0,0.06352098737448725,0.45905583706286535,0.024424281807522506
394,0.08895542695593217,0.06030203183892727,0.22377360293336437,0.12855511248401125,0.0,0.0,0.18849336716969994,0.309920458618065
395,0.0,0.0,0.10284475638557386,0.10014674734227048,0.55720776014052,0.1933579188490231,0.04644281728261253,0.0
396,0.0,0.20535873925000092,0.2539542478467956,0.0,0.0,0.23965371554211115,0.0,0.3010332973610923
397,0.0,0.2917017718355107,0.3218173115651715,0.0,0.20233817028086895,0.18414274631844899,0.0,0.0
398,0.4076616997346055,0.0,0.25172271801158785,0.0,0.0,0.3326363908326385,0.007979191421168126,0.0
399,0.0,0.0,0.028695782686525506,0.4399533385772025,0.2840201014209003,0.21246790888689293,0.034862868428478806,0.0
400,0.0,0.21214463381294404,0.2963286267610963,0.23756691134935068,0.25395982807660905,0.0,0.0,0.0
401,0.4067223355548337,0.4719491936274862,0.0,0.0,0.0,0.0,0.1213284708176801,0.0
402,0.3213683227165478,0.4547930969280874,0.22383858035536477,0.0,0.0,0.0,0.0,0.0
403,0.4119583405331407,0.0,0.0,0.1862318081496824,0.0,0.22450975518884306,0.0,0.17730009612833386
404,0.0,0.45275306711568475,0.0,0.08118599560243422,0.46606093728188114,0.0,0.0,0.0
405,0.0,0.2341417382198691,0.0,0.0,0.0,0.2552643804465427,0.03295014928232755,0.4776437320512607
406,0.0,0.1967891979225982,0.0,0.0,0.03396619067529938,0.0,0.48047814851402587,0.2887664628880765
407,0.0,0.2100037285812837,0.17407370283252524,0.21278507776398192,0.0,0.0,0.4031374908222091,0.0
408,0.0,0.0,0.0,0.3833743490666702,0.08033171791651986,0.3990477822552909,0.13724615076151897,0.0
409,0.09157192886396975,0.0,0.13271764583424675,0.3812629933256428,0.3449671609443011,0.0,0.0,0.04948027103183962
410,0.16850374196297496,0.0,0.0,0.03915534893900345,0.0,0.2080501253383763,0.5537087477382794,0.03058203602136577
411,0.0,0.0,0.0,0.0,0.0,0.6217822980478328,0.19244368968834752,0.1857740122638196
412,0.0,0.4211257180340883,0.16258700104492818,0.19871180804360655,0.0,0.0,0.2115556111709507,0.006019861706426299
413,0.5584406958461031,0.0,0.05082394599810036,0.29187026021128665,0.0,0.09886509794450989,0.0,0.0
414,0.0,0.1325003070501611,0.0,0.23662032089813737,0.0,0.0,0.5283357202476489,0.10254365180405266
415,0.0,0.0,0.01655171647663013,0.0030836888355990056,0.38328812865260026,0.00702790448966463,0.09753821071865772,0.49251035082684835
416,0.0,0.20514839264022694,0.3376081048109417,0.22428663796051526,0.0035887921043592117,0.129457814446416,0.06330803045024462,0.036602227587296296
417,0.0,0.10207468795906877,0.2514513047046337,0.23928144317726616,0.0,0.08207502485324433,0.3251175393057871,0.0
418,0.4611385170098019,0.0,0.0,0.13073605687688755,0.0,0.40812542611331054,0.0,0.0
419,0.0,0.0,0.0,0.0,0.0,0.0,0.6532985494228072,0.3467014505771927
420,0.03546112535744055,0.3363334092277216,0.0,0.3295737649095643,0.0,0.16864553824700523,0.0,0.12998616225826826
421,0.0,0.0,0.0,0.0,0.40508067671682046,0.2330303560381518,0.0,0.3618889672450277
422,0.3563073469681608,0.14970857451778655,0.0,0.2505223177443464,0.0,0.0,0.116170091679128,0.12729166909057812
423,0.0,0.2390129383127175,0.169667815762201,0.26312918999430823,0.0,0.14564151411722398,0.0063599538174543505,0.17618858799609494
424,0.17632120684852773,0.0,0.0,0.1795553530736437,0.5310399723819073,0.0,0.037206138402363094,0.07587732929355832
425,0.0,0.2748322087121957,0.0,0.0,0.4249364277696752,0.0,0.1591221206326547,0.1411092428854742
426,0.0,0.0,0.0,0.37578631387505984,0.1858882175054955,0.1814550779025954,0.0,0.25687039071684936
427,0.24584835955895729,0.1717777407228503,0.37204093593792265,0.0,0.0,0.1154693831885485,0.0,0.09486358059172124
428,0.20384597140631985,0.0,0.17929418500427574,0.44438696357163743,0.0,0.15973442330094523,0.012738456716821688,0.0
429,0.0,0.028364566460339975,0.2545975848277171,0.17394043385705854,0.0,0.31908610440234464,0.22401131045253977,0.0
430,0.04374232726988801,0.0,0.06373870504030847,0.40424610656811916,0.4882728611216845,0.0,0.0,0.0
431,0.0,0.573418405918341,0.0,0.0,0.037500993348453755,0.0,0.37716963570464634,0.011910965028558769
432,0.19884828910257377,0.06803803699884267,0.0,0.2873241964984906,0.3349062949582428,0.0,0.0,0.11088318244185028
433,0.0,0.3174912243840711,0.0,0.0,0.15428374746935583,0.0,0.4182934369691889,0.10993159117738403
434,0.0,0.29893940425411747,0.2264326370416423,0.2273518042195985,0.2472761544846418,0.0,0.0,0.0
435,0.0,0.2345475846797024,0.0,0.0,0.0,0.3415021982550699,0.2543803955192998,0.16956982154592795
436,0.3092180028504207,0.10683386844437968,0.316798532842285,0.061151671361080975,0.011009121494583588,0.19498880300725013,0.0,0.0
437,0.0,0.0,0.19665822926699372,0.11326163383858223,0.31122133356491355,0.3788588033295106,0.0,0.0
438,0.7976354791962164,0.20236452080378364,0.0,0.0,0.0,0.0,0.0,0.0
439,0.0,0.09666247413116072,0.18883437334857525,0.0,0.514975598314991,0.0,0.13570064345107166,0.06382691075420145
440,0.0,0.09463781102079076,0.24219115418473336,0.23830070294857003,0.0,0.3333904915254652,0.0,0.09147984032044064
441,0.2991972846457284,0.33361752732466887,0.2153374413214581,0.0,0.0,0.15184774670814458,0.0,0.0
442,0.0,0.036267689593681506,0.2645433248824182,0.23289768381269477,0.0,0.3339413476588657,0.1323499540523398,0.0
443,0.0,0.23401103757959218,0.10539338126335035,0.15559805732229134,0.0,0.2924089112073194,0.0,0.21258861262744674
444,0.0,0.2972720807686579,0.09233229312419211,0.3855499533535844,0.0,0.2248456727535656,0.0,0.0
445,0.7557579638677718,0.0,0.0,0.02486899641707994,0.02219031682079859,0.1971827228943496,0.0,0.0
446,0.0,0.0,0.15766388594253322,0.0,0.303935471457817,0.36356284882495715,0.1748377937746924,0.0
447,0.0,0.5007280608523994,0.0,0.11855456075924972,0.0,0.0,0.030739007873955698,0.3499783705143952
448,0.0,0.2727165951647288,0.0,0.4038713529922505,0.2589742795278892,0.06443777231513145,0.0,0.0
449,0.0,0.1519177040833059,0.2898723709703976,0.0,0.1860817924210044,0.14420535100953763,0.12967441847317798,0.09824836304257659
450,0.26480482522043475,0.44516126273634377,0.0,0.0,0.16650453797141215,0.0,0.12352937407180932,0.0
451,0.2553951796291605,0.0,0.0,0.18187077734013785,0.0,0.0049928588442136644,0.557741184186488,0.0
452,0.2950913363715689,0.24846214005332065,0.08584719870980906,0.0,0.0,0.0,0.0,0.37059932486530134
453,0.0,0.0,0.0,0.0,0.008622186928181293,0.07437057516574185,0.37572941308547453,0.5412778248206024
454,0.0,0.0,0.0,0.18407775865945558,0.38970702810541547,0.0,0.35419393870628507,0.07202127452884374
455,0.019707866260916546,0.0,0.0,0.352832713341817,0.5244577435536777,0.0,0.0,0.10300167684358867
456,0.1803604979226567,0.0,0.1545864510552446,0.0,0.0,0.2418455053935026,0.10259663632543543,0.32061090930316066
457,0.0,0.17453255498857584,0.0,0.37592625946509417,0.09032353629721199,0.0,0.28917294885859296,0.070044700390525
458,0.0,0.3581935254250677,0.0,0.4007983861926104,0.03690186869097446,0.20410621969134748,0.0,0.0
459,0.36140546978700383,0.25359521996150686,0.0,0.0,0.0,0.004573464622502298,0.0,0.38042584562898696
460,0.0,0.45747063294470997,0.0,0.3162815786489477,0.0,0.011799603316204658,0.0,0.21444818509013763
461,0.24479369027849845,0.3240775247566529,0.05297376614162936,0.22591396026969504,0.08530143508508763,0.06693962346843658,0.0,0.0
462,0.1256387426456547,0.0,0.0,0.0,0.22133334837142568,0.07762374441906458,0.0,0.575404164563855
463,0.12944873718692557,0.08913304896615658,0.2395048743423299,0.4825850027690812,0.0,0.0,0.0,0.059328336735506776
464,0.0,0.41075708216552265,0.04239511650147449,0.0,0.20009829985960037,0.12061953772807582,0.22612996374532676,0.0
465,0.6100175973906865,0.3011406798017815,0.03545466839848776,0.03844736592417159,0.0,0.0,0.0,0.014939688484872758
466,0.0,0.0,0.0,0.4593603379072425,0.0,0.26975853174007625,0.26630833830772727,0.004572792044954063
467,0.026634621035870446,0.06060873350831328,0.2425671066524588,0.0,0.03338648688973537,0.0,0.622013747055551,0.014789304858071202
468,0.0,0.0,0.0,0.419325621147958,0.0,0.28406300276524493,0.238361493636447,0.058249882450350086
469,0.0,0.24709445706264155,0.32009903581586585,0.0,0.2827481362979963,0.07674199992226281,0.07331637090123355,0.0
470,0.2745553759414214,0.0,0.07625316489643633,0.0,0.0,0.3700521517963132,0.07611765137699823,0.20302165598883087
471,0.0010281032647171183,0.0,0.10546318239690547,0.11077819021676782,0.02231674587544098,0.0,0.7604137782461686,0.0
472,0.0,0.0,0.0,0.0,0.47362340880727305,0.0,0.2873396365300911,0.23903695466263586
473,0.0,0.3004228705963103,0.22750385211727703,0.2772702200446068,0.1948030572418059,0.0,0.0,0.0
474,0.11836085640660826,0.1590600042046796,0.2804717007095363,0.0,0.0,0.0,0.08447589733603454,0.3576315413431413
475,0.0,0.0,0.0,0.4221044850572752,0.32691071913079595,0.24860429725090052,0.002380498561028332,0.0
476,0.0,0.11440356843298274,0.22290902837453813,0.004301559333093835,0.4791181504343811,0.0,0.0,0.17926769342500412
477,0.1434555377896796,0.022852155637414308,0.03760554767289089,0.4721084428297268,0.0,0.0,0.25283786191711816,0.07114045415317015
478,0.0,0.017274829346976217,0.17286017462514144,0.1380844198715491,0.0,0.2782897530851099,0.23342572183283972,0.16006510123838363
479,0.02238342192389631,0.1810624864042451,0.0,0.19135818091440637,0.5402307718396038,0.0,0.0649651389178484,0.0
480,0.41162996431474597,0.0,0.0,0.47024693379666505,0.0,0.046427318127036744,0.023826416039713458,0.04786936772183871
481,0.3309619010665125,0.0,0.1511849918728379,0.24398456448348713,0.15257389444070615,0.04376119465249769,0.0,0.07753345348395847
482,0.25006116065934614,0.06292265771157844,0.2510913354608417,0.11525481418380966,0.0,0.0,0.320670031984424,0.0
483,0.4301906773444665,0.037375263419596794,0.2371877119620122,0.16032702637983762,0.0,0.019388384768119073,0.11553093612596795,0.0
484,0.11904656289310166,0.2738946584879056,0.0,0.10413958448036728,0.0,0.277855370616141,0.0,0.2250638235224843
485,0.06984702957157134,0.3103737002512524,0.0,0.32581702345283314,0.1086663948982143,0.1852958518261288,0.0,0.0
486,0.0,0.0,0.05918423104595245,0.0,0.8155027595817675,0.06237479318486532,0.0,0.0629382161874146
487,0.0,0.0,0.0,0.6071197245598384,0.15203564583881007,0.0,0.1828379590974947,0.05800667050385688
488,0.0,0.0,0.0,0.22762633396512783,0.4384789545236495,0.2411026911280732,0.001341622315303265,0.09145039806784618
489,0.06899628920316829,0.49258022300178805,0.0,0.14800779606052517,0.0,0.2568516117428251,0.03356407999169323,0.0
490,0.40467785657329874,0.16882127468329852,0.13703526927945098,0.05246989204779222,0.19031652856403025,0.04667917885212935,0.0,0.0
491,0.4889322083188071,0.0,0.0,0.18604107077633084,0.0,0.0,0.0672734363045783,0.2577532846002838
492,0.0,0.07001664338128652,0.25893186035580734,0.03210349863497467,0.0,0.2357195677088305,0.403228429919101,0.0
493,0.0,0.07711162302922912,0.1364466817592067,0.24868031808387048,0.0,0.38741052506761753,0.0,0.15035085206007606
494,0.0,0.11383153857170208,0.24126084606067735,0.200318265492266,0.05063553092336497,0.0,0.39395381895198955,0.0
495,0.1251369288520601,0.20892222775821043,0.3286878491105501,0.0,0.16802147071438395,0.16880366910688327,0.0,0.0004278544579122081
496,0.49924534227740686,0.05198412471205414,0.28997044458075966,0.0,0.0,0.15880008842977936,0.0,0.0
497,0.0,0.25208694309169377,0.21329334896832683,0.3742670477955833,0.012404616116666715,0.1479480440277293,0.0,0.0
498,0.0731514233986452,0.3972733066824179,0.0,0.0,0.1943499153288171,0.3352253545901198,0.0,0.0
499,0.5352425601151386,0.46475743988486135,0.0,0.0,0.0,0.0,0.0,0.0
