"","b cell","cd4-positive, alpha-beta t cell","cd8-positive, alpha-beta t cell","conventional dendritic cell","monocyte","natural killer cell","plasmacytoid dendritic cell","platelet"
"0",0.156659623827126,0,0.547722974789648,0.148353972641414,0.147263428741813,0,0,0
"1",0.169071723485243,0,0.173478284074025,0.331207383315031,0.139300230605178,0,0.151195971511864,0.0357464070086607
"2",0.0309950036212711,0,0.905319245356783,0,0.0132704933039693,0,0,0.0504152577179771
"3",0,0,0.452206932285202,0.17503685377597,0.372756213938829,0,0,0
"4",0.038564040955998,0,0.146494553180166,0.66766302172232,0.125585323572038,0,0.0216930605694782,0
"5",0,0,0.19123712521784,0,0.17281010383295,0.63595277094921,0,0
"6",0.0108067064673987,0,0.460362433427662,0.197627351057452,0.168242992241229,0.0223556936043533,0.140604823201905,0
"7",0,0,0.26160725271402,0,0.161154986965963,0.251773855456265,0,0.325463904863752
"8",0,0,0.10069264307246,0.739294266257788,0.123382192115432,0,0.0366308985543199,0
"9",0.0313475415464824,0,0.10582687377462,0.565250134074695,0.207529161412258,0.0144894362452728,0.0755568529466721,0
"10",0,0,0.492959217867695,0.164627233220267,0.0979286754044426,0.0599722434462472,0.160813091046552,0.0236995390147964
"11",0.125429106776507,0,0.0671292587354617,0.22748957677291,0.0851370711208453,0.0586865502185772,0.436128436375699,0
"12",0,0,0.0830891197536254,0.807048083452178,0.109862796794196,0,0,0
"13",0,0,0.480940609658797,0,0.0102674777418605,0.486170610738112,0.0226213018612307,0
"14",0,0,0.47868984760659,0.0238141246641934,0.352989904346601,0.064987903824495,0,0.0795182195581212
"15",0,0,0.954320236355258,0,0.0182112269385902,0,0,0.0274685367061517
"16",0,0,0.459101316929156,0,0.276395378244682,0.264503304826162,0,0
"17",0,0,0.261512984408347,0.262552324143206,0.164856023479088,0.118064328767883,0.107238312475465,0.0857760267260105
"18",0,0,0.965105193966663,0,0.0348948060333366,0,0,0
"19",0,0,0.975028784739275,0,0,0,0.0249712152607253,0
"20",0,0,0.477097458846161,0,0.288883433376535,0.210499105024357,0,0.0235200027529467
"21",0,0,0.4665270201744,0.0680772466139822,0.373439281273585,0.0919564519380327,0,0
"22",0,0,0.191398503530725,0,0.0739538558443027,0.638668798220794,0,0.0959788424041784
"23",0.247350352003302,0,0.490888863863771,0,0.261760784132928,0,0,0
"24",0.310901154470342,0,0.485932678770913,0.173268501806681,0.0298976649520634,0,0,0
"25",0,0,0.314857889480786,0,0.202610043188465,0.043689278849095,0,0.438842788481654
"26",0,0,0.118570666666975,0.794605180426924,0.0690190539702541,0.0178050989358472,0,0
"27",0.0523471353999483,0,0.16591879068888,0.314315977161569,0.145168803659046,0.169615302357242,0.152633990733314,0
"28",0,0,0.949862044305396,0,0,0.0501379556946037,0,0
"29",0,0,0.432741824241985,0.0768153717279621,0.419958532346714,0.0139400087826737,0,0.0565442629006654
"30",0,0,0.229305140724075,0.567645070762403,0.179433841840285,0.0108979957795804,0.0127179508936572,0
"31",0.572480571256956,0,0.129386529699193,0,0.0701738457290266,0.0791306474650468,0,0.148828405849778
"32",0,0,0.108734519701368,0.515145049335711,0.141317588521927,0.0418009212551801,0.193001921185814,0
"33",0,0,0.169374942272103,0.627934020395239,0.160646076844569,0.0123278474204343,0.0297171130676544,0
"34",0,0,0.176462411801734,0,0,0.823537588198266,0,0
"35",0,0,0.59558455794315,0.0193529363321768,0.263790758914481,0.0218437882475712,0,0.0994279585626216
"36",0,0,0.403706750062252,0.229249597884581,0.199748001313322,0.032035014996897,0.115144267293344,0.0201163684496038
"37",0.0262822092753436,0,0.259463466832484,0.26425228401895,0.116503983318139,0.137890745460543,0.185028680088086,0.0105786310064542
"38",0.275531236989353,0,0.112927589181796,0.459223854317096,0.103625908001017,0,0.0486914115107381,0
"39",0.881371658470325,0,0.0822649386266555,0,0.0214644689431234,0,0,0.0148989339598964
"40",0,0,0.97103767154558,0,0,0.0289623284544197,0,0
"41",0,0,0.488930113407594,0.0284086520952508,0.395499978489804,0.0871612560073507,0,0
"42",0,0,0.400879518321223,0.335319544250277,0.263800937428501,0,0,0
"43",0.019318272375596,0,0.130301557945923,0.168014970960334,0.100727248175758,0.258092809649816,0.288694044303486,0.0348510965890861
"44",0.610174283345997,0,0.141756543367212,0,0.0802172982683987,0.135214554299637,0,0.0326373207187545
"45",0.0138036906821942,0,0.770020766588727,0,0.0672494156547001,0.0107915340549204,0,0.138134593019458
"46",0.0757970029622295,0,0.114511181127455,0.728627874533683,0.081063941376633,0,0,0
"47",0,0,0.439815603712238,0,0.0266697375828457,0.503505742645382,0,0.0300089160595342
"48",0,0,0.51810197723814,0.17128036696085,0.31061765580101,0,0,0
"49",0.550766449325293,0,0.281618527227834,0,0.133519603125245,0,0.0154561451988559,0.0186392751227721
"50",0,0,0.766408593223163,0,0.0610130503436569,0.0854923808443653,0,0.0870859755888151
"51",0.0403332842202578,0,0.215146929771461,0.329634164548407,0.0846847436683368,0.28856025789913,0.0416406198924069,0
"52",0,0,1,0,0,0,0,0
"53",0,0,0.0789045108135955,0.82915215144327,0.0643194809338255,0.0276238568093091,0,0
"54",0,0,0.0387618290350143,0,0.0183583277056085,0.91006516024914,0.0154842098704904,0.017330473139747
"55",0,0,0.335490815819871,0.336532654862051,0.327976529318077,0,0,0
"56",0,0,0.438585885326488,0.162665322396599,0.398748792276913,0,0,0
"57",0,0,0.317620806572644,0,0.0994209431784644,0.402730234767043,0.020737204105909,0.15949081137594
"58",0.5567676070021,0,0.42947459007526,0,0.0137578029226397,0,0,0
"59",0.0310639820545934,0,0.150548054443307,0.239775019716105,0.130155375276801,0.0691539122073907,0.311125959688876,0.0681776966129274
"60",0.0182528981893032,0,0.315294580601833,0.219158084247538,0.185395193252688,0.250549407626215,0,0.0113498360824228
"61",0,0,0.34965706333775,0.371827693014892,0.223026058774757,0,0,0.0554891848726014
"62",0.028590990399493,0,0.532395925454523,0.0380849412800735,0.400928142865911,0,0,0
"63",0,0,0.478898508306148,0.126116586663857,0.349568677378834,0,0,0.045416227651161
"64",0.287826361952337,0,0.0657377000696849,0.296089230430917,0.0446516071688079,0,0.305695100378254,0
"65",0.504658490451665,0,0.205333228555169,0,0.139746615856431,0.150261665136736,0,0
"66",0,0,0.457875896563136,0.171546300215414,0.223073601532736,0.01076196247917,0.122276684449625,0.0144655547599188
"67",0,0,0.923969933535484,0,0.0760300664645165,0,0,0
"68",0,0,0.654060830049059,0,0.11578732226574,0.0384402768046635,0,0.191711570880538
"69",0,0,0.31106718981007,0.412315282932925,0.276617527257005,0,0,0
"70",0,0,0.102029984539243,0.779108253131067,0.0808315009671774,0,0.0380302613625122,0
"71",0,0,0.49567749261737,0,0.33422987214575,0.17009263523688,0,0
"72",0,0,0.519840407659115,0.0845294079000756,0.370720756879,0,0,0.0249094275618095
"73",0.143641235883154,0,0.0781685347749485,0.198498815985391,0.0811305165816878,0.035110092498965,0.463450804275854,0
"74",0.0146883823076048,0,0.10284220067171,0.492870180981826,0.08602004352569,0,0.288385042563775,0.015194149949394
"75",0,0,0.461228411731452,0.1307287282938,0.382920624355487,0,0,0.0251222356192611
"76",0.0127957410753674,0,0.177302410615777,0.23223467072498,0.109659878823169,0.451820695853233,0,0.0161866029074737
"77",0,0,0.42157747140751,0.180160764524822,0.398261764067669,0,0,0
"78",0,0,0.788267267361712,0.010095226380223,0.0722572168581739,0,0.0277564246888222,0.101623864711069
"79",1,0,0,0,0,0,0,0
"80",0.192523536487712,0,0.105594625998975,0.182011139744541,0.0166310331014365,0.273426183711834,0.229813480955502,0
"81",0,0,0.0801030998933911,0,0,0.919896900106609,0,0
"82",0,0,0.68783565903607,0,0.168927069987837,0,0.115776434439413,0.0274608365366809
"83",0,0,0.39620421638497,0.406438643624184,0.160840358607567,0,0.0365167813832793,0
"84",0,0,0.0684088354961291,0,0,0.919827773794486,0,0.0117633907093851
"85",0,0,0.574344286594475,0,0.413638360055466,0.012017353350059,0,0
"86",0,0,1,0,0,0,0,0
"87",0.158097504930785,0,0.106935492285279,0.342772622626205,0.0915045931911898,0,0.300689786966541,0
"88",0,0,0.0938723991255175,0,0.138709434082656,0.657233616541027,0,0.1101845502508
"89",0,0,0.958207891042466,0,0,0.0417921089575343,0,0
"90",0.574661175101573,0,0.203892332002799,0,0.0860189741494992,0.0501484456228943,0,0.0852790731232346
"91",0.0651793189003635,0,0.648395101004604,0,0.267275099016466,0,0,0.0191504810785657
"92",0.0720529307472263,0,0.431881463299662,0,0.227302563768656,0.268763042184456,0,0
"93",0.021494226710421,0,0.62089644238536,0.125867722325959,0.23174160857826,0,0,0
"94",0.032038021278748,0,0.296923294659855,0.467666428593191,0.203372255468205,0,0,0
"95",0,0,0.440940151020239,0.161934852345607,0.339151525994658,0.0579734706394964,0,0
"96",0,0,0.359197644455985,0.0492816553766489,0.0217892510764604,0.500632807320499,0.0690986417704076,0
"97",0,0,0.593353198154478,0,0.0363755081600968,0.245305488744177,0.114937280642581,0.0100285242986669
"98",0.0115918369923755,0,0.246548779304819,0.346715149030377,0.156949865633289,0.0823160890344697,0.0499581842489755,0.105920095755694
"99",0.238138422241884,0,0.0700463141123236,0.601363465970017,0.0560536930136586,0,0.0343981046621163,0
"100",0,0,0.100547469092167,0,0.0225935357287858,0.803184012146598,0,0.0736749830324493
"101",0.715886825873518,0,0.100285622591099,0,0.0702647500299041,0,0,0.113562801505478
"102",0.909035441256705,0,0.0501544403849557,0,0.040810118358339,0,0,0
"103",0.120718544222967,0,0.447404271922792,0.107874473971962,0.137222776142324,0.0152973672243577,0.0389344541674806,0.132548112348116
"104",0,0,0.3934055444829,0.150504300522637,0.295985452872526,0.0916184267129441,0.0684862754089932,0
"105",0.226596401449496,0,0.577348690225621,0.085957043675079,0.0739598672772257,0,0,0.0361379973725784
"106",0,0,0.466537370241796,0.062588107870186,0.470874521888018,0,0,0
"107",0.018548548408362,0,0.439509986450427,0.300785625331747,0.241155839809464,0,0,0
"108",0.0177975473168706,0,0.278311445250628,0.181612414644789,0.180352575367174,0.237068371894511,0.0588456895198996,0.0460119560061269
"109",0.450400226985018,0,0.433262395189899,0,0.116337377825083,0,0,0
"110",0.0398667288758317,0,0.171240372213871,0.611359693928612,0.158597746320444,0,0,0.0189354586612416
"111",0,0,0.351016493619369,0.310018305912864,0.223180473697086,0.0746338989222187,0.026880999200023,0.0142698286484392
"112",0,0,0.283146411564251,0.270601501675296,0.217067831069187,0,0.043641598175736,0.185542657515529
"113",0.0186958272559319,0,0.0821884816821337,0.166017607432453,0.109132357426696,0.167970412204487,0.440512072046909,0.0154832419513887
"114",0,0,0.408038039633144,0,0.187155344583998,0.404806615782858,0,0
"115",0,0,0.137688356889708,0.0570084804867614,0.198827477923699,0.516667102539784,0.0722496197033149,0.0175589624567328
"116",0,0,0.977361488635308,0,0,0.0226385113646918,0,0
"117",0,0,0.355864834643496,0,0.190877135521905,0.323348795792165,0,0.129909234042434
"118",0,0,0.942460992465754,0,0,0.0420022868366053,0,0.015536720697641
"119",0,0,0.339272905503291,0.293943651411418,0.218307449235132,0,0.0153219356590435,0.133154058191115
"120",0.23020609152714,0,0.0496249980566831,0.118302675287078,0.0603770996560416,0.326266103361921,0.215223032111136,0
"121",0.110484749538865,0,0.0850877962036548,0.144656366805163,0,0.659771087452317,0,0
"122",0,0,0.220479341700452,0.309929282958838,0.20191866098186,0.0542631840333466,0.089957234261117,0.123452296064386
"123",0,0,0.211463477208611,0.605569129190216,0.115039926713505,0.0154919394674189,0.0235454028499899,0.0288901245702601
"124",0,0,0.452402615430822,0.0472359458802567,0.404877884689822,0.0954835539990989,0,0
"125",0,0,0.10664306632265,0.277772494548451,0.0744230431366026,0.278549200690075,0.239334710087659,0.0232774852145622
"126",0,0,0.322484346743554,0,0.0909714851860946,0.32535485911046,0,0.261189308959891
"127",0,0,0.969634143905797,0,0,0.0303658560942034,0,0
"128",0.0379189087556371,0,0.284570571345509,0.388751548858845,0.110592258761484,0,0.178166712278525,0
"129",0.242032721380107,0,0.202160165875005,0,0,0.555807112744887,0,0
"130",0.0154078268975932,0,0.285441044134433,0.527513947554279,0.150629007071515,0,0,0.0210081743421795
"131",0.0128536167674474,0,0.328795964628927,0.383418732742096,0.0833900206487938,0.0629521481786163,0.11544741291779,0.0131421041163294
"132",0,0,0.421239449265378,0.199180578266255,0.256847131867089,0,0,0.122732840601277
"133",0,0,0.297221238838682,0.0835892122829075,0.0752629901388292,0.472185519831961,0.0305222568827183,0.041218782024902
"134",0,0,0.293211084471248,0.320755615750352,0.175465090630468,0.0225596806374649,0.0152570379505947,0.172751490559873
"135",0,0,0.16530022431047,0,0,0.83469977568953,0,0
"136",0,0,0.649763533136694,0,0.33748598642664,0.0127504804366666,0,0
"137",0.0303796394087623,0,0.063406930368941,0.848579301157226,0.0421490121120467,0,0.0154851169530239,0
"138",0.0422153241696667,0,0.201185736348972,0,0,0.716170803043875,0.0404281364374862,0
"139",0.058034011142935,0,0.0298248634104153,0.0417628198621942,0,0.870378305584456,0,0
"140",0,0,0.464008228095125,0,0.517362086996299,0.0186296849085769,0,0
"141",0.605528950531673,0,0.0372324312335546,0.325836188680622,0.0314024295541508,0,0,0
"142",0.0589051387723337,0,0.0283517280762181,0.13148335881429,0.0936237381262396,0.120601567435998,0.554803641377549,0.0122308273973715
"143",0,0,0.389763420455033,0,0.149486788360614,0.460749791184352,0,0
"144",0.0210844655915199,0,0.133490776466862,0.289973624391647,0.0669322365576089,0.39219363446575,0.0963252625266121,0
"145",0,0,0.223210615145207,0,0,0.735823848032505,0,0.0409655368222877
"146",0,0,0.348647514349186,0.0861024605157152,0.484455029794521,0,0,0.0807949953405782
"147",0.0628200946159611,0,0.0966516201024316,0.552751948046369,0.127814353168277,0.0177060445170578,0.142255939549903,0
"148",0.0623306995863424,0,0.445324105313509,0.216090041568704,0.192902417975383,0,0.0264347446015019,0.05691799095456
"149",0,0,0.345613741436529,0,0.0639033684850285,0.470294179380747,0,0.120188710697695
"150",0.546883200736132,0,0.326984686135512,0.0714094251547011,0,0,0.0547226879736552,0
"151",0.0379931513592108,0,0.0677107728683407,0.852152379101547,0.042143696670902,0,0,0
"152",0,0,0.224683432087633,0.593860368799956,0.166650064268741,0.0148061348436698,0,0
"153",0.0429060505548609,0,0.204096174022629,0.567281106593879,0.136057545915865,0.0496591229127662,0,0
"154",0,0,0.472588143881107,0,0.0158204522105733,0.51159140390832,0,0
"155",0.271192788334719,0,0.469971148605997,0,0.105292033079915,0,0,0.153544029979369
"156",0,0,0.92261785877905,0,0,0.0205257027231193,0.0568564384978301,0
"157",0.0185213309323897,0,0.752130716894692,0.0142948864943039,0.17966784454493,0,0,0.035385221133685
"158",0,0,0.434977966443171,0.226186807624763,0.237691432440582,0.0153324784294829,0.0599720096931196,0.0258393053688816
"159",0.0668745770420988,0,0.563372121504554,0.0541004003966019,0.133949966167507,0,0,0.181702934889238
"160",0,0,0.389514722282436,0.235720099379717,0.296293192012226,0,0,0.07847198632562
"161",0.0138278762221073,0,0.170834364691307,0.298389088413034,0.151278125046462,0.0209453415938713,0.344725204033218,0
"162",0,0,0.814541407990437,0,0,0.185458592009563,0,0
"163",0.104317761708309,0,0.217345754274544,0.559062793704939,0.101909240414208,0,0,0.017364449897999
"164",0,0,0.815371177475637,0,0.0550671895776196,0.0497427624050846,0.0604214767736881,0.0193973937679705
"165",0,0,0.479294212883774,0,0.242758152475194,0.174472127732273,0,0.103475506908759
"166",0,0,0.810194543816839,0,0.0450382681263795,0.0116589602985938,0,0.133108227758187
"167",0,0,0.479518948365272,0,0.232245905399631,0.135873749067068,0.0152770125959346,0.137084384572095
"168",0.0159370941113094,0,0.13938861701304,0.476996895248601,0.112659407757318,0,0.215368174870454,0.0396498109992769
"169",0.721140204276638,0,0.0304686113125783,0,0.0162299915933784,0.232161192817406,0,0
"170",0,0,1,0,0,0,0,0
"171",0,0,0.550830461795794,0,0.145288398332196,0.149360460886069,0.017304456142999,0.137216222842942
"172",0,0,0.906414380546095,0,0.0400714915958567,0,0,0.0535141278580487
"173",0.228102380857746,0,0.526657928607387,0.223098311801625,0.022141378733242,0,0,0
"174",0.0253976451066653,0,0.0563744877100999,0.537130372560217,0.0728300768137163,0.0144457996350197,0.293821618174281,0
"175",0,0,0.231611018739109,0.617734242648325,0.140333822453058,0,0,0.010320916159508
"176",0,0,0.719521377271512,0,0.214933820338267,0.0126299866391527,0,0.0529148157510683
"177",0,0,0.315456302421924,0.218290970415063,0.243933012679074,0.222319714483939,0,0
"178",0,0,0.827108444367729,0,0,0.172891555632271,0,0
"179",0.733816883760343,0,0.154340033171661,0,0.0851728308746322,0,0.0266702521933635,0
"180",0.0466122393833519,0,0.0675980937421741,0.35532959088746,0.0776978419001146,0.0262504278193341,0.408365151846224,0.0181466544213414
"181",0,0,0.308655216771688,0.0497304636477424,0.108383594786548,0.505168816279404,0.0280619085146172,0
"182",0.248332434558094,0,0.288458333172565,0.412209080460266,0.0384303073897369,0,0.0125698444193377,0
"183",0.0229107735696051,0,0.327534223470357,0.340381358294349,0.153180661233073,0,0.0532714545794766,0.102721528853139
"184",0.0145842067092417,0,0.349835356670803,0.210106247440719,0.229728122387096,0.0109875374580932,0.0773096317472217,0.107448897586825
"185",0.121726529485466,0,0.0133102392545785,0.402326058295795,0.0795260237502168,0,0.370017180695393,0.0130939685185497
"186",0,0,0.144411364030555,0,0.0598696211313936,0.772654230026347,0,0.0230647848117042
"187",0,0,0.933141263523986,0,0.0175270277581286,0.0166901203435965,0.0135764785723799,0.0190651098019092
"188",0.0149787129398368,0,0.312534432556845,0.303268087901382,0.358611763557735,0,0,0.010607003044201
"189",0.0104666731793013,0,0.0850309780940041,0.2289308379688,0.11599988151922,0.461169459175444,0.09840217006323,0
"190",0.546544534657113,0,0.215681481441297,0,0.19072209092467,0.0351739888345669,0,0.0118779041423531
"191",0,0,0.52094479670572,0,0.246282871115103,0.0975406144694006,0,0.135231717709777
"192",0.97208917670514,0,0,0,0,0.0279108232948599,0,0
"193",0.0919717683338946,0,0.530795043383905,0.102316544964517,0.0197412975729988,0.255175345744685,0,0
"194",0,0,0.613661429966817,0,0.106929262045867,0.0269556811431037,0,0.252453626844213
"195",0.0846558685578684,0,0.522644623818746,0.10266445664942,0.0721288073797917,0.037436331565223,0.151657031482014,0.028812880546937
"196",0.0155558580613376,0,0.121931863152973,0.376069530939386,0.140278953636004,0.318478793980167,0.0276850002301324,0
"197",0,0,0.170339828071564,0.288521912495135,0.155897616575216,0.198658077884282,0.164392090365139,0.0221904746086652
"198",0.136291251214425,0,0.566067434300173,0.0428222658519644,0.239776151062762,0,0,0.0150428975706756
"199",0.126834713861725,0,0.194212679066225,0.577865767084199,0.0884715532706082,0.0126152867172429,0,0
"200",0.0421290249647088,0,0.39170340188799,0.0136617910256046,0.552505782121697,0,0,0
"201",0.110670774530873,0,0.401337278700869,0.133427092343792,0.333459028851139,0,0,0.0211058255733273
"202",0.0163401408402913,0,0.450891007641095,0.157146193822496,0.280992723298592,0.0447498500927015,0.0498800843048241,0
"203",0.214457352521256,0,0.201110916542542,0.057722855716505,0.142201489038088,0.213939643123975,0,0.170567743057634
"204",0,0,0.258928471337643,0.454365213057082,0.286706315605275,0,0,0
"205",0,0,0.332700844346666,0,0,0.625139237595444,0,0.0421599180578894
"206",0,0,0.7509967960165,0,0.2490032039835,0,0,0
"207",0.0387509024145993,0,0.311735333898911,0.188763663297088,0.122032953611603,0.208140245860467,0.119886043918559,0.0106908569987722
"208",0,0,0.239501329446603,0,0.116702232172043,0.431002804774296,0.0204622564387271,0.192331377168331
"209",0,0,0.183692843320552,0.425008780867584,0.155476835861493,0.0118905642009484,0.168012874872395,0.0559181008770279
"210",0,0,0.19231864711981,0,0,0.80768135288019,0,0
"211",0,0,1,0,0,0,0,0
"212",0,0,0.187993905452665,0,0.0286131756701592,0.729020354531061,0,0.0543725643461144
"213",0,0,0.877602073085706,0,0,0.122397926914294,0,0
"214",0.0317188709526833,0,0.65880698941281,0.0905968132890296,0.0542774018135554,0.0104364801247,0.154163444407222,0
"215",0.0190349608245765,0,0.108241764683598,0,0.0887788534653893,0.783944421026436,0,0
"216",0.0626759422394807,0,0.665217749164779,0.0124857651626405,0.229611350597144,0,0,0.0300091928359557
"217",0.0231685116369432,0,0.386084407261518,0.228723407631677,0.324652005674184,0,0.0263443611112362,0.0110273066844408
"218",0,0,0.624492760705347,0,0.0685719564908553,0.293673227031306,0,0.0132620557724915
"219",0,0,0.784025978640395,0,0.137070211927802,0.0361645522041706,0,0.0427392572276317
"220",0,0,0.655953789679665,0,0.0817567248509193,0,0,0.262289485469415
"221",0.334756435644935,0,0.056549108119783,0.32451646253589,0.105783842736181,0,0.178394150963211,0
"222",0,0,0.657601064278965,0,0.0584475580848183,0.195254614552078,0,0.0886967630841384
"223",0.456879058988178,0,0.12893787460366,0,0.0114950216745719,0.40268804473359,0,0
"224",0.0404920045537618,0,0.306506736584869,0.2055497751329,0.0437846873604829,0.403666796367986,0,0
"225",0,0,0.154281953580369,0,0,0.845718046419631,0,0
"226",0,0,0.089887052273066,0.819509095168716,0.0906038525582177,0,0,0
"227",0,0,0.255732661006577,0.552582318849827,0.144230054959139,0,0.0474549651844575,0
"228",0.0150852192864,0,0.77866965303078,0.168908949586511,0.014953397901359,0.0223827801949494,0,0
"229",0,0,0.204578969867164,0.281701442753557,0.171394750977487,0.0107754827676813,0.242953236569764,0.0885961170643469
"230",0.661302854567052,0,0.322919979629896,0,0.0157771658030523,0,0,0
"231",0,0,0.814365754096958,0,0.157456104711146,0,0.0281781411918956,0
"232",0.0201356879326176,0,0.134109317362679,0.710862583745381,0.118899690353966,0,0.0159927206053561,0
"233",0.505001366853832,0,0.15590736112766,0.274165177106265,0.0268462305052386,0,0.0380798644070035,0
"234",1,0,0,0,0,0,0,0
"235",0.402375683923743,0,0.168700701297123,0.0913468091550071,0.141358982107422,0,0.183147795496479,0.013070028020226
"236",0.0608585989488473,0,0.939141401051153,0,0,0,0,0
"237",0.0152677441562542,0,0.114979888913121,0.0267282158753636,0,0.809031732815928,0.0339924182393332,0
"238",0.0170637402779491,0,0.187905998283399,0.533116183500449,0.176529594134764,0,0.0853844838034395,0
"239",0,0,0.370034086165462,0.277539801072661,0.352426112761877,0,0,0
"240",0.656435430139602,0,0.0825741741892422,0,0.0463030069688297,0.150596276385635,0,0.064091112316691
"241",0.0333651280479408,0,0.352940561327081,0.28403669333147,0.176523132957123,0,0.153134484336386,0
"242",0,0,1,0,0,0,0,0
"243",0.19333883485483,0,0.181707622626644,0,0.0429316570143575,0.582021885504169,0,0
"244",0.031319565047828,0,0.7099556695869,0,0.215826006548933,0.0319256904059236,0,0.0109730684104161
"245",0,0,0.218365104325201,0.548744641086468,0.191813535935644,0,0,0.0410767186526878
"246",0,0,0.463323924882338,0,0.536676075117663,0,0,0
"247",0,0,0.257484784645459,0.374899828507415,0.177156411170653,0,0.10625851841987,0.084200457256603
"248",0,0,0.0500435031564899,0.14888482960927,0.110315397064387,0.402007259577272,0.288749010592581,0
"249",0.751306924099632,0,0.0618118748648726,0,0.0260127307109928,0.0422888389379167,0.118579631386586,0
"250",0,0,0.0390514991445946,0.266728441008407,0.0666746240886283,0.255308243530362,0.372237192228008,0
"251",0.024816457805729,0,0.330204757872522,0.214944823992041,0.148309583608836,0.0148692498828538,0.205512405843373,0.0613427209946464
"252",0,0,0.145408862044024,0.661122814033408,0.168745015066932,0,0.0142532425208764,0.0104700663347601
"253",0.024768476695931,0,0.284968521114651,0,0.282612560442097,0.396493429138481,0.0111570126088396,0
"254",0,0,0.425613438515558,0,0.189231796080867,0.385154765403575,0,0
"255",0.0126469022202177,0,0.296934329847942,0.375043332239812,0.279776034098912,0,0,0.0355994015931155
"256",0.185924623358692,0,0.35207582640797,0,0.153001088224901,0.0667743096010827,0,0.242224152407355
"257",0.58157249080032,0,0.388896645991939,0,0.0179283203290759,0,0.0116025428786648,0
"258",0.0728423155022969,0,0.0713983329718944,0.386437502520629,0.0691804080961766,0.128597676433276,0.271543764475727,0
"259",0.268092772187436,0,0.143371751679413,0,0.0618955264187537,0.484055965324885,0,0.0425839843895125
"260",0,0,0.138675654453175,0,0,0.861324345546825,0,0
"261",0,0,0.447794843779252,0.175356855067539,0.311851262261096,0.0108152506512308,0.0541817882408817,0
"262",0.470641380841687,0,0.329794733085566,0.0440143103165762,0.155549575756171,0,0,0
"263",0,0,0.685754076449364,0,0.127132786275936,0.0139753306719433,0.0196404172704847,0.153497389332273
"264",0,0,0.443004733186755,0.213662204284098,0.219036842858873,0.0137089703651422,0.110587249305132,0
"265",0,0,0.583427860118478,0.13817919085304,0.227111383757629,0,0.02652699730561,0.0247545679652421
"266",0.0145149911558095,0,0.381896874754065,0.037627873728068,0.168635261619634,0.397324998742423,0,0
"267",0,0,0.283781339878164,0,0.16094161496813,0.323621357778954,0,0.231655687374753
"268",0.349242361081071,0,0.561642354969917,0.0170778169278391,0.0549970139284283,0.0170404530927451,0,0
"269",0,0,0.896987161942289,0,0,0.0925536700431561,0,0.0104591680145552
"270",0.288816165592536,0,0.144433739321944,0.292747643370279,0.0888694256009605,0.0112142152867746,0.173918810827506,0
"271",0.0117287009342566,0,0.188153287552399,0,0,0.737818770682124,0.0622992408312202,0
"272",0,0,0.734085656607511,0,0.247154989807454,0.0187593535850354,0,0
"273",0.116696835265119,0,0.328103611920806,0.210844212361738,0.166193946248517,0,0.0358114113483616,0.142349982855458
"274",0,0,0.27684545983125,0,0,0.72315454016875,0,0
"275",0.0224054493452108,0,0.50931079802774,0,0.452746832356143,0,0,0.0155369202709059
"276",0,0,0.300255964507603,0.340390213013914,0.213893341095811,0,0.0434329171279318,0.10202756425474
"277",0.879577083080297,0,0.120422916919703,0,0,0,0,0
"278",0,0,0.664152307273568,0.136060488491847,0.118691857968512,0.081095346266073,0,0
"279",0.769175434796881,0,0.0801509387200374,0.071751456376713,0.064049005811818,0,0.0148731642945505,0
"280",0.0869605725136066,0,0.913039427486393,0,0,0,0,0
"281",0,0,0.383469332050899,0.155905151588543,0.187525119865811,0.194221371472296,0.0788790250224511,0
"282",0,0,0.322479847305225,0,0.0878305376772143,0.492648823963987,0.0194714583387459,0.0775693327148287
"283",0.0744652977664689,0,0.481138982128615,0,0.136768793132306,0.0178586138980762,0,0.289768313074534
"284",0.713663234057063,0,0.0363203209758185,0.151787512176734,0.0111811983043441,0,0.0870477344860402,0
"285",0.0183271341591599,0,0.211631727679954,0,0.0794446370123658,0.669029586673261,0.0215669144752586,0
"286",0,0,0.398730751112015,0.0538150661828885,0.475996685383684,0.0483250497373186,0.0120545863347,0.0110778612493948
"287",0.0592872648240592,0,0.0146608599067739,0.367624067087784,0.0490232668764033,0.0230679533419804,0.486336587962999,0
"288",0.159620862855065,0,0.385941824034222,0.0524662065924332,0,0.40197110651828,0,0
"289",0,0,0.146106307022784,0.136492871279268,0.14843630516453,0.186990772400212,0.381973744133206,0
"290",0,0,0.190652765015794,0,0.127116116305652,0.682231118678554,0,0
"291",0,0,0.23410284294326,0.540860122226273,0.139391042073164,0,0.024035054804126,0.0616109379531761
"292",0,0,0.876675395283499,0,0.0418404497146757,0,0,0.0814841550018252
"293",0,0,0.412441806095913,0.0403474401323295,0.547210753771758,0,0,0
"294",0,0,0.519651689189366,0,0.0175034654640513,0.462844845346583,0,0
"295",0,0,0.688724632524191,0,0.16064051390713,0.0336651412022851,0,0.116969712366393
"296",0.418105626318804,0,0.456493535496033,0,0.125400838185163,0,0,0
"297",0,0,0.188774944106022,0,0,0.811225055893978,0,0
"298",0.0374688384995681,0,0.120737317673478,0.587191327778703,0.145527732258842,0.0677947318586025,0.041280051930806,0
"299",0.349743646462791,0,0.199230246678365,0.353800433051998,0.0972256738068468,0,0,0
"300",0.0101296364362112,0,0.287180275880101,0.31659073650245,0.189537231099656,0.0104642678966863,0.186097852184896,0
"301",0,0,0.445250813525949,0.288278495868228,0.229314214477605,0,0,0.0371564761282186
"302",0,0,0.171209293785048,0,0,0.828790706214952,0,0
"303",0.455667129360321,0,0.441903382327636,0.0528137906215569,0.0201371285349771,0.0294785691555083,0,0
"304",0,0,0.0962079790503158,0.264888364324973,0.144350350979634,0.26004468156476,0.207138561987332,0.027370062092986
"305",0.0372894871801487,0,0.274689314745046,0.125782876097991,0.157330453291669,0.0313453624151266,0.318077602993073,0.0554849032769458
"306",0,0,0.168043766377916,0.612969373161174,0.130951809870318,0.0111574425191634,0.0359445176889716,0.0409330903824567
"307",0.69487897836741,0,0.106782603404403,0,0.0732575658523497,0.0260054657490035,0,0.0990753866268341
"308",0,0,0.341756341026581,0.416418826689819,0.199406908515516,0.0249517781327297,0.0174661456353534,0
"309",0.102747330898743,0,0.0578895044548604,0.367997765838372,0.0922240401312,0.0133664018405329,0.365774956836291,0
"310",0,0,0.12099989491164,0.74953170048992,0.118555421820956,0.0109129827774842,0,0
"311",0,0,0.234009877991098,0.541175192201793,0.174876261934929,0,0.0382314723451478,0.0117071955270329
"312",0,0,0.909093925097467,0,0.0553192346607758,0,0,0.0355868402417571
"313",0.87546627244231,0,0.0191754153617129,0,0.0304257265798604,0,0.0749325856161166,0
"314",0,0,0.511009225253724,0,0.357255766756539,0.0312462606239622,0,0.100488747365775
"315",0.064067578771164,0,0.0156049341136141,0.0857025379148615,0,0.83462494920036,0,0
"316",0.226278251493452,0,0.729760099404749,0,0.0439616491017995,0,0,0
"317",0,0,0.277401479429439,0.343425604800025,0.188644587707995,0,0.19052832806254,0
"318",0,0,0.0615570440261098,0.855159695214741,0.0832832607591494,0,0,0
"319",0,0,0.155493954121282,0,0,0.844506045878718,0,0
"320",0,0,0.555826537038168,0.0533347369594377,0.390838726002394,0,0,0
"321",0,0,0.605231483284176,0,0.330842819675058,0.0639256970407659,0,0
"322",0.514195959765702,0,0.179833583849278,0.112013825206538,0.0395874533501435,0,0.142348626651356,0.0120205511769829
"323",0.0280820613380467,0,0.129184940620606,0.588545348797809,0.0634588724944038,0,0.190728776749134,0
"324",0.0200695523958353,0,0.241804533489168,0.335085985741272,0.198519475173788,0.163765416423164,0.0407550367767728,0
"325",0.0215830670276879,0,0.645177341767348,0.251670076594042,0.0815695146109216,0,0,0
"326",0.507670297442344,0,0.148364992623029,0.249981079507998,0.0688612946126678,0,0,0.0251223358139608
"327",0,0,0.985733318265851,0,0,0,0,0.0142666817341488
"328",0.0259853726194973,0,0.25036269808336,0.117585614718382,0.122210698118077,0.359367063305168,0.0301638037773773,0.0943247493781379
"329",0.0148160086971726,0,0.802379230168492,0.116451370815043,0.0492979058818385,0,0.0170554844374545,0
"330",0,0,0.587174756884305,0,0.350807668738035,0.06201757437766,0,0
"331",0.361021308360411,0,0.384884876878108,0,0.169052132830562,0.0726271281584547,0,0.0124145537724649
"332",0.0488386405696917,0,0.182519194453717,0.499699208048184,0.127282666075782,0.0878555221715071,0.0538047686811174,0
"333",0,0,0.149316535031225,0,0.0377652906248348,0.779717574259987,0,0.0332006000839524
"334",0.141895421204547,0,0.107462697139111,0.71207533292592,0.0385665487304231,0,0,0
"335",0,0,0.470007827493242,0.133439576415492,0.219577619829503,0.0143637718466417,0.0882098181668097,0.0744013862483112
"336",0.661323880037944,0,0.152307983285859,0,0.0779251208113842,0,0,0.108443015864812
"337",0.0166370114355526,0,0.478126223845237,0,0.456181051271929,0.0490557134472815,0,0
"338",0,0,0.259956465609897,0.145445398652395,0.231897427803798,0.0986299470873325,0.0395348082957558,0.224535952550822
"339",0.0134425751627365,0,0.395675544867454,0.36877385071524,0.222108029254569,0,0,0
"340",0,0,0.435056955670728,0,0,0.564943044329272,0,0
"341",0.194294251298047,0,0.273153730426698,0.177943216248451,0.141210612681497,0.0289369465180892,0,0.184461242827217
"342",0,0,0.64103348513097,0.0259313617015136,0.230656630786845,0.0617562201145029,0,0.0406223022661683
"343",0.0109170184112225,0,0.435865699977016,0.104786189728991,0.325409972594493,0,0,0.123021119288277
"344",0.0352970223452521,0,0.257894468509684,0,0.17357153509662,0.249251797397503,0,0.283985176650942
"345",0,0,0.296835865572173,0.421340128787865,0.218914949679271,0.0147580802892129,0,0.0481509756714781
"346",0,0,0.26202283926464,0.0522433879915836,0.0162847902239675,0.519770197896883,0.149678784622926,0
"347",0.321879119063942,0,0.247611011653686,0.0519497663525936,0.153070589769223,0.0971011024263932,0,0.128388410734162
"348",0.0265672257433007,0,0.518924318812913,0.0937395912875159,0.273237179881423,0.0596374304009163,0.0278942538739303,0
"349",0,0,0.172503542811929,0.697327629672597,0.130168827515474,0,0,0
"350",0,0,0.281525742941754,0.291243209388163,0.159267832557465,0.0965195495004179,0.0777770268289115,0.0936666387832893
"351",0,0,1,0,0,0,0,0
"352",0.0131883317210493,0,0.314251964583861,0.362070614538911,0.310489089156178,0,0,0
"353",0,0,0.358999776259906,0.330105733122144,0.310894490617949,0,0,0
"354",0,0,0.298030181832643,0.405389363614838,0.194832524810921,0,0.101747929741599,0
"355",0,0,0.361306074085758,0,0.165834140745118,0.472859785169123,0,0
"356",0,0,0.468666068050688,0.0581413777030961,0.4076517874537,0.0216271673936306,0.0439135993988855,0
"357",0,0,0.179465230470886,0.257350459921381,0.161103545711851,0.402080763895882,0,0
"358",0.0564472543893478,0,0.128679701449251,0.748163251533715,0.0566686702509099,0,0,0.0100411223767762
"359",0.0220509834827124,0,0.964387378093471,0,0,0.0135616384238162,0,0
"360",0.048380435077959,0,0.712686515105616,0.18424132566245,0.0260021816153193,0,0.0286895425386561,0
"361",0,0,0.507090778617525,0.161443646016347,0.274503892192483,0.0272081755009273,0.0297535076727183,0
"362",1,0,0,0,0,0,0,0
"363",0,0,0.789542053044482,0,0,0.210457946955518,0,0
"364",0.0240193150490398,0,0.42348310274857,0,0.0758024950908031,0.304232647611399,0.0484755938019226,0.123986845698265
"365",0,0,0.300847122681117,0.227763248502731,0.251668914324732,0.0534468006289468,0,0.166273913862473
"366",0.654095710046955,0,0.207709835775461,0.12525690103882,0.0129375531387639,0,0,0
"367",0,0,0.8340061037948,0,0.0853501605204685,0.0632227794067042,0.0174209562780272,0
"368",0,0,0.553943084008204,0.0520158631270589,0.292086657389667,0.0436406250080793,0,0.0583137704669909
"369",0.0115488263594967,0,0.32896614869311,0.384601289702959,0.126125887725324,0.1351170165182,0.0136408310009112,0
"370",0.18927870114391,0,0.183295752966532,0.444999119969962,0.106664459352135,0,0.0179071056447735,0.0578548609226886
"371",0,0,0.614822183496694,0,0.173453895427669,0.0119025460919976,0,0.199821374983639
"372",0.276125172255084,0,0.0814250250562926,0.472002158410545,0.0800966562110475,0,0.0903509880670307,0
"373",0.0254274366022307,0,0.326873200220288,0.310779975310319,0.145127562611064,0.172504438158361,0,0.0192873870977376
"374",0,0,0.416240159846269,0,0.0753313138945426,0.437487998127332,0,0.0709405281318561
"375",0.0189544314473288,0,0.14418214282539,0.757495248861239,0.0793681768660425,0,0,0
"376",0,0,0.155001760292615,0.0584945084899735,0.0854157832944208,0.642692396512501,0.0482153620964786,0.0101801893140109
"377",0,0,0.15608820580629,0,0,0.84391179419371,0,0
"378",0.0114008836302656,0,0.163169886584488,0.546667757685544,0.123597900985868,0.0287363445629272,0.126427226550907,0
"379",0,0,0.434856941924422,0.153705965806197,0.378909619126347,0.0325274731430333,0,0
"380",0,0,0.56401256841264,0,0,0.422712143596667,0.0132752879906922,0
"381",0,0,0.409648221282083,0,0.526810610001567,0.0357796768348959,0,0.0277614918814542
"382",0,0,0.575492258503753,0.126865806853067,0.242773088440345,0.0367007812973988,0,0.0181680649054361
"383",0,0,0.686076118566316,0,0,0.313923881433684,0,0
"384",0,0,0.114897144269484,0.216771784257087,0.191555497511123,0.170430209699028,0.306345364263278,0
"385",0.0101746866382885,0,0.116774477445413,0.390528634445727,0.115760687337304,0.0154494248236369,0.351312089309631,0
"386",0,0,0.86017963360509,0,0,0.13982036639491,0,0
"387",0,0,0.890960001677064,0,0.0505417363748591,0.0399225708455405,0.0185756911025366,0
"388",0.193121250682775,0,0.148900030764109,0.222075789118839,0,0.306933010318481,0.128969919115797,0
"389",0,0,0.420401294834974,0.291444174233709,0.186636621936745,0,0.022802087555076,0.078715821439496
"390",0.0206524134423778,0,0.0580990094864091,0.704949077365811,0.0906363378034567,0.0145325268618356,0.11113063504011,0
"391",0.0239725393453435,0,0.394379111500922,0.11347739329833,0.21636647058125,0,0.0779338030212169,0.173870682252938
"392",0,0,0.912813236710784,0,0,0.0871867632892162,0,0
"393",0.0380809877747131,0,0.118002059048566,0.423104874039226,0.115610920113515,0.30520115902398,0,0
"394",0.0186265295309892,0,0.485136137250842,0.0494325091994996,0.0642102416400644,0.342401983253905,0,0.0401925991246998
"395",0.0176788803457438,0,0.0451773849072751,0.253741414275747,0.115636815071901,0.0327969623195081,0.517490537652463,0.0174780054273621
"396",0,0,0.878102077580475,0,0.0411769406601784,0.0624033535145983,0,0.0183176282447487
"397",0,0,0.500468189443748,0.0408026833184402,0.150303648011125,0,0.0387736971707398,0.269651782055947
"398",0.385172726118102,0,0.442688098469514,0.0414598271812405,0.0621492620389881,0,0,0.0685300861921549
"399",0.0124660526550204,0,0.0611008991079894,0.154216985878884,0.072071139992654,0.453651976980711,0.233363045855036,0.0131298995297056
"400",0,0,0.335909116079862,0.0345203633498871,0.166137149397446,0.133884049771228,0.068962660403192,0.260586660998385
"401",0.0419318979326878,0,0.412592168272062,0.245170986825454,0.290213726344799,0,0.0100912206249978,0
"402",0.0576018320341393,0,0.489583066776821,0,0.410102225303206,0,0,0.0427128758858335
"403",0.154919153534956,0,0.600257629402988,0,0,0.244823217062056,0,0
"404",0,0,0.453724329650467,0.176031200046529,0.228300073440396,0.0187789994687578,0.12316539739385,0
"405",0,0,0.986024281436429,0,0.0139757185635708,0,0,0
"406",0,0,0.198937945842018,0.622080189126137,0.178981865031844,0,0,0
"407",0,0,0.203626490245258,0.546545512668421,0.207841042552192,0.0299481904448932,0,0.0120387640892354
"408",0,0,0.0743651474663004,0,0.0196963222400797,0.853654059340029,0.0398985490649742,0.0123859218886164
"409",0.066238705641218,0,0.104919773206258,0.139668301411273,0.0642730812834071,0.426989364248104,0.183876930030532,0.014033844179208
"410",0.0381483615277113,0,0.129939430987293,0.73581898819288,0.0960932192921155,0,0,0
"411",0,0,1,0,0,0,0,0
"412",0,0,0.415834074781924,0.154666319546876,0.383637096025574,0.0319323684777696,0,0.0139301411678564
"413",0.907220666129094,0,0,0,0,0.092779333870906,0,0
"414",0,0,0.26937497529322,0.500903087352142,0.197078787913295,0.0326431494413438,0,0
"415",0,0,0.964360657684184,0,0,0.0216454958569281,0.0139938464588879,0
"416",0,0,0.249377037822444,0,0.188203867438862,0.303292097365447,0.0145198975013857,0.24460709987186
"417",0.020083945224085,0,0.242510644817911,0.416506797080662,0.211185576612719,0.0316491455311412,0,0.078063890733483
"418",0.341438351409443,0,0.550987179678234,0.0213616241187186,0.0141814928158874,0.0720313519777167,0,0
"419",0,0,0.219327031205257,0.523209840523846,0.237455610567101,0.0200075177037955,0,0
"420",0,0,0.187948866373548,0,0.152222564931057,0.659828568695395,0,0
"421",0,0,0.845734925786782,0,0.0401051354601598,0.0110109271572845,0.103149011595773,0
"422",0.147997717629939,0,0.357227712729519,0.220088835098396,0.118155892944128,0.156529841598018,0,0
"423",0,0,0.238195826925482,0,0.115945977026063,0.621217220723742,0,0.0246409753247133
"424",0.122208822762663,0,0.0234105244494658,0.393714835350024,0.0519562731016357,0.04120796540998,0.367501578926232,0
"425",0.0109227081650815,0,0.230935607146173,0.444110322617617,0.171377759091819,0,0.142653602979309,0
"426",0,0,0.296956357783589,0,0,0.703043642216411,0,0
"427",0.128170831961932,0,0.420835820680433,0,0.127549741340379,0.0759878634869593,0,0.247455742530296
"428",0.0960790116276555,0,0.266998463075739,0.0123932952357492,0.0172122029889187,0.571139704530233,0,0.0361773225417046
"429",0,0,0.408619525648384,0.101262199079524,0.178019824620375,0.102098510643747,0,0.209999940007971
"430",0.0241350929890044,0,0.0458850371954839,0.138200705812954,0.102861805159853,0.336421562481922,0.338612531956807,0.0138832644039757
"431",0,0,0.372145402820443,0.37007580013898,0.257778797040578,0,0,0
"432",0.0627908725878923,0,0.14916878943238,0.0835399892967718,0.0804077574783114,0.462286728017747,0.161805863186898,0
"433",0,0,0.324018279456146,0.425378012406452,0.235742450753634,0,0.0148612573837676,0
"434",0,0,0.440765259553972,0.127342996161114,0.230861034560654,0.0665227704112335,0.068123614272111,0.0663843250409154
"435",0,0,0.411532395770384,0.158402656410145,0.430064947819471,0,0,0
"436",0.337304389382323,0,0.328034219855633,0,0.0915161634709403,0.102307181517767,0.0148177592152617,0.126020286558075
"437",0.0110184263820924,0,0.345567900042061,0.0167842960795392,0.204909791661236,0.133008744162641,0.222200945789861,0.0665098958825697
"438",0.821374753789192,0,0.100474044836576,0,0.0781512013742329,0,0,0
"439",0.0200175489860503,0,0.154621774780043,0.461660048729662,0.0996710240704987,0.0115756563466669,0.227335770575644,0.0251181765114351
"440",0,0,0.410120820351,0,0.0749832499722395,0.450578168017628,0,0.0643177616591328
"441",0.108195618556255,0,0.545614687888633,0.0174354416548729,0.286171220538154,0,0,0.042583031362085
"442",0,0,0.327256405987977,0,0.209188641544963,0.248773726765869,0,0.214781225701192
"443",0,0,0.590200817523671,0,0.0769236082620819,0.332875574214247,0,0
"444",0,0,0.438946801299885,0,0.38145584458096,0.179597354119155,0,0
"445",0.981158788435468,0,0,0,0.0188412115645319,0,0,0
"446",0.0414574526410437,0,0.175839954154841,0.472602857820014,0.135834487625713,0,0.161605843848224,0.0126594039101653
"447",0,0,0.489918713868903,0.0293623510609712,0.408037584747831,0.0726813503222956,0,0
"448",0,0,0.31882428017792,0.238088350495721,0.221916844671177,0.132355837286571,0.0888146873686116,0
"449",0,0,0.445442982975338,0.20150698771957,0.17398337989599,0,0.049308374559894,0.129758274849208
"450",0.0298060683507193,0,0.43163221410854,0.252839432610486,0.250775789245862,0,0.0349464956843922,0
"451",0.067201177760581,0,0.113911648181102,0.768436175803396,0.0504509982549211,0,0,0
"452",0.196377734055022,0,0.711524005018499,0,0.0799742499545699,0.0121240109719089,0,0
"453",0.0185107212739572,0,0.832333169783108,0.121587083073754,0.0275690258691807,0,0,0
"454",0,0,0.0707516911056242,0.66216962284883,0.113655218984722,0.0131929841246592,0.140230482936165,0
"455",0.0289475046288919,0,0.0917438972382392,0.22124379526055,0.0836248198367075,0.254140842945729,0.320299140089883,0
"456",0.0130002015222895,0,0.937695911880308,0.0493038865974028,0,0,0,0
"457",0,0,0.291682774314701,0.32271384686086,0.215826108801843,0.152916399903337,0.0168608701192581,0
"458",0,0,0.420240436897742,0.0236836783132846,0.334152902215717,0.211727415378984,0.010195567194273,0
"459",0.181638070857617,0,0.710709846345137,0,0.0668598331082995,0.0407922496889464,0,0
"460",0,0,0.499811573605046,0,0.199715853387856,0.300472573007097,0,0
"461",0.0988587401246978,0,0.37825995817618,0.191497700598827,0.260104464261731,0.029395761604029,0.0418833752345347,0
"462",0,0,1,0,0,0,0,0
"463",0,0,0.158323725338765,0,0,0.814406115609514,0,0.0272701590517208
"464",0,0,0.336527179123831,0.336196346489051,0.307842570153407,0,0.0194339042337104,0
"465",0.443912248987112,0,0.390382235581588,0,0.153196801461165,0.0125087139701352,0,0
"466",0,0,0.166629206543992,0,0.0401959487192749,0.793174844736734,0,0
"467",0,0,0.0911597548479594,0.773588635677272,0.117611580130266,0,0,0.0176400293445023
"468",0,0,0.260620999351621,0,0.0815342135272592,0.65784478712112,0,0
"469",0,0,0.302548456281323,0.175711895830458,0.185401622724281,0.0199869847887661,0.0753936832890931,0.240957357086079
"470",0.153981998539233,0,0.811124879060993,0.0348931223997743,0,0,0,0
"471",0,0,0.10660235243642,0.772455359436351,0.120942288127229,0,0,0
"472",0.0108291710304662,0,0.0810436848623732,0.549727657515923,0.0832646452290163,0,0.275134841362221,0
"473",0,0,0.376250072433483,0.122111286018013,0.27536235603802,0.0936845023762117,0.0511354680761671,0.081456315058106
"474",0.0186771476428816,0,0.644846312134629,0.0152204607170142,0.12275816492681,0.021037874029108,0,0.177460040549557
"475",0,0,0.0931360292641486,0,0,0.707214678755458,0.187698011710167,0.0119512802702271
"476",0.0248358365149312,0,0.293084293617042,0.141177895657531,0.139720701323225,0.0180608151251081,0.305556998741403,0.0775634590207604
"477",0.0238927757513032,0,0.160340894066811,0.260483138193459,0.0961338471744181,0.459149344814008,0,0
"478",0,0,0.87131540714452,0.0134657348913879,0.0466006044782743,0.0509473988657938,0,0.017670854620024
"479",0.030261252844049,0,0.130194470753432,0.424466949374869,0.121684680204645,0.0170794189423962,0.276313227880608,0
"480",0.133296744696039,0,0.230038816234296,0,0,0.636664439069665,0,0
"481",0.264953736136166,0,0.13406601191658,0.0880219745137336,0.0468284843263016,0.400712140717888,0.0503478643789527,0.015069788010378
"482",0.0491415624804628,0,0.220635034207245,0.541324333439508,0.118194342620781,0.0104030389200152,0,0.0603016883319875
"483",0.372305081910163,0,0.212344373137494,0.193508936149152,0.110797943180513,0.0215964418664181,0,0.0894472237562594
"484",0.0184942295513331,0,0.768603593664756,0,0.164149250641747,0.0487529261421645,0,0
"485",0.0173072499677866,0,0.230255869265138,0.19814691906048,0.370545363570451,0.133766705233077,0.0499778929030669,0
"486",0.0252622608525288,0,0.0837042128184053,0.237799574514521,0.109062367846799,0.0410345564533143,0.488470530005277,0.0146664975091549
"487",0,0,0.200689421929026,0.0172843235880902,0,0.771375121711996,0.0106511327708874,0
"488",0,0,0.388763183884554,0.123010663792146,0.0466253088339747,0.135305683154668,0.306295160334657,0
"489",0,0,0.570634640443792,0.053578175394744,0.341013787886292,0.0347733962751721,0,0
"490",0.386467355550556,0,0.204671845865982,0.139811576537804,0.137951469205337,0,0.117102271409093,0.0139954814312284
"491",0.51102070223578,0,0.302011938616931,0,0,0.186967359147289,0,0
"492",0,0,0.307698786683811,0.408592826170588,0.224272253951431,0,0,0.0594361331941703
"493",0,0,0.0756593010892525,0,0.0311253552609539,0.875813036128386,0,0.0174023075214079
"494",0,0,0.201980755434536,0.583526437794975,0.13551584154553,0.0285698725364037,0.0104149682580544,0.0399921244305007
"495",0.0881976787266159,0,0.285418917212793,0.166540301589069,0.157986719849383,0,0.0820406053096679,0.219815777312471
"496",0.663517703287714,0,0.227398713649735,0,0.0417589907717622,0,0,0.0673245922907888
"497",0,0,0.410413066181704,0,0.250189579445462,0.221749483447931,0,0.117647870924903
"498",0,0,0.421275234794633,0.202579305859488,0.317688637942356,0,0.0584568214035225,0
"499",0.228756868042653,0,0.457004020483135,0,0.314239111474212,0,0,0
