,"cd4-positive, alpha-beta t cell","cd8-positive, alpha-beta t cell",monocyte,b cell,natural killer cell,plasmacytoid dendritic cell,conventional dendritic cell,platelet
0,0.051741783,0.09776956,0.16867557,0.41612694,0.0055046375,0.0008995748,0.05776076,1.5581118e-05
1,0.001134442,0.00820995,0.047055155,0.18203059,0.013650921,0.52098185,0.052310478,0.056076508
2,0.21326685,0.058556765,0.03055267,0.24140097,2.361784e-06,0.13465218,0.0025600924,0.19367515
3,0.08517056,0.0001430333,0.4270897,0.1802624,4.7862377e-05,8.967554e-05,0.049920507,0.04878512
4,0.005482566,0.0015690904,0.021525038,0.19090258,0.00087426795,0.20569803,0.43046746,7.031226e-05
5,0.0060806256,0.060735796,0.08294731,0.00028243617,0.32716557,5.929526e-05,0.00030871062,1.9731826e-06
6,0.00035537218,0.017695868,0.1903986,0.0018589325,0.077917844,0.6036329,0.00062402315,5.818191e-06
7,0.05975828,0.16038902,0.14362782,0.000525207,0.29674366,0.00031736717,0.004738904,0.24053922
8,0.0010674724,0.018128384,0.011182218,0.013659464,0.09175785,0.30790403,0.39817587,0.00024718055
9,0.0014329292,0.007080244,0.057444356,0.070190705,0.021024788,0.47620735,0.21098548,5.676564e-05
10,0.015324931,0.12143172,0.036036607,0.00013606194,0.013822586,0.6488615,0.00015239726,0.07896862
11,0.00068035256,0.03472699,6.151871e-05,0.04122177,0.10420584,0.7330162,0.00013411965,1.19540455e-05
12,0.01767491,0.08658747,0.0022792935,0.0068649948,0.12809414,0.0009138742,0.629071,2.5264777e-05
13,0.33068806,0.17626293,0.0066251233,0.0013641561,0.12277692,0.28677183,0.0031828121,3.7096022e-05
14,0.0051460336,0.06419162,0.3263289,0.0004793234,0.120466456,5.8690944e-06,0.00017278895,0.3417002
15,0.19810534,0.21513739,0.05878329,0.1917815,1.0175077e-06,0.00022084992,0.0025851885,0.14466211
16,0.08920851,0.22747436,0.07548486,0.0014683105,0.22049251,0.00015281852,0.009652605,7.9302645e-06
17,0.003638749,0.02982492,0.09534839,0.00093004294,0.08466742,0.52209985,0.014528869,0.103448205
18,0.16709131,0.30417648,0.36607257,0.0016901288,3.404834e-05,3.633746e-05,0.0003936886,7.0983824e-06
19,0.061010066,0.3026014,0.0053572147,0.0005144131,2.9278806e-05,0.50597924,0.00051826943,0.026270982
20,0.012149648,0.08377516,0.3246507,0.025053823,0.15667139,2.571429e-05,0.0010424777,0.22905517
21,0.02000342,0.086670324,0.20034155,0.0027257332,0.33551168,0.00010999933,0.027338125,4.7666053e-06
22,0.0052729812,0.14585584,0.15383784,0.00035491315,0.4577427,0.000101543395,0.005152974,0.14222896
23,0.03753144,0.004735839,0.31423405,0.49331948,7.6986515e-05,9.74181e-06,0.0020083888,7.538491e-06
24,0.5467538,0.019520275,0.0055003087,0.29620665,0.0003393946,0.0009474064,0.053054545,0.001566078
25,0.007241423,0.08543452,0.18677445,0.0005549458,0.02665218,0.097287185,0.0014857302,0.46651337
26,0.004917265,0.044639286,0.0032930966,0.0063720723,0.26385617,0.0030343968,0.5553144,5.687012e-06
27,0.003817146,0.04466459,0.13605517,0.06950514,0.054219536,0.53033346,0.0018073105,3.0555722e-05
28,0.041540716,0.7813375,0.0024803798,0.0005941577,0.007843447,0.011427729,0.0002586969,0.0014885159
29,0.00010507157,0.07842807,0.36278394,0.006681863,0.033951677,0.00012941,0.0754609,0.23533624
30,0.00045485958,9.599387e-05,0.10890542,0.07678818,0.00014522532,0.1508009,0.43029222,0.014670973
31,0.0015815215,0.05515481,0.15971172,0.32492045,0.10733076,1.7431246e-05,0.0022269217,0.28828043
32,0.0019442098,0.04829188,0.0033327385,0.001981528,0.12511382,0.6494032,0.08205182,1.0188674e-05
33,0.16247143,0.07209484,0.0011637906,0.0029748522,0.056841776,0.36663157,0.23368505,3.277831e-05
34,0.0023881486,0.17928861,0.102855764,0.0003319689,0.58764386,0.0022010948,0.015334014,0.022574315
35,0.026881512,0.07603265,0.24841766,0.00069120846,0.010782851,6.80159e-05,0.0027952308,0.37774977
36,0.04050371,0.08545745,0.13489562,0.0007344942,0.06418757,0.5160463,0.0006831035,0.032880493
37,0.1856616,0.13006113,0.00072849455,0.00042568726,0.036808994,0.5427248,0.005559772,4.2767966e-05
38,0.001027334,0.00020435007,0.06723521,0.4834247,0.00019062834,0.15910777,0.12910613,5.7443835e-06
39,0.07155586,0.00012003864,0.06606388,0.65856105,1.9476313e-06,8.4289044e-05,0.0022509955,0.120948866
40,0.09683697,0.81707025,0.0027697496,0.0012453514,0.012702257,1.0388203e-05,3.113486e-05,2.9256558e-05
41,0.006267436,0.13908757,0.25461274,0.045901194,0.42451733,9.838748e-06,0.0011925749,3.3246224e-06
42,0.001157815,0.00048094458,0.40734926,0.01947258,0.00044465944,0.07546499,0.27422866,0.0020554224
43,0.0072690733,0.08898718,0.014243583,0.00032158406,0.17881465,0.59556264,0.00011068354,0.035957154
44,0.14461555,0.19388942,0.04389918,0.37764162,0.033870727,0.00073712383,0.0020442584,0.059194952
45,0.108445376,0.048969038,0.05345937,0.31863165,9.568332e-07,0.0011910034,0.03827852,0.2483943
46,0.28055784,0.015676895,0.0027583772,0.3167221,0.00023211988,0.0013960814,0.27647373,3.4298995e-05
47,0.009680504,0.27044764,0.114874296,0.00014066539,0.33186552,5.4971235e-05,0.00016620294,0.18286851
48,0.051678218,0.00016518775,0.46868676,0.012576974,8.973453e-05,0.08699809,0.08893043,0.06669559
49,0.00022841118,0.0032703762,0.22674003,0.5024001,0.0014267839,0.039693967,0.014315205,0.044640195
50,0.3526311,0.17719232,0.09645108,0.0028525265,0.018160751,0.0020590462,0.013398141,0.15649779
51,0.08070879,0.09837385,0.015141328,0.1119122,0.25787738,0.27428082,0.07046988,1.2876361e-05
52,0.095342204,0.7589723,5.728881e-06,0.001109372,0.0020205276,0.07577556,0.00044101692,1.2831426e-05
53,0.0028319657,0.055616282,0.002287036,0.007045683,0.10348815,0.0003080432,0.70414764,5.357687e-05
54,0.024644297,0.0956051,0.019459777,0.00018400853,0.3543169,0.10514414,0.0005337274,0.0050171465
55,0.0012325423,0.007879513,0.21772856,0.017927015,0.020142155,0.09242278,0.36759567,1.4361429e-05
56,0.001804983,0.000103780316,0.40304977,0.09594623,0.0001255358,7.0301314e-05,0.19080482,4.4804612e-05
57,0.042107254,0.169532,0.06872333,0.0005465005,0.1862816,0.23790887,0.0021829563,0.07606476
58,0.41180208,0.06183376,0.0005341316,0.4377663,0.03919409,0.000498805,0.0003585143,1.8736459e-05
59,0.0023820596,0.027503792,0.05275909,0.0037733498,0.06708442,0.63907933,0.00024766388,0.08256316
60,0.41262513,0.1666992,0.063911304,0.003665831,0.14346933,0.0035019398,0.1154849,0.00027953243
61,0.050766937,0.00018962263,0.19674395,0.13849007,2.8892093e-06,0.0016703657,0.26337257,0.18470636
62,0.11112411,0.0015296586,0.46007812,0.27679524,8.132379e-05,4.580482e-06,0.0004751196,3.3116619e-06
63,0.048218682,0.00027045186,0.43286577,0.019273054,5.1820593e-06,0.012774312,0.006766266,0.27457264
64,0.00030566356,2.526978e-05,0.0008261449,0.20093201,2.9928642e-05,0.6925165,0.00075525424,0.0010696142
65,0.003313719,0.12023507,0.23872285,0.33019,0.23073138,1.0136498e-05,0.00039473892,9.768592e-06
66,0.11533035,0.00014887418,0.14537701,0.0025139544,3.1718406e-05,0.5665558,0.001077411,0.024141125
67,0.5845946,0.04896287,0.12752242,0.0008748732,7.9544254e-05,0.11026086,0.00067026046,1.3538643e-05
68,0.29495648,0.10913052,0.09620684,0.0011734207,0.002946928,0.001258926,0.025995174,0.32944116
69,0.6367714,0.0016041198,0.036817633,0.0123544065,4.1196927e-05,0.0015324355,0.16489424,0.007831623
70,0.0010890978,0.00088022207,0.010515675,0.008309865,0.0020221625,0.4164537,0.4272366,0.0002029336
71,0.004352662,0.13008209,0.27154636,0.01401092,0.45408806,2.7506723e-05,0.00018834636,4.9625587e-06
72,1.725743e-05,4.7362664e-05,0.56832206,0.0074501024,3.6826827e-05,0.04964988,0.033161636,0.122588515
73,0.0013320792,0.031309,0.00025628158,0.10364543,0.056598727,0.70874536,0.00017867652,1.9744575e-05
74,0.003857939,0.0035141637,0.03999242,0.00056674617,0.0007720067,0.8083804,0.000233686,0.029055784
75,0.33647424,0.0011926867,0.15117888,0.0049990686,5.337222e-05,0.081453025,0.094587505,0.14278093
76,0.012424279,0.16144425,0.040589042,0.003379754,0.43242943,0.001292909,0.21330036,0.05607249
77,0.00394319,0.022719614,0.3877979,0.015118705,0.05546897,0.019194711,0.16948697,1.0666408e-05
78,0.06653557,0.0657981,0.058475785,0.00064222753,0.00016919427,0.4320983,0.0016239117,0.24450764
79,0.0061732926,0.0133309895,0.005500099,0.7996877,0.03939035,0.0032152596,0.04712961,6.1265537e-06
80,0.003380247,0.01123611,6.441642e-06,0.15890782,0.05889135,0.45457914,0.0003921779,3.2776081e-06
81,0.006167938,0.17662977,0.12169909,0.00034732613,0.61452603,1.0845727e-05,0.00012931702,0.00024865035
82,0.53034973,0.00042821877,0.02812687,0.00073117827,7.8916655e-06,0.33389214,0.00043923524,0.041206807
83,0.00049752876,7.505086e-05,0.20079413,0.021928241,0.00029297656,0.322211,0.25306034,0.00016327931
84,0.0033925744,0.18526019,0.090527825,0.0012711898,0.5917612,4.0698207e-05,0.00021858874,0.048060313
85,0.28857866,0.030119037,0.530827,0.004234971,0.0006545509,0.003691822,0.0012879842,5.9797367e-06
86,0.06096404,0.52423316,0.00089444057,0.0043848827,8.7168344e-05,0.2754938,0.012094055,8.782415e-06
87,0.04888326,0.010822597,0.0003630111,0.18252549,8.137202e-05,0.66325444,0.0036527696,6.753446e-05
88,0.005560228,0.13093188,0.06218479,0.00048264582,0.18263926,0.0008695126,0.011789129,0.051073473
89,0.03890461,0.7506292,4.1296695e-05,0.11679672,0.021418422,0.0018405833,0.0001042298,1.3752831e-05
90,0.0038727098,0.06588598,0.12469234,0.3696266,0.098048665,7.191356e-05,0.0037805866,0.26341376
91,0.05803636,0.030671911,0.27319354,0.33544898,1.8022703e-05,0.00032612713,0.0009118146,0.11897958
92,0.0061933803,0.094443396,0.27338693,0.24916741,0.24734162,1.645112e-05,0.0016379276,0.0016717154
93,0.605588,0.0071153664,0.020743636,0.14554459,9.2545924e-05,0.0004620327,0.10468223,2.213978e-05
94,0.5606417,0.080976166,0.0012666512,0.07260379,0.0098847365,0.0025133737,0.16363378,3.9198163e-05
95,0.037651997,0.29256907,0.112626016,0.0018431392,0.10770689,0.0023544189,0.17940484,0.019571578
96,0.0047856355,0.09526452,0.073380046,0.0012056833,0.1330719,0.5511214,0.029823817,0.00021938334
97,0.031786155,0.2155805,0.0019845588,0.0005041603,0.06789681,0.5696918,0.0009769504,0.0012915771
98,0.0014846696,0.09826679,0.08164953,0.0015935545,0.26158005,0.28912044,0.097819366,0.089125335
99,0.0038263595,2.4505678e-05,0.0028373618,0.36020556,3.660011e-05,0.26133847,0.28535685,5.3477697e-06
100,0.009638542,0.10864723,0.15536334,0.0011588424,0.46637964,0.0002727975,0.00046353188,0.17406532
101,0.00043084682,0.013912907,0.1357974,0.3937639,0.0035064388,7.944772e-05,0.0043327073,0.36894372
102,0.001883159,4.9749797e-06,0.23569442,0.6813474,1.842549e-05,4.7938145e-05,0.0013851258,0.0036529882
103,0.0008006507,0.0041502765,0.20147258,0.14118408,0.0033706848,0.24498032,0.008294107,0.24499576
104,0.00378934,0.033131294,0.16984539,0.0022594577,0.102222584,0.46033895,0.0018287709,0.0003662633
105,0.051431607,0.06077118,0.013488721,0.48247463,3.1680802e-06,0.0031742065,0.096059196,0.13432685
106,0.106713824,0.033674277,0.6357641,0.004550798,0.003123952,6.572278e-07,0.00015769496,0.0006589032
107,0.53013134,0.005267375,0.122723155,0.13798898,0.00035821603,0.001866031,0.12036499,5.746872e-06
108,0.026257128,0.10536439,0.023962509,0.0011223173,0.13839939,0.35909748,0.07204167,0.017242368
109,0.046506554,0.045201186,0.16378988,0.57106066,0.0005344361,0.00017231266,0.003887024,1.1175868e-05
110,0.03751473,0.030291062,0.0076105106,0.28843063,0.00029413527,0.004118342,0.36371067,0.08477445
111,0.0014635352,0.06307812,0.09282096,0.0035846482,0.13034116,0.28250772,0.18281415,0.06429987
112,0.12669079,0.026070142,0.071178466,0.008745619,0.013966391,0.3070215,0.083499774,0.22951688
113,0.005071363,0.024723893,0.0072690994,0.0004911094,0.035378363,0.82970035,0.00010349587,0.0072250166
114,0.008969037,0.18369992,0.24621378,0.003089512,0.42289075,0.0034209143,0.0004627704,1.7064434e-05
115,0.0023172162,0.060967494,0.050234523,0.00023682523,0.3624678,0.31025457,0.0013497612,0.008221943
116,0.43699333,0.34494066,0.0012703112,0.08942979,0.005516973,0.00026011746,0.00080323976,2.3311071e-05
117,0.003722707,0.1206832,0.23790726,0.0009785856,0.2892435,0.015853828,0.0007955741,0.24059719
118,0.16289014,0.28743005,0.017448582,0.00049124466,0.008123115,0.32874912,0.0014711024,0.06645118
119,0.044820312,0.015311424,0.033975605,0.007382811,2.763729e-05,0.31946003,0.19396268,0.1951621
120,0.0028010341,0.046958417,0.005318511,0.14329985,0.17432027,0.5364049,0.00050682365,0.00018130116
121,0.0060377265,0.11494863,0.03531061,0.20608811,0.48640215,0.0004945946,0.06642083,7.46236e-06
122,0.002515331,0.061517872,0.057746705,0.000650288,0.13439383,0.47180176,0.024974808,0.12660187
123,0.020731848,0.11501009,0.0032102831,0.00485719,0.15777779,0.2750896,0.27511707,0.033946797
124,0.021568272,0.17909478,0.3909611,0.0048617376,0.28081685,1.8158227e-05,0.0018711777,2.6823427e-05
125,0.00433978,0.12511954,0.0012422611,0.00023452454,0.1836979,0.5859449,7.248095e-05,0.010469521
126,0.003579279,0.10462595,0.15544675,0.0008502018,0.32782793,1.1219405e-05,0.00019007277,0.33249703
127,0.048159394,0.70230484,0.0014550744,0.0016817468,0.018117663,0.026711836,0.057498824,3.418224e-05
128,0.00059210096,0.0008936215,0.18586126,0.022770535,0.0020495502,0.6667882,0.0018213745,4.6806617e-05
129,0.015227676,0.16898707,0.010115461,0.28749368,0.4623035,0.00073516415,0.00060949323,3.5452194e-06
130,0.13497052,0.06259706,0.008910926,0.03355612,2.9830573e-05,0.030362288,0.427644,0.08313916
131,0.51805973,0.06407488,0.0006349795,0.0010270699,0.009526098,0.33553442,0.007780669,1.5162452e-05
132,0.398055,0.0014985998,0.17117435,0.0028296015,1.5019738e-05,0.0011919184,0.01823557,0.30100727
133,0.0058873156,0.08921428,0.079718664,0.0011172657,0.3021253,0.30177063,0.04949689,0.072421916
134,0.001337967,0.03311731,0.14558011,0.0022846123,0.06954654,0.24387498,0.17756993,0.20001237
135,0.006967861,0.19713561,0.079071686,0.00011334517,0.6578609,7.5779576e-06,6.148278e-05,4.5014267e-06
136,0.6708051,0.0015342317,0.1703293,0.07101483,6.0573366e-05,1.2183794e-05,0.00024947102,3.0804636e-06
137,0.018092968,0.0001659454,0.0009344948,0.20500094,8.5450316e-05,0.19437082,0.48672003,3.550108e-05
138,0.005937874,0.1306948,0.0016349326,0.12305981,0.45670402,0.21500605,0.0016121619,2.8605298e-05
139,0.18279243,0.18469629,0.008096798,0.19786084,0.3472525,0.00040116106,0.00070789794,1.6884533e-05
140,0.05920497,0.08135667,0.49742502,0.051182587,0.06224485,9.520533e-06,0.0015964025,2.890591e-06
141,0.013357645,0.0019584163,0.0026165042,0.5619361,7.9406476e-05,0.0005531646,0.3276938,0.00010055312
142,0.0014259149,0.042360954,0.00054609054,0.0006132531,0.070643894,0.79214096,4.660585e-05,6.005728e-05
143,0.14014149,0.18427421,0.2807355,0.001602668,0.2823093,0.00027252315,0.00022330946,2.677412e-05
144,0.0018505,0.094220296,0.008992689,0.0012514284,0.26998472,0.44224408,0.08682831,1.7655455e-05
145,0.021553895,0.20302069,0.104460046,0.00021824258,0.43177179,4.8773323e-05,6.600779e-05,0.17807284
146,4.94232e-05,1.8346733e-05,0.48216635,0.029994069,1.0519601e-05,0.015756033,0.00894629,0.23203942
147,0.00066159706,0.013182475,0.0023997338,0.11111428,0.08076924,0.51298857,0.18436088,8.227746e-06
148,3.117598e-05,1.8252907e-05,0.18250294,0.22294687,1.4795998e-05,0.19888215,0.06308027,0.1156488
149,0.0022979928,0.15386102,0.14540587,0.00014754495,0.39468953,1.2897868e-05,0.00019590797,0.23040572
150,0.28822613,0.014350437,0.00012879365,0.334977,3.9318205e-05,0.28120777,0.0050343717,0.00010609005
151,0.0018247827,0.02843441,0.0029357476,0.23650904,0.08512861,0.00011172002,0.5618375,1.1561005e-05
152,0.58331877,0.013667402,0.0018370746,0.010624201,0.00052533695,0.057317253,0.23948583,2.8366154e-05
153,0.0119198905,0.13770626,0.0034466155,0.19075802,0.17497665,0.0006206825,0.38324782,2.524628e-05
154,0.027784351,0.23201792,0.2014362,0.001353821,0.21379976,0.08866128,0.0007017609,0.034414794
155,0.02311189,0.013870217,0.078589976,0.40550178,2.1391807e-05,0.00020767927,0.019921813,0.3096253
156,0.25036103,0.18599893,0.0002730667,0.0003146203,0.00054784195,0.4702678,0.00011213352,0.00084672373
157,0.39282742,0.002617938,0.15348318,0.19548097,1.5866714e-06,9.867983e-06,0.00031403315,0.123941876
158,0.0004954078,0.0029008263,0.26990876,0.0011108582,0.0011155494,0.4875738,0.0012965985,0.10739726
159,0.02493407,0.018482232,0.057566468,0.2832942,1.5721808e-06,0.14609464,0.059659272,0.22703883
160,8.1328355e-05,5.046374e-05,0.21311824,0.20496094,3.9657853e-06,0.0001744716,0.21763761,0.19042082
161,0.005586536,0.011623146,0.060647696,0.00051103515,0.0062242663,0.81196463,0.0008020709,3.7780028e-05
162,0.13156043,0.40184742,0.00074572576,0.008852756,0.3296607,0.00012808498,0.000114350085,5.6523286e-06
163,0.10428576,0.00546393,0.014205895,0.33289874,0.00021446965,0.0014272006,0.37994266,0.045323763
164,0.032724824,0.16915976,0.032285668,0.00031071473,0.011092522,0.57322204,0.00040764298,0.08298579
165,0.0034965763,0.100290924,0.25516132,0.00065198843,0.25177842,0.0510438,0.0010720125,0.20817937
166,0.025629675,0.08645836,0.12717828,0.20265897,0.011447667,0.00011566201,0.0003560786,0.40117845
167,0.49675792,0.13416561,0.08702087,0.0005236375,0.025295658,0.00051987526,0.0043437625,0.16536719
168,0.007659573,0.0019504935,0.02688518,0.0017565738,0.0005644144,0.76175433,0.005378086,0.052848145
169,0.122271776,0.121192485,0.0020300392,0.43271512,0.27230835,0.00031252482,0.00053434994,3.559123e-05
170,0.26405853,0.5450683,0.09144979,0.0014520286,0.00026104253,5.6593624e-05,0.00010995321,1.6928274e-05
171,0.5595076,0.121435866,0.063506596,0.00019433921,0.010719975,0.0001668646,0.00014152372,0.14606524
172,0.5789208,0.00015366168,0.07248904,0.13253428,8.9785196e-08,0.0019759957,0.00090961065,0.14586638
173,0.1294565,0.10888768,0.018100932,0.50816375,2.0371164e-05,0.00074198656,0.08665854,3.664903e-05
174,0.03561659,0.0005226904,0.0014452883,0.011042736,0.00010134761,0.84278667,0.010284051,2.2428007e-05
175,0.014913637,0.0071171066,0.053831797,0.103601165,0.00021357271,0.00046287823,0.5163349,0.07157523
176,0.47135714,0.011053621,0.2147259,0.02553081,0.00017196446,3.116485e-05,0.00040905713,0.17670065
177,0.0048088282,0.21093525,0.10191622,0.0061552855,0.3470022,0.0004581011,0.20378187,2.1135906e-05
178,0.15743816,0.59963053,0.00025561865,0.0013235352,0.19485955,1.7787734e-05,1.240717e-05,4.8361842e-05
179,0.00170192,0.004620707,0.31046015,0.49510267,0.018873911,0.029963046,0.009712426,6.375574e-06
180,0.017528448,0.016468834,0.00060827046,0.00035246956,0.0069980114,0.83644634,9.828575e-05,0.016651182
181,0.0041698935,0.09271979,0.15927555,0.00088468246,0.28780967,0.30949616,0.0019798572,0.00013801357
182,0.04311618,0.04397351,0.0016199321,0.41787153,1.4580669e-05,0.2511571,0.12478082,3.5605906e-05
183,0.018686345,0.011148468,0.036512252,0.08229982,3.9126615e-05,0.45745367,0.06125465,0.1701433
184,0.056216136,0.0008366194,0.17168203,0.0242001,7.032448e-05,0.42164585,0.0018870953,0.19597398
185,0.00073469256,0.006927898,0.0046224855,0.050890177,0.005195469,0.7989357,0.00022966511,0.0051470483
186,0.4148175,0.11887258,0.0046995166,0.053436752,0.042669773,0.003560634,0.029626753,0.00015243418
187,0.35301644,0.08234546,0.0357891,0.0006479358,0.00094911363,0.3465253,0.0003853939,0.08857324
188,0.0044504255,0.024031067,0.18978408,0.13615307,0.024659289,0.00019181133,0.34531283,0.06079443
189,0.0027933912,0.07736936,0.009700368,0.001060745,0.36746752,0.38778716,0.04657486,2.5861971e-05
190,0.05803382,0.029916737,0.23323667,0.49941206,0.010610642,2.1938104e-05,0.0028825465,0.00969698
191,0.016143193,0.20420119,0.2360184,0.00027298555,0.11166332,6.9074e-05,0.00055691384,0.22736825
192,0.0025706613,0.033423238,0.0005264081,0.76044893,0.13153504,0.007914182,0.0021150906,6.931993e-06
193,0.03685538,0.36343268,0.094041295,0.29614097,0.09962531,0.00030215376,0.0013525062,1.2106316e-05
194,0.46762875,0.008507252,0.0740974,0.09512545,0.00017566561,2.9733454e-05,0.00025106364,0.28916663
195,0.021092473,0.09057143,0.0027324613,0.108611494,0.00112561,0.6098161,0.0006751343,0.08089124
196,0.002226647,0.04087618,0.0016884863,0.007389653,0.29349133,0.1516874,0.18302087,1.2984906e-05
197,0.012669441,0.06057779,0.035416674,0.0016540408,0.13193323,0.6185078,0.005588372,0.024651004
198,0.31374934,0.00013122299,0.18686119,0.28124976,1.878546e-06,1.1527321e-06,0.0010289593,0.10099578
199,0.18339646,0.086279124,0.00060380436,0.2778382,0.03129148,0.0014579075,0.31808984,1.8657789e-05
200,0.020358289,1.4682882e-05,0.51374686,0.2645278,2.8491919e-05,1.3088827e-06,0.0024602811,2.6977689e-06
201,0.059043106,6.276387e-05,0.26945123,0.34357446,1.9225913e-06,0.0001286082,0.08923172,0.09533605
202,0.0014227058,0.058819268,0.2816878,0.10300803,0.24316083,0.16393693,0.002173922,2.490501e-06
203,0.00028673367,0.12458596,0.15468359,0.24492735,0.25012636,0.0007803142,0.048529875,0.07072318
204,0.038530666,0.00013900707,0.18321824,0.038294245,0.00011684977,0.0006599541,0.48034516,0.014634217
205,0.05300231,0.13275716,0.17966533,0.0005284606,0.37753755,2.7005643e-05,0.000147894,0.18981719
206,0.17828135,0.23180796,0.37140578,0.00077399844,0.0031781867,2.2635317e-05,3.41063e-05,0.0012172735
207,0.23805845,0.12054217,0.012820764,0.0011634692,0.06289061,0.46969438,0.0039622034,4.7576963e-05
208,0.002888185,0.116891414,0.09067118,0.00017488019,0.25331387,0.23679258,0.0018939594,0.08581735
209,0.00023774915,0.0025360025,0.034000468,0.00550172,0.0036197477,0.6878763,0.06537883,0.044429895
210,0.050866388,0.3236817,0.0012834265,0.02717482,0.53842694,3.9386898e-05,7.282774e-05,0.007140764
211,0.10733745,0.5109381,0.114965245,0.02742817,0.00042739898,6.634234e-05,0.00011588202,0.07610159
212,0.0031653845,0.124970876,0.1330291,0.01048068,0.4831892,0.0003013028,0.010977404,0.17061391
213,0.26346856,0.48810792,0.001043385,0.082673945,0.012845779,0.0009010531,0.001415764,3.2396994e-05
214,0.035769045,0.14274651,0.00032655866,0.016262192,2.170467e-05,0.6810592,0.00032628333,0.021444004
215,0.0025536679,0.15458675,0.16720049,0.14908123,0.4411733,4.9455033e-05,0.0011136726,0.0012676454
216,0.53631526,8.809938e-05,0.050845474,0.20889121,1.8455653e-06,0.0002204646,0.034463298,0.07786383
217,0.00059405,1.527382e-05,0.31642967,0.26810786,4.355125e-05,0.16414389,0.03208299,0.025349252
218,0.08149857,0.176926,0.05499862,0.00021758162,0.14965032,0.00013515388,0.00022948235,0.032461427
219,0.028730402,0.16076593,0.25014475,0.00023699139,0.017364666,0.05256285,0.00074092514,0.31291386
220,0.06339695,0.037432007,0.11471938,0.0004990894,0.00042275115,0.16376366,0.0016200221,0.4241553
221,0.00303963,5.1899187e-05,0.040576976,0.28010464,0.00011471307,0.5275564,0.008836376,8.451622e-06
222,0.2113216,0.19545496,0.11681883,0.0010718551,0.095818415,4.5157263e-05,0.00032304713,0.29960465
223,0.005535509,0.06931298,0.11446397,0.46698302,0.15560664,0.016634656,0.0027417096,4.730241e-05
224,0.003310801,0.1550994,0.007856604,0.18590523,0.4716988,0.008038485,0.081941746,8.939201e-06
225,0.03828804,0.23825692,0.007555213,0.12068507,0.54169375,0.0002728052,0.0002726889,3.418413e-06
226,0.10464617,0.006539132,0.00963999,0.016545078,0.00064529583,0.0016484904,0.71818423,0.0016787578
227,0.008364996,0.012243751,0.06272757,0.006163506,0.025204455,0.48451626,0.24545832,2.0962483e-05
228,0.35409763,0.30300534,0.0061952528,0.184881,0.018006826,0.001669316,0.046399496,7.521954e-05
229,0.017046576,0.010139441,0.027049089,0.000982329,0.00017787567,0.7119398,0.002899136,0.10448348
230,0.2526541,0.10067678,0.0023126942,0.5044307,1.8010533e-05,0.008620598,0.025227547,0.00010822979
231,0.15728267,0.11041505,0.27220586,0.0009615468,0.0019747117,0.2858479,0.0015069292,8.47939e-05
232,0.0015948389,0.031354576,0.009387731,0.09227591,0.11766533,0.097313136,0.4454808,2.2860706e-05
233,0.2434916,0.033633765,0.006918411,0.36752325,0.01919834,0.16796471,0.06050078,1.9925272e-05
234,0.001398669,0.013835,0.0039650397,0.73572063,0.033385023,0.0018094124,0.06469279,7.924898e-06
235,0.021716705,0.0002971033,0.048224766,0.2671641,6.1395105e-05,0.52009946,0.0017691946,0.011475009
236,0.06774145,0.3517983,0.04151753,0.4057409,0.00013554303,0.00012498023,0.0020297153,1.5284264e-05
237,0.0025832246,0.10012513,0.03552983,0.00049874786,0.52297825,0.2569374,0.0016660154,3.0886913e-06
238,0.21551114,0.016021898,0.0029802846,0.002412852,0.00042073627,0.5303382,0.12730397,0.00021322629
239,0.0008862982,2.7744769e-05,0.32736775,0.13895774,5.6429257e-05,0.000173251,0.26498333,0.0052924855
240,0.0003373954,0.092546225,0.07322842,0.4917274,0.15792121,4.9428916e-05,0.002529406,0.058008548
241,0.0017243156,0.002694831,0.19024207,0.15970631,0.0065538776,0.52526957,0.0034806537,3.7022146e-06
242,0.06954821,0.48029602,0.034918506,0.2805593,4.6795403e-06,0.00014311787,0.00064780575,0.00886571
243,0.0037249795,0.097366065,0.12178734,0.26520088,0.43412113,8.000387e-05,0.0034172146,4.4854714e-06
244,0.27783778,0.08536986,0.28033584,0.14519283,0.11043188,1.8118955e-05,0.00061383983,0.007944911
245,0.00016190617,0.00027006623,0.16533284,0.010225348,6.754971e-05,0.0006667159,0.4352612,0.19627164
246,0.0010323925,2.7211818e-05,0.7075044,0.056510467,0.00015288762,0.00046403808,0.01685179,3.556429e-05
247,0.01612818,0.007419029,0.05242863,0.0021446915,0.00024554261,0.63020134,0.030074542,0.124033436
248,0.0037927811,0.04668248,0.002629788,0.0007154981,0.102015406,0.75535053,0.00028091634,1.1565174e-05
249,0.003441564,0.06103667,0.00017549362,0.35932246,0.12556177,0.36619294,0.0011299638,2.5447855e-06
250,0.033781093,0.1236591,0.0014007371,0.00013973397,0.081590936,0.6927832,8.318523e-05,1.8989698e-05
251,0.00016886754,0.0034136516,0.14889792,0.0017600917,0.002715449,0.6316742,0.0006322548,0.062692426
252,0.0007676637,6.1164785e-05,0.07842294,0.02582994,5.9780137e-05,0.23567376,0.43996838,0.025765667
253,0.00117947,0.021146143,0.126785,0.12021967,0.19963074,0.03425321,0.006413204,8.184036e-07
254,0.0075531546,0.22765881,0.16105153,0.00085830106,0.50136095,2.6531403e-05,0.00017583313,7.2487314e-06
255,6.306289e-05,0.07016004,0.13869908,0.060271718,0.052935388,0.00028590413,0.36578295,0.090317525
256,0.0010731658,0.08917307,0.1860632,0.2077471,0.1594986,7.710452e-06,0.0013980961,0.27433187
257,0.071714565,0.17447701,0.0037191068,0.4608202,5.087973e-06,0.19068034,0.0037629171,0.007008195
258,0.0070494134,0.027834214,0.00063453126,0.09766405,0.020269021,0.7425683,0.0011783957,2.067567e-05
259,0.02791892,0.1796028,0.055294573,0.3274942,0.08026894,0.0006509537,0.0035862264,0.06445128
260,0.00910865,0.13421352,0.12533659,0.0014615912,0.5855014,0.057638098,0.0011447,2.280905e-05
261,0.041980773,0.011333013,0.23910546,0.002093278,0.0016968345,0.52504134,0.0030070369,7.7184384e-05
262,0.3313596,0.003857321,0.16513169,0.43168113,0.00012634933,5.4500477e-05,0.0018167268,7.704186e-06
263,0.47746214,0.053591426,0.06891221,0.00072357105,0.020180123,0.118695654,0.005730874,0.17865564
264,0.053339943,0.029960066,0.13328874,0.0008291151,0.01928567,0.6351652,0.0006048821,0.0005138275
265,0.085852034,0.03442651,0.15818979,0.008443634,2.4244255e-05,0.30711973,0.0017149647,0.14396442
266,0.006848292,0.22038731,0.1208184,0.06089718,0.42968127,7.5702774e-05,0.044380657,4.10154e-05
267,0.035710912,0.17536098,0.1708608,0.00034685715,0.3369678,0.03291305,0.0010729224,0.14214636
268,0.042700164,0.07530061,0.23245177,0.48159084,0.005471784,0.042191643,0.002850655,2.7617716e-05
269,0.40289626,0.33513317,0.008520562,6.379605e-05,0.039246242,2.2367356e-05,8.068367e-05,0.10898796
270,0.020649858,0.009704794,0.057240933,0.28167313,0.013542305,0.45478874,0.0065209456,2.8755525e-05
271,0.005290064,0.15061644,0.0036951953,0.011912236,0.30249575,0.45008573,0.0015162303,1.815963e-05
272,0.49280524,0.14219244,0.22136918,0.00031532874,0.034831416,4.685269e-06,1.9928264e-05,5.761858e-06
273,4.4610017e-05,0.03415157,0.08149215,0.30323413,0.022343313,0.2117598,0.11254514,0.077655666
274,0.029159063,0.36828256,0.0021133504,0.00049755693,0.5090933,1.5170628e-05,3.052429e-05,0.01991328
275,0.53541714,0.0112577425,0.14355473,0.16434708,0.00028132056,6.2336294e-06,0.00020691579,0.025931122
276,0.0005972154,0.0007682372,0.13095364,0.0030479091,0.00016569132,0.39115307,0.05023785,0.17939095
277,0.13516654,0.07517593,0.00086876325,0.7079524,4.043606e-05,0.00026006147,0.0011084147,2.2135198e-05
278,0.08027791,0.41876632,0.104701735,0.002258117,0.06679128,0.004569294,0.105734326,2.5517538e-05
279,0.0002962238,1.0913733e-05,0.16780679,0.65637016,8.266053e-05,0.017609462,0.017351288,0.000941612
280,0.2954966,0.20056856,0.013804165,0.38874242,3.8540693e-05,0.00013054347,0.00050028646,0.0068666195
281,0.007313626,0.029031884,0.15358105,0.0012834937,0.05723578,0.5670369,0.0015770757,8.928352e-05
282,0.00040140768,0.07714111,0.068099916,0.0002688432,0.2310986,0.20463862,0.006234034,0.018205648
283,0.090441994,0.058286764,0.1338848,0.22532043,0.0044604023,8.6752574e-05,0.00074530515,0.39087316
284,0.36928713,0.0005450226,0.00014879584,0.3258527,6.8156583e-06,0.22966613,0.004854879,7.236516e-06
285,0.0020037454,0.018832618,0.07657727,0.03892448,0.22589917,0.06552968,0.004026957,8.10414e-07
286,0.007323747,0.070535876,0.3840501,0.00395539,0.15262833,0.04744776,0.0037693875,0.09267166
287,0.085564405,0.0029948624,6.964518e-06,0.0007149297,0.00031710262,0.8201773,1.8107929e-05,7.92593e-06
288,0.019940367,0.29222134,0.002359929,0.39071882,0.12910761,0.053985402,0.0013192664,1.0321493e-05
289,0.001015532,0.056249622,0.01899469,0.0002978721,0.18497153,0.6410601,0.00023180388,2.529176e-05
290,0.0029967045,0.17524336,0.15701158,0.0002740312,0.52945876,0.00029776696,0.00020527498,2.8410548e-06
291,0.00051422464,0.0017871673,0.05306993,0.0034212947,0.0006560643,0.40222788,0.29302788,0.11249512
292,0.20326018,0.109144576,0.10476046,0.00022722325,3.128008e-05,2.2377148e-05,0.0001449708,0.36745787
293,0.41542777,0.0026687,0.2860379,0.034970876,0.0002276598,1.692685e-05,0.004809065,2.2723093e-06
294,0.023191484,0.4118913,0.048007246,0.0013665045,0.31352141,0.0025960065,0.07135433,0.00012438558
295,0.03427765,0.12567604,0.25875807,0.00033049498,0.008292924,0.00047614437,0.00046911085,0.40455794
296,0.32953286,0.00013857264,0.20566769,0.36179432,3.2220346e-06,4.3934115e-06,0.0002673822,0.01765075
297,0.014625202,0.21462217,0.0006654593,0.1002274,0.5311505,0.0002251428,0.0002180095,1.3350965e-06
298,0.002216983,0.05290411,0.008584912,0.031122372,0.13189973,0.21167502,0.42685163,4.0032326e-05
299,0.5114803,0.0013126696,0.009347851,0.33021408,3.4804503e-05,0.000725492,0.070324086,2.0684634e-05
300,0.033047106,0.0024715706,0.1030068,0.0007008493,0.00026153112,0.7359705,0.00031165872,0.0002605288
301,0.16782445,0.0008833138,0.18598942,0.012759082,1.7319177e-05,0.010796645,0.28915268,0.15644628
302,0.041275606,0.13750136,0.07027602,0.0017949272,0.5334606,0.14447705,0.0040610554,3.6012963e-05
303,0.015529329,0.21289255,0.0067681875,0.544034,0.021307822,0.0012961234,0.07418889,3.3037024e-05
304,0.005343288,0.041370943,0.0019933041,0.00020784255,0.124397345,0.4849427,0.00018745608,0.0041451706
305,0.021581275,0.028920531,0.03634831,0.0004217225,0.015076641,0.7101719,0.00020494738,0.086294234
306,0.00014228382,0.009145218,0.03866256,0.005348583,0.010420171,0.4615986,0.29674265,0.04448047
307,0.0011960025,0.04593559,0.122038275,0.35404298,0.06275864,0.00015360615,0.0014728904,0.3434085
308,0.0013699328,0.03589595,0.14310046,0.0050217295,0.07475159,0.23303479,0.29445338,0.034923047
309,0.010211755,0.0065254983,0.00030185306,0.094236284,0.007118402,0.7904246,0.0039180247,2.057985e-05
310,0.09970068,0.024173368,0.008182328,0.014120681,0.018801052,0.00067179184,0.669163,3.4690263e-05
311,0.00963122,0.0023741466,0.046674624,0.0040856902,0.00023190558,0.4955862,0.2489409,0.029961841
312,0.55000925,0.007812907,0.11508607,0.0495967,3.2403452e-06,1.6301183e-05,8.597973e-05,0.15597928
313,0.0031551062,0.023470748,8.218236e-05,0.45831066,0.035119906,0.38162687,0.000339112,0.007006238
314,0.014976969,0.15024492,0.3002312,0.013969681,0.021057429,1.1076257e-05,0.0001782216,0.36183584
315,0.0049954844,0.124634355,0.01882126,0.19585022,0.5243416,0.0008461071,0.027177876,2.919562e-06
316,0.30531317,0.11992255,0.13835233,0.35860255,0.0005952807,4.423559e-05,0.00033103692,2.6156335e-05
317,0.00491576,0.00017628077,0.17620532,0.0015640848,0.00015738943,0.7019561,0.0015732802,0.00023538033
318,0.0008902966,0.001104015,0.0066495207,0.039398704,0.0010959088,0.0370571,0.71031624,0.012772098
319,0.024206277,0.22165498,0.010887466,0.0009486933,0.6456993,0.0054150485,0.02331942,2.816713e-05
320,0.37150267,0.0040891645,0.42211464,0.011003179,2.935822e-05,0.0001310273,0.013400115,0.0027006464
321,0.056403495,0.40152797,0.19434439,0.0009786346,0.14618914,6.204786e-06,0.00027620676,8.94572e-06
322,0.40168405,0.03746061,0.00011624657,0.25908294,0.0044203214,0.22503005,0.0022661278,2.2650574e-05
323,0.06875957,0.00035640303,0.0027194032,0.037245758,0.00019296982,0.71105886,0.08871749,1.11554755e-05
324,0.0016590531,0.028638966,0.019090518,0.096359074,0.18705806,0.2050515,0.22080232,7.978893e-06
325,0.582163,0.13573834,0.0017127881,0.12822722,0.009013593,0.001278633,0.06060934,2.1462201e-05
326,2.8025459e-05,0.00020915671,0.19125575,0.51743686,4.7927046e-05,0.0008254118,0.1452215,0.051127627
327,0.31466845,0.28209272,0.030435143,4.5738474e-05,0.0032090286,1.5564094e-05,0.00011748887,0.2314249
328,0.00476731,0.055819668,0.14658141,0.08685985,0.1724798,0.22734745,0.06781115,0.124033414
329,0.4074559,0.10002393,0.0016344326,0.003081617,2.1210977e-05,0.36174262,0.019102613,3.7979775e-05
330,0.025541695,0.09581403,0.5354193,0.0047548995,0.21231584,1.0948436e-05,0.0003018039,6.561858e-06
331,0.2936026,0.05901248,0.20770904,0.3104077,0.040639576,9.092154e-06,0.00024088427,1.6445563e-05
332,0.010576759,0.1406354,0.001269128,0.14960347,0.16638269,0.19448747,0.22232474,5.443103e-05
333,0.0074779755,0.16839954,0.0905457,0.0022796618,0.4971138,0.00011376331,0.00030446172,0.047049597
334,0.009252329,0.009283853,0.0006209456,0.37714025,0.009274944,0.00036897341,0.5078055,1.7836965e-05
335,0.31563848,0.011632421,0.12186686,0.0005139197,0.0019026282,0.3678897,0.00045936913,0.10120008
336,8.185433e-06,4.7317553e-06,0.1578171,0.48175016,1.5488196e-06,0.008437921,0.015207642,0.20830835
337,0.005208335,0.07743319,0.31676447,0.16209112,0.31252608,1.3298795e-06,0.0005529289,2.6707357e-06
338,0.005255982,0.18130477,0.06493456,0.00093150727,0.13598156,0.30606285,0.02100574,0.1556335
339,0.55850446,0.00017724933,0.046690803,0.13908286,1.8734021e-05,0.020351673,0.13593191,7.5412404e-06
340,0.08332913,0.29336798,0.003309475,0.12803727,0.43384358,0.00054880395,0.00037971142,9.303003e-06
341,0.00064612133,0.054511912,0.116094254,0.23521596,0.053857476,0.00010071879,0.118947335,0.3261197
342,0.00096358237,0.13915107,0.32957032,0.0015217153,0.22682449,2.931218e-06,0.00046546012,0.17933777
343,8.224686e-06,1.5785947e-05,0.30251127,0.09251855,2.3906462e-06,0.007110681,0.13243833,0.24886419
344,0.00071066176,0.1401576,0.17031859,0.1440602,0.2675721,0.00023944548,0.040241856,0.11673509
345,0.016541068,0.00036508817,0.1263067,0.08709611,1.5652622e-05,0.0004196943,0.3578245,0.23536918
346,0.0062592207,0.20740788,0.0009743477,0.0003570282,0.09409363,0.6073356,0.00022243586,1.7807492e-05
347,0.0027178756,0.050682507,0.1328176,0.24633242,0.12528771,0.0002452497,0.104696,0.2513511
348,0.0017669403,0.024734817,0.23042476,0.1988015,0.15157256,0.17835717,0.008769367,1.7140037e-06
349,0.06193396,0.07256484,0.02515682,0.016691396,0.042322632,0.0008418157,0.59052193,1.9446708e-05
350,0.0022539487,0.035347797,0.115567006,0.0012859588,0.08962147,0.4792294,0.04416029,0.10036479
351,0.076552,0.41005504,0.00021577187,0.0029514632,1.5214665e-05,0.37973383,0.01847685,2.3252098e-05
352,0.0055029104,0.018210977,0.13401638,0.14472114,0.013301239,0.000103395156,0.41708305,1.0270011e-05
353,0.0013376006,2.9238108e-05,0.410043,0.01940107,2.2207865e-05,0.00074976834,0.31428468,0.05546194
354,0.064762056,0.00071928033,0.07945653,0.0036038458,0.00031221894,0.6575101,0.07001644,0.00041742597
355,0.005982347,0.27907884,0.13465537,0.0010816565,0.45257303,0.00040672347,0.018717475,1.702075e-05
356,0.025647104,0.07090672,0.26581043,0.0008964675,0.14430897,0.33347854,0.00092172826,4.7808944e-06
357,0.029336153,0.09314854,0.0017167811,0.007945306,0.3470406,0.0063249823,0.20853263,8.6113605e-06
358,0.012046128,0.021920038,0.0017487332,0.39609873,0.0012985049,0.0010048326,0.4050275,0.044792347
359,0.32788387,0.2697588,0.028924445,0.27100208,0.0002168887,0.00011113441,0.00035980786,2.2203703e-05
360,0.265516,0.10127661,0.0005871592,0.1737544,6.053017e-06,0.33280888,0.027764468,9.8841396e-05
361,0.014238461,0.112477794,0.1408173,0.0015429003,0.21952254,0.31699643,0.009256667,3.5468322e-06
362,0.00048565536,0.006632786,0.11055123,0.782583,0.0071588336,2.8575716e-05,0.0016502329,0.0012690597
363,0.12084064,0.49325606,0.061947618,0.00020373231,0.15237342,2.2624326e-05,0.0001368012,2.0385529e-05
364,0.0053339177,0.07437174,0.14316775,0.026447996,0.22805288,0.278154,0.0012973796,0.18276505
365,0.0023142109,0.100537255,0.16252258,0.0015431453,0.19019523,0.00017984859,0.126648,0.31750312
366,0.08604807,0.019582486,0.10448949,0.6510467,0.017615542,0.0002528843,0.015387603,1.5838765e-05
367,0.23019122,0.23290299,0.14765182,0.00075277063,0.021280594,0.20312443,0.0017304235,7.2922245e-05
368,0.015073303,0.18424965,0.28285894,0.0009890071,0.057806015,0.000525834,0.0035315047,0.28559166
369,0.010991266,0.18879198,0.00872147,0.0025866784,0.334377,0.059572373,0.2772962,0.00010130863
370,6.421372e-05,0.019714862,0.056265805,0.33517408,0.01234873,0.12639719,0.22234586,0.071293354
371,0.43288803,0.021077508,0.10674203,0.0004337881,0.0018675529,0.067721695,0.0007694437,0.2875394
372,0.0011105482,0.00142405,0.003196348,0.28772673,0.0037648608,0.37624818,0.22644688,5.2518576e-06
373,0.54948103,0.13686612,0.0010909216,0.0059723365,0.11979623,0.002254992,0.12414523,1.7636532e-05
374,0.00802566,0.21702598,0.14567578,0.0015329949,0.31675565,5.965637e-05,0.00024403677,0.21272682
375,0.09390604,0.00016058594,0.0032508227,0.22378473,4.370465e-05,0.002190944,0.5387963,0.013190096
376,0.015404704,0.035063446,0.0015453614,0.0005304179,0.23590206,0.2848254,0.0066567836,1.2543269e-06
377,0.003948721,0.17039435,0.048518397,0.12986824,0.5879471,3.861123e-05,0.00043357813,2.767284e-05
378,0.022650003,0.0934397,0.0013087039,0.003949162,0.04688671,0.6390415,0.090071276,4.2414616e-05
379,0.004660831,0.037723877,0.43485638,0.016390607,0.08612978,0.0006175784,0.18161184,0.00028861244
380,0.02906301,0.39711925,0.000864821,0.03729875,0.12148839,0.33551323,0.0026081407,4.0761588e-05
381,0.0014584678,0.1944271,0.23474845,0.00027486935,0.25448614,2.40859e-06,0.00034060463,0.19583167
382,0.00011263912,0.007512015,0.4962328,0.13513155,0.00246587,2.5188177e-05,0.034496795,0.13680609
383,0.045347374,0.7346102,0.0001924452,0.00046391133,0.089091465,0.04584118,0.0009209685,3.4138422e-05
384,0.0015883929,0.042568848,0.03511291,0.0007088197,0.21555735,0.6042963,0.00033270562,1.6976437e-05
385,0.008816715,0.011697708,0.0020489614,0.009308668,0.026450302,0.81871027,0.016358268,1.7869821e-05
386,0.28306398,0.41803524,0.00036305145,0.0005001087,0.06942392,0.14819086,0.0005134588,1.6814945e-05
387,0.25417653,0.13843505,0.20698433,0.0004597049,0.015845783,0.26721177,0.0011372068,1.5839654e-05
388,0.0029477046,0.112370856,0.0022481373,0.20657586,0.16952546,0.42121804,0.001082353,1.3616489e-05
389,2.7104823e-05,0.00051867595,0.20504552,0.00441648,0.00021766913,0.35695136,0.07952543,0.14732502
390,0.015930109,0.0010710296,0.0024874297,0.02868374,0.00012149828,0.6358408,0.22599985,2.8670083e-05
391,0.013861984,0.0016011267,0.088871986,0.10548942,7.933258e-06,0.3950348,0.0030805839,0.24304312
392,0.05274437,0.515804,0.058771364,0.0010157991,0.033531092,0.15473415,0.001018951,0.0006525821
393,0.007398233,0.1783518,0.006826463,0.10341854,0.46188673,0.0007433489,0.1822953,1.5195485e-05
394,0.01502529,0.12988749,0.0599874,0.13609649,0.21180123,0.0021383024,0.08496414,0.18933167
395,0.072531715,0.014205191,0.0001163483,0.0005151513,0.006888094,0.8055162,4.75817e-05,0.0036983078
396,0.41557378,0.117974445,0.1834909,0.037760064,0.050944727,8.1592225e-05,0.00013925503,0.123231195
397,0.15127866,0.00082484906,0.09621021,0.0019719463,1.0481361e-05,0.33642536,0.002613861,0.28447568
398,0.42201477,0.0015234901,0.04647236,0.29642215,2.4913859e-06,0.00024872195,0.012969865,0.15840451
399,0.00061498233,0.020489424,0.00080755685,0.00024825853,0.19492565,0.44503683,0.00013103017,6.2241204e-05
400,0.001183025,0.09857224,0.16550526,0.0003716316,0.19285032,0.3046957,0.00051069964,0.15001358
401,0.00026586934,6.39859e-06,0.33709815,0.23545043,3.394432e-05,0.068974786,0.16303481,2.825806e-05
402,2.940464e-05,1.5806e-05,0.42912126,0.2698596,2.7539588e-06,8.103529e-06,0.0023059282,0.13980721
403,0.059127778,0.3783123,0.0013522081,0.39905658,0.09559692,5.323011e-05,8.659349e-05,4.7020585e-05
404,0.048782628,0.015043309,0.15907301,0.0008393395,0.023318378,0.63275534,0.00055868353,6.701465e-06
405,0.42937422,0.29268482,0.15012676,0.0002611776,0.008489308,2.9475796e-05,0.0002546189,1.1221174e-05
406,0.017904311,0.04090571,0.06572567,0.01073338,0.020960778,0.023046343,0.5742751,3.4569035e-05
407,0.0025871575,0.07646509,0.09194947,0.03336032,0.1115099,0.00011437804,0.40509486,0.07328364
408,0.161366,0.06458357,0.001106645,0.0009370248,0.20317288,0.15346298,0.009988276,2.1017902e-06
409,0.0036402033,0.060885143,0.005010261,0.059132818,0.21855009,0.5358814,0.0005644138,0.019951712
410,0.20996678,0.04832558,0.0057036164,0.26283163,0.015951725,0.0012315655,0.3505932,1.6055732e-05
411,0.85148644,0.0034959123,0.015304315,0.004923593,2.9642613e-06,0.001618501,0.015098502,2.3634297e-05
412,0.003871088,0.0885245,0.28221744,0.03122816,0.13269329,5.9486552e-05,0.14817575,0.12995704
413,0.0006714087,0.0118292775,0.0009820195,0.75120014,0.08034395,0.0003607588,0.00082312996,0.0006801669
414,0.003601094,0.07544058,0.09882405,0.010058041,0.1167873,0.0026345449,0.5261801,2.7470564e-05
415,0.038708292,0.40654555,0.00043642006,0.0007951193,0.0036199563,0.46247056,0.0035280697,0.0007937339
416,0.034263983,0.124905266,0.13164404,0.0010402837,0.2769733,0.103903264,0.0065237586,0.23651914
417,5.9166414e-05,0.065031655,0.06503524,0.07164717,0.080860995,0.038607843,0.3829048,0.067271344
418,0.44271207,0.073997825,0.009065539,0.28983268,0.12577964,0.00029282548,0.0045421235,1.3407799e-05
419,0.22659959,0.12211709,0.013866428,0.007245279,0.025067167,0.0011276528,0.4505427,6.0289836e-05
420,0.037400905,0.20374092,0.27498215,0.064852856,0.3527553,3.1611213e-05,0.00020934317,1.2542763e-05
421,0.42202076,0.082562864,0.0007695666,0.00042680482,1.0294195e-05,0.40074444,0.00033406733,4.0141604e-05
422,0.0030790637,0.04358783,0.23051806,0.28888074,0.14660381,0.020022219,0.14534898,1.8977791e-05
423,0.071204,0.14256771,0.1980779,0.0010062681,0.38590086,9.092486e-05,0.00075348566,0.11016142
424,0.002906571,0.013218449,5.7979683e-05,0.05072747,0.011564198,0.81864536,0.00012072502,1.9688901e-05
425,0.007325684,0.00047266274,0.11363538,0.0016757286,0.00022920257,0.7129367,0.02510512,5.1042225e-05
426,0.06156479,0.35697332,0.004087241,0.00093557,0.30293673,0.17647089,0.00076841685,1.6495958e-05
427,0.034534544,0.085235104,0.12911831,0.17395183,0.14055714,0.00011110075,0.0008572061,0.36996752
428,0.0012325242,0.18032442,0.073503755,0.17219754,0.3854312,0.0010730344,0.010138883,0.029666288
429,0.09686491,0.23434366,0.08630212,0.0026895585,0.056927536,0.013612331,0.08894181,0.23735242
430,0.0047876607,0.067840725,0.0027097221,0.010064373,0.116324775,0.68671715,0.0002512597,0.0024532469
431,0.0063401377,0.0010840102,0.29263082,0.025235606,0.0008967497,0.012176704,0.39471307,8.039154e-06
432,0.028275115,0.0642044,0.10371323,0.09529651,0.06645781,0.55116427,0.0010052361,1.9871168e-05
433,0.09038018,0.0017200138,0.07145942,0.012562129,0.0006502759,0.22056979,0.3707319,2.7470569e-05
434,0.0011781291,0.087398976,0.17563367,0.00066358276,0.19931059,0.3449389,0.0011051154,0.07910212
435,0.68572205,0.04437395,0.08210195,0.005395822,0.004165539,0.00015362416,0.048722576,6.957199e-06
436,0.0797687,0.068667635,0.101763904,0.27584806,0.07784495,0.011435344,0.0027424095,0.30136985
437,0.3932581,0.093106285,0.0070868027,0.00032129846,0.016508749,0.3858089,0.00032150652,0.029133368
438,0.001790287,8.069912e-06,0.21861155,0.67264265,2.927453e-05,0.00015468706,0.008080838,4.098844e-06
439,0.017026803,0.0006708929,0.016683467,0.0015877653,4.3019467e-05,0.7835425,0.0039100675,0.039646074
440,0.024916623,0.18534766,0.14418408,0.00012264265,0.33257937,0.00012345171,0.00012501504,0.21006164
441,0.12377481,9.473803e-05,0.24255653,0.28448024,6.6388066e-07,1.4385642e-05,0.0021862048,0.23586412
442,0.15704714,0.2520611,0.11137188,0.008657562,0.063303135,0.002104773,0.034929786,0.15203214
443,0.25912875,0.1886424,0.2648226,0.0004324596,0.18767981,1.1148607e-05,0.00012845115,0.0242191
444,0.004608669,0.07114502,0.2317589,0.049024563,0.1428782,1.2974081e-05,0.0010503813,0.008749279
445,0.21001768,0.055119026,0.00011756568,0.65347266,0.023992518,4.3389486e-05,0.00013920358,1.850192e-05
446,0.44391912,0.00015741905,0.0032186317,0.032432847,1.0912384e-05,0.4158884,0.017124642,0.0120050935
447,0.038114253,0.21013904,0.21685578,0.032571692,0.23561211,2.7177772e-05,0.0021104966,3.9213774e-05
448,0.0006914848,0.05243206,0.13804346,0.00030697673,0.2869637,0.38542965,0.0007598308,7.5254143e-06
449,0.23161435,0.005587963,0.031616516,0.0028725723,3.3047352e-05,0.39527333,0.029279098,0.18273969
450,0.0004571157,7.2437026e-05,0.30222195,0.22741657,0.00026222543,0.20515902,0.06406582,5.086873e-06
451,0.0049173986,0.08878614,0.0009668445,0.19069067,0.19779089,0.00088294904,0.43591526,1.0356966e-05
452,0.07942429,0.11401875,0.21021153,0.42983198,7.0307337e-06,2.704227e-05,0.00067257596,0.021636799
453,0.22051936,0.2343083,0.0018346825,0.13713942,7.6564356e-05,0.21098511,0.06892922,3.142787e-05
454,0.005375659,0.012190931,0.0038908855,0.0036957727,0.033554252,0.63666314,0.20366673,3.13368e-05
455,0.015416883,0.07638767,0.005559789,0.004751097,0.08728538,0.7270882,0.00024453818,2.3178e-05
456,0.06410384,0.46729475,0.001051633,0.2758155,2.513427e-05,0.00228474,0.02596694,0.023218099
457,0.0029078352,0.03153975,0.088402085,0.005863986,0.07209917,0.20881516,0.3553991,0.0005121458
458,0.028919691,0.13840835,0.13595697,0.0012204405,0.4624652,0.038679752,0.0009804404,6.3423627e-06
459,0.14934498,0.1808632,0.18450388,0.32449585,0.05844996,2.10313e-05,0.00012385094,1.0717015e-05
460,0.009007757,0.1980459,0.35391796,0.0008092721,0.33991736,1.4295461e-05,0.00016972765,1.8595076e-05
461,0.00034953203,0.012271161,0.1862352,0.36108413,0.06628905,0.19636552,0.011283663,0.0013788304
462,0.099141166,0.4368404,0.00013056345,0.18844692,0.0051563513,0.19574271,0.0026110213,2.9892888e-05
463,0.0037412692,0.10132603,0.13289751,0.094466925,0.44484517,0.00044839975,0.0012331977,0.17162107
464,0.23881972,0.00054548436,0.10166564,0.010122568,0.00019846034,0.18824877,0.23230413,0.00073221594
465,0.004391312,0.026329635,0.3693821,0.4388586,0.039884545,1.3325855e-05,0.0031908369,0.0018790158
466,0.0033820819,0.10536377,0.017972255,0.00566062,0.55911237,0.0054858713,0.065179184,4.4510525e-06
467,0.0010403356,0.00015606204,0.0102509055,0.06762042,4.7777517e-05,0.052688636,0.6720084,0.041919004
468,0.00967938,0.109463654,0.083737165,0.00057161856,0.509924,0.0015423549,0.03092582,3.8128187e-06
469,0.009650161,0.0010984766,0.11605234,0.0018031844,0.00018342848,0.53059256,0.013099143,0.18963443
470,0.61361575,0.026251433,0.00090033043,0.28219002,1.597599e-06,0.000607646,0.0042370777,0.0032291985
471,0.0010771068,0.01600315,0.008875746,0.059801765,0.02352998,0.02711468,0.6788224,0.0079118
472,0.010221794,0.011251919,0.002942668,0.0037182667,0.0001916194,0.79916793,0.054751858,4.9554874e-05
473,0.0014609159,0.09049507,0.1743633,0.0004029821,0.24103776,0.29109395,0.0012619507,0.09443896
474,0.02095255,0.084327586,0.109133445,0.2393452,0.014456756,0.00085903093,0.024819009,0.33287543
475,0.0066273776,0.043059465,2.7310864e-05,0.00082438975,0.3456161,0.33958277,0.000113130576,6.633529e-06
476,0.018669963,0.03713906,0.005755797,0.00035759987,0.008517651,0.75139076,0.00019326867,0.08294479
477,0.0028499519,0.13853402,0.044567324,0.121611655,0.35429037,0.0002840805,0.2361977,0.0031976008
478,0.07832976,0.36537847,0.04928575,0.001138229,0.02137071,0.0035831442,0.08714634,0.13915682
479,0.0006518919,0.007886858,0.12764266,0.0008598723,0.020276198,0.7283853,0.0004702622,2.9359006e-05
480,0.003350943,0.18540195,0.0025778746,0.26195258,0.48557705,0.0008974413,0.008884007,4.0536543e-06
481,0.036803562,0.12785906,0.030697355,0.2511826,0.08888216,0.30725586,0.0018552367,0.03979917
482,8.639266e-05,0.10682527,0.04500295,0.21498619,0.09137369,0.0001289283,0.3009138,0.12331903
483,6.9264424e-05,0.037149094,0.120776705,0.4800404,0.02462094,0.0005092567,0.13212147,0.08016325
484,0.08436252,0.25439745,0.1519812,0.22907652,0.0069092615,0.03862964,0.0018079891,2.359713e-05
485,0.013343516,0.075574994,0.158349,0.10680081,0.23322272,0.20704892,0.0022796565,2.2367892e-06
486,0.08694908,0.015122393,0.000348284,0.00037364464,0.004404013,0.80292296,8.1529375e-05,0.00061148684
487,0.003908102,0.11794272,0.022123944,0.0011390608,0.46858972,0.274885,0.031812552,2.2319704e-05
488,0.04897795,0.16744211,1.6133168e-05,0.00059082033,0.016662257,0.6779145,0.00014553382,5.893306e-05
489,0.12803784,0.10948129,0.21848108,0.13230418,0.22811252,7.839574e-06,0.002603564,2.2579738e-06
490,0.00019951166,0.0029134876,0.114875145,0.2994445,0.0029115817,0.4104943,0.0025212537,0.01703138
491,0.01212835,0.16843645,0.0066520264,0.60364705,0.064951435,0.016736733,0.01991861,5.4103268e-05
492,0.1837593,0.05447254,0.037807576,0.007064355,0.01351266,0.075815536,0.32134685,0.13719626
493,0.35744873,0.15398838,0.15210216,0.007615594,0.23866478,0.00037926508,0.00052856305,0.02977502
494,0.00074405584,0.08820486,0.04715046,0.004392268,0.2039232,0.11816879,0.3249422,0.08880263
495,0.19428068,0.00051986735,0.045786496,0.15877084,1.0680653e-05,0.2478797,0.0057877884,0.2591126
496,0.062579505,0.005625188,0.032619614,0.49381095,2.883315e-06,3.3857974e-05,0.0010933385,0.32158542
497,0.0014344011,0.15578337,0.18990919,0.0003773516,0.3682114,0.04992677,0.0012157782,0.07358811
498,0.3185877,0.0031784538,0.14283006,0.040324885,0.00060516165,0.29356474,0.0039557344,2.8938077e-05
499,0.012639414,0.0064712362,0.33847585,0.4823168,0.008781118,3.9031667e-05,0.0013844906,3.8358485e-06
