,rod bipolar cell,T cell,retinal ganglion cell,monocyte,astrocyte,retinal rod cell,natural killer cell,pericyte,endothelial cell of vascular tree,retinal cone cell,fibroblast,retina horizontal cell,retinal pigment epithelial cell,amacrine cell,OFF-bipolar cell,microglial cell,Mueller cell
0,0.19081799562776286,0.0,0.0,0.1586763135581623,0.0,0.0,0.0,0.06436247935065564,0.1650840119037175,0.09796598377104689,0.0,0.0,0.0,0.05740194978385176,0.0674533954337986,0.19823787057100442,0.0
1,0.0807364636269175,0.22708352789835318,0.0,0.08684652791266464,0.0,0.10356916989589286,0.03240872057130794,0.35115551513164145,0.0,0.0,0.028541743509345647,0.04503230349693084,0.0,0.0,0.0,0.04462602795694587,0.0
2,0.0,0.0,0.15470473340170574,0.19007357022117055,0.18227509856025276,0.0,0.0,0.06471171125524695,0.0,0.0,0.0,0.0,0.09061590373982145,0.03736269879522942,0.0,0.25631995360204507,0.023936330424527988
3,0.19660655377268313,0.0,0.0,0.028569209274803727,0.0,0.015457323123372816,0.0,0.01705402768809916,0.0579882903171293,0.0,0.07629729624337196,0.0,0.007181614360696699,0.04686334113523448,0.23204225171055598,0.15361006132006993,0.16833003105398278
4,0.0,0.0,0.11823603589040238,0.03288834180851813,0.0,0.23306443294427293,0.03007029640371054,0.017245317445389544,0.0,0.017347427150755296,0.25668016724421255,0.0,0.008583925008397941,0.06381676577311633,0.0,0.12935877063853646,0.0927085196926878
5,0.0,0.2944413839063704,0.0,0.0,0.0079018981276555,0.018844212337806258,0.03114400796643453,0.09711423801539396,0.04307024744604486,0.0,0.0,0.0,0.0032812308922935637,0.09433278296944166,0.0,0.06987490196775344,0.3399950963708059
6,0.0,0.10603371028422605,0.0,0.1372628258450625,0.0,0.0,0.2480033016781391,0.3786160558885755,0.0,0.0,0.031195374021823805,0.0,0.0,0.0,0.0,0.09888873228217313,0.0
7,0.0,0.07350535657934922,0.24037970611541232,0.15571936313106818,0.0,0.06587477649648264,0.22181909639927952,0.0,0.0,0.013010098432472438,0.0,0.0,0.06789473162931657,0.0,0.0,0.16179687121661912,0.0
8,0.0,0.0,0.0,0.14500718761225787,0.0,0.19750071195086902,0.030159510333853133,0.0005815634158550337,0.21954155393243077,0.09256469202274435,0.0,0.03852926660494004,0.04301343317597357,0.09227214557357917,0.0,0.14082993537749694,0.0
9,0.02940721023097883,0.2650325750003533,0.07068792489484117,0.004527397572701986,0.08483052041004811,0.0,0.05816506578619949,8.023169652492447e-05,0.0,0.1910935532887146,0.03629296611250822,0.0,0.022402935063147503,0.00820497430219725,0.0,0.0,0.2292746456417846
10,0.1344488791965544,0.0,0.0,0.0,0.0,0.006597735117757884,0.0,0.008270843439006496,0.5102645223778667,0.0,0.0,0.0,0.08664867549477552,0.0,0.0,0.0,0.253769344374039
11,0.0,0.10342618139384169,0.0,0.0,0.0,0.0,0.19640434869106796,0.0,0.13570715022008825,0.37171553814130315,0.19274678155369898,0.0,0.0,0.0,0.0,0.0,0.0
12,0.0,0.06755645947867371,0.0,0.025521274785134492,0.0,0.1901206507906465,0.21159449786198115,0.0,0.0,0.0,0.0,0.4098857245286621,0.09532139255490205,0.0,0.0,0.0,0.0
13,0.0,0.04161561794204336,0.0,0.0,0.0,0.0,0.2193222316530976,0.3794005711943578,0.0,0.0,0.0,0.22359665688935443,0.019330051248774786,0.013458140754052168,0.023943721643479868,0.07933300867483994,0.0
14,0.0,0.0,0.0,0.0,0.020354942725474865,0.2596171345701644,0.0,0.0,0.0,0.7116565683508638,0.0,0.0,0.0,0.0,0.008371354353496938,0.0,0.0
15,0.0,0.03159654309984918,0.35156322499763504,0.19715364202045482,0.0,0.0,0.010051763857732904,0.028231008795941898,0.0,0.0,0.1507382150805993,0.0,0.0,0.0694796875362906,0.0,0.160794490155965,0.00039142445553124535
16,0.053443027055423885,0.1070932950916408,0.13429549904987528,0.0,0.0,0.007938215900108741,0.0,0.0,0.06482951269346598,0.35240123457937306,0.0,0.0,0.0,0.07511179135878461,0.0,0.2048874242713279,0.0
17,0.0,0.0,0.0,0.0,0.5701386961332272,0.04843621271592034,0.0,0.0,0.005454774731744271,0.0,0.0320260581637947,0.0,0.0,0.19242583660292314,0.1515184216523903,0.0,0.0
18,0.2825689677383224,0.08633372537068,0.0,0.009636156897247112,0.06116227514603623,0.07117730645696954,0.0,0.157842432712614,0.1394629094674236,0.18046112024888966,0.0,0.0,0.0,0.0,0.011355105961817507,0.0,0.0
19,0.04758301466540484,0.20434727846121464,0.265860962836243,0.0,0.1653710511304694,0.0,0.0,0.026033841476140844,0.0,0.0,0.0,0.0,0.0,0.017403587390479664,0.0,0.2734002640400475,0.0
20,0.0,0.46532003246930215,0.0,0.06630532101284671,0.0,0.0,0.08850108945178806,0.0,0.0,0.20405429939965417,0.0,0.0,0.0,0.0,0.0,0.0,0.17581925766640893
21,0.0,0.09895070299970454,0.0,0.03264434051911486,0.05718356563125392,0.31626879279286446,0.0,0.0,7.212828498560875e-05,0.02121719132532676,0.0,0.0,0.15678242033553266,0.18968595595942495,0.09608338746423667,0.0,0.031111514687555637
22,0.2054792827008307,0.0,0.06972821408076037,0.0,0.0,0.020994834448715152,0.0,0.0,0.2699003106747521,0.0,0.0,0.0,0.14112909840395182,0.03696660683728681,0.014743586893925086,0.0,0.24105806595977783
23,0.0,0.12070226993811822,0.0,0.0,0.0,0.0005572180032756864,0.33341791041531554,0.44482033721729325,0.05998456015379958,0.0,0.04051770427219764,0.0,0.0,0.0,0.0,0.0,0.0
24,0.0,0.0,0.0,0.17760491496481157,0.1950855584146757,0.004755362247422173,0.0,0.08683069583608055,0.0,0.0,0.0,0.02041983798740383,0.0,0.046536561428828276,0.24708108115275676,0.22168598796802108,0.0
25,0.0,0.0,0.0,0.0,0.0,0.008398395515143903,0.0,0.0,0.01154415663850498,0.0,0.32407268208415063,0.0,0.0,0.0910073346970667,0.5649774310651337,0.0,0.0
26,0.0,0.05201825974832301,0.0,0.0,0.0,0.00288124572607687,0.2621152337710099,0.0,0.0,0.0,0.0,0.15413502146291377,0.0,0.4175051588032895,0.0,0.11134508048838694,0.0
27,0.0,0.023787669945840216,0.3246849710216094,0.13632090806857416,0.0,0.0,0.11357827145520641,0.0,0.0,0.0,0.0,0.09873121803230948,0.10363048161993571,0.05313876469736695,0.0,0.14612771515915782,0.0
28,0.0,0.035290764814084476,0.21846257559131485,0.05976847867621949,0.0,0.16735236150339713,0.026000626091269456,0.35523989649818777,0.0,0.0,0.0244063744072125,0.06461899003172523,0.0,0.006721339506024964,0.0,0.042138592880564,0.0
29,0.0,0.36225209722118407,0.0,0.037501906205019295,0.0,0.0033284869116535594,0.06735085534733917,0.13916791278771257,0.17831053385735196,0.0,0.0,0.0,0.0010760926071726547,0.0,0.0,0.0,0.2110121150625668
30,0.0,0.0,0.29767012773036844,0.0073937251967594,0.0,0.11631926874408939,0.0,0.0,0.0,0.0,0.02638140728484171,0.0,0.5321376155154338,0.00662717388524697,0.0,0.0,0.01347068164326015
31,0.4043075640044821,0.13053342731590023,0.0,0.033888374651982,0.03839293186659506,0.0,0.0,0.0,0.15535070524131295,0.0,0.0,0.0,0.04983212374926463,0.0,0.021490035442921298,0.16620483772754194,0.0
32,0.0,0.06495445475848441,0.0,0.042861144568714385,0.09286485730057197,0.0,0.0,0.0,0.0,0.05710083801179889,0.19750850298223777,0.0,0.5204777664911726,0.0,0.0,0.0,0.02423243588701986
33,0.0,0.04864959669537227,0.0,0.014253642425681981,0.15861641942162644,0.07369211886519852,0.2693069440907713,0.01513070127173185,0.07913180971608212,0.062457426242457974,0.0,0.0,0.0,0.0,0.0,0.04158640999032036,0.23717493128075712
34,0.0,0.0,0.1990943255832529,0.2719888982527713,0.30878361317013586,0.0,0.0,0.0,0.0,0.0,0.0,0.0,0.0,0.02567014056707135,0.0,0.16897556640320238,0.02548745602356613
35,0.0,0.0,0.0,0.0,0.0,0.0025091485171150193,0.0,0.06486550178714927,0.0,0.07450790342879914,0.03783891390109177,0.06529362588630658,0.043875951250417274,0.02156796215576593,0.5060612203272724,0.0,0.1834797727460825
36,0.0,0.0,0.0,0.25987433627819,0.04776735518365828,0.0,0.0,0.0,0.03212560284378845,0.0,0.10440934027542406,0.0,0.38703415474658087,0.0,0.0,0.16878921067235833,0.0
37,0.12185698209012788,0.27189654602096996,0.0,0.027581659580664476,0.16539831821407514,0.0,0.00445990206186462,0.03806459869871863,0.1110962070038068,0.0,0.0,0.0,0.12607054339155743,0.02977117364904024,0.06571787759873433,0.0,0.03808619169044054
38,0.0,0.10520042515655507,0.022809274326116295,0.013400848135694107,0.0,0.19034010001764598,0.0,0.025852851893244457,0.2298254304642305,0.009026330887508706,0.0,0.0,0.0,0.06119710432309827,0.0,0.18508277905060938,0.15726485574529722
39,0.12967128177169376,0.01781900108866646,0.0,0.0,0.014280907180892876,0.46015359271076606,0.0,0.0,0.0,0.04001586149428194,0.0,0.03973709430360052,0.033868683161338474,0.0,0.024062179616829722,0.22435159501706348,0.016039803654866677
40,0.0,0.0,0.0,0.0,0.0,0.5646800549237301,0.0,0.0,0.3589091294333623,0.06774322042006635,0.0,0.0,0.0086675952228413,0.0,0.0,0.0,0.0
41,0.0,0.3300717800956497,0.0,0.017152597595994867,0.037052417159726694,0.022995769284079346,0.09268083182255661,0.18604677287731317,0.0,0.0,0.0,0.0021894696041169456,0.0,0.003978597257864533,0.0,0.0,0.30783176430269815
42,0.0,0.0,0.14034151709047044,0.0,0.02693924748464852,0.11906966674423243,0.0,0.0,0.0,0.42754046135360324,0.009711935438062487,0.0,0.22319954706059286,0.0035834591630548003,0.0,0.049614165665335344,0.0
43,0.4056180306423658,0.0,0.06474268248624607,0.008185519091958202,0.03566800652190442,0.04789462401949392,0.0,0.0,0.0,0.0,0.0,0.34782891483903533,0.013035018000120755,0.07702720439887555,0.0,0.0,0.0
44,0.0,0.1852620157395272,0.0,0.19665675731417898,0.0,0.0,0.11824363679458967,0.0,0.0,0.3510674207817997,0.02536985962947075,0.0,0.0,0.0,0.0,0.12340030974043374,0.0
45,0.0,0.0,0.1285371081198686,0.0,0.1589230877375652,0.21794177502297316,0.08433063480464453,0.11040604952760633,0.0,0.20630228706677262,0.0,0.0,0.0,0.09355905772056963,0.0,0.0,0.0
46,0.0,0.0,0.0,0.0,0.0,0.3256921549479372,0.0,0.003193445893586063,0.29896054502233804,0.022115639267128746,0.0,0.0,0.0843158256802084,0.0,0.05326228001691743,0.0,0.2124601091718841
47,0.0,0.017755084720710083,0.0,0.3579607929617218,0.0,0.0,0.17093879734014414,0.0,0.0,0.0,0.08361488492966376,0.0,0.09035188181563064,0.0,0.0,0.27937855823212954,0.0
48,0.0,0.048674652974239105,0.09962645202136995,0.0,0.0,0.024922518830728626,0.24323202086870674,0.14091460480019383,0.23455723722634025,0.14827290208043303,0.0,0.0,0.0,0.05979961119798848,0.0,0.0,0.0
49,0.0,0.0,0.0,0.34319755477899055,0.06443869558466665,0.0,0.0,0.0,0.025210388589405743,0.0,0.08874533764792071,0.0,0.3069496973105254,0.0,0.0,0.17145832608849104,0.0
50,0.0,0.04480080204339334,0.0,0.0,0.0,0.0,0.28405165136040106,0.0,0.07044797243770137,0.1946839230685464,0.0,0.0383740994949621,0.13441210405359647,0.21501510744667682,0.018214340094722385,0.0,0.0
51,0.0,0.18017647072963183,0.0,0.0,0.39885256182485274,0.046793815669256084,0.018107464639827518,0.0,0.0,0.0,0.0,0.0,0.0,0.0,0.0,0.0,0.35606968713643194
52,0.0,0.12280732158492573,0.0,0.14469971010921037,0.0,0.0,0.09075408124542894,0.4088799496846277,0.0,0.027442233612711593,0.08168234445992602,0.0,0.0,0.0,0.0,0.12373435930316956,0.0
53,0.0,0.1328738371928831,0.0,0.0,0.0,0.0,0.0628064324572658,0.0,0.15390007617631934,0.0,0.0,0.0,0.03280943075833334,0.3944032419679554,0.018842142473099458,0.0,0.20436483897414356
54,0.26437924790288353,0.36038931133714347,0.0,0.04088892124681069,0.0,0.18419532324216145,0.09850004577214605,0.0,0.0,0.006784883756966494,0.0,0.0,0.0,0.0,0.04486226674188814,0.0,0.0
55,0.0,0.0,0.0,0.0,0.2396579420482351,0.17061417257883096,0.0,0.0,0.15760446777148285,0.38218306310842004,0.0,0.0,0.04994035449303111,0.0,0.0,0.0,0.0
56,0.0,0.0,0.15895681886586854,0.0,0.0,0.0,0.2020288798930767,0.11199203708894613,0.24145385006396378,0.0,0.0,0.0,0.0,0.03960286958789214,0.0,0.0,0.24596554450025276
57,0.0,0.308640038210446,0.0,0.04274804046276104,0.018838391898612406,0.0,0.18808480617678247,0.030873125204525877,0.0,0.12666512275413114,0.0378061294958709,0.0,0.0,0.17411634387870184,0.003584253636644661,0.0,0.06864374828152378
58,0.28227977970951834,0.0,0.0,0.14996545649078863,0.10621096384653081,0.0,0.0,0.2324389276737419,0.03109460611500539,0.0,0.0,0.0,0.1562204559929526,0.001590807489487294,0.014218231648437926,0.0,0.025980771033537218
59,0.0,0.0,0.0,0.026058917774221053,0.0,0.3630171503421876,0.0,0.0,0.0,0.006046554614038255,0.0,0.0,0.0,0.0,0.0,0.6048773772695532,0.0
60,0.0,0.0,0.0,0.0,0.04181681842168607,0.039312803138186074,0.0,0.19931384445696937,0.1443087010647588,0.0,0.0,0.0,0.0,0.066968021758415,0.46433259483174016,0.0,0.04394721632824457
61,0.0992285923538851,0.0514544601794202,0.0,0.0,0.02626597490137426,0.2271731303107044,0.0,0.037514676276290015,0.0,0.02741077660216442,0.23782155067404998,0.0,0.18878819534247318,0.06628955298310736,0.0,0.0,0.038053090376531123
62,0.18890907813029278,0.037817426729633535,0.0,0.16786152688975586,0.0,0.0,0.11736771101904608,0.0,0.0,0.0,0.09646333445891299,0.0,0.0,0.21636684426456543,0.011373664544306213,0.163840413963487,0.0
63,0.3501021784856631,0.0,0.13514438067711773,0.0,0.0,0.0,0.0,0.004144500581543767,0.09903378478376086,0.0,0.32883142212827055,0.03325049600362682,0.018270479238398217,0.0,0.031222758101618984,0.0,0.0
64,0.0,0.5109861713864856,0.0,0.06622329202968565,0.0,0.25257514925371344,0.12276254548511589,0.020540696590294935,0.0,0.006515648666900246,0.020396496587804284,0.0,0.0,0.0,0.0,0.0,0.0
65,0.26382769770735387,0.0,0.0,0.2370725482113801,0.01027805638001319,0.0,0.0,0.0,0.0033168057495213295,0.0,0.32467399512631545,0.0,0.0,0.0,0.04142058060568805,0.11941031621972813,0.0
66,0.0,0.0,0.0,0.048840254200352956,0.017263792046780895,0.050998033390024476,0.0,0.0,0.04450991609974675,0.2463889030363434,0.18975594222756176,0.0,0.117987439528311,0.0,0.0,0.2646057121076788,0.019650007363199842
67,0.20258726761160642,0.0,0.0,0.018844538734484922,0.13215515020025786,0.02248733100390867,0.0,0.20605673978320166,0.021690442970654276,0.0,0.0,0.0,0.0,0.027175102129857336,5.2574102500049784e-05,0.19251768884877915,0.1764331646147497
68,0.0,0.08537523999712221,0.030729721709408332,0.06976926721218987,0.0,0.0,0.0,0.0,0.0,0.38925318187727576,0.12749432328203134,0.0,0.0,0.23766378167709531,0.0,0.051110163432650874,0.008604320812226366
69,0.34969029770201676,0.0,0.0,0.0,0.21816384045797918,0.011412765811459714,0.0,0.33900041781713175,0.0,0.0,0.0,0.0,0.0,0.0,0.0667337187518404,0.0,0.014998959459572189
70,0.0,0.17246478244842675,0.20086486559227137,0.0,0.0,0.0,0.1085047656711606,0.2068930229087241,0.0,0.19517842643171937,0.0,0.0,0.0,0.07073498690673814,0.0,0.0,0.04535915004095961
71,0.0,0.0,0.0,0.0,0.0,0.024430961648417595,0.0,0.0,0.2877049010223551,0.0,0.0,0.0,0.06133537405061482,0.07979511292661903,0.5467336503519935,0.0,0.0
72,0.0,0.009731576769833668,0.0,0.21761810578663743,0.0,0.0,0.08447164232626878,0.0,0.0,0.0,0.004242324485480245,0.0,0.016756190993933495,0.10188364495834343,0.26445301403357774,0.16473251625102672,0.13611098439489852
73,0.0,0.29211034276517817,0.00973263970959372,0.01417178298281522,0.05464097029436394,0.03239503989813999,0.024212251287356854,0.31296713913069385,0.0355020988527064,0.07592517925703354,0.0,0.0,0.05206076760181429,0.08568719526019605,0.0,0.0,0.010594592960108031
74,0.3570727227437873,0.0,0.0,0.0,0.0,0.0055945533477218794,0.0,0.0,0.0,0.0,0.40406536265265225,0.0,0.04293508076704128,0.0,0.055393351961146656,0.0,0.13493892852765066
75,0.0,0.0,0.0936994077261987,0.07703789491403011,0.0,0.0,0.03926240616320266,0.23693732143094293,0.0,0.0,0.0,0.0,0.14543789363184023,0.25080477094815123,0.14125917984568695,0.015561125339947152,0.0
76,0.055276984196152096,0.0,0.2928255177288584,0.0,0.0,0.0,0.0,0.5468997938730572,0.0,0.0,0.037228539732531506,0.0,0.06679392860607981,0.0,0.0,0.0,0.0009752358633209589
77,0.228584713373025,0.0,0.0,0.0,0.35572840103648135,0.01851040426682011,0.0,0.2089415832377072,0.0,0.0,0.0,0.17395603521641226,0.0,0.0,0.0,0.0,0.014278862869554003
78,0.0,0.11725147866866369,0.0,0.16862659825461349,0.0,0.0,0.3731968564238754,0.0,0.0,0.2398654845736423,0.00389866075053923,0.0,0.0,0.0,0.0,0.09716092132866587,0.0
79,0.0,0.0,0.0,0.0,0.0,0.0,0.0,0.0,0.043009875853017326,0.0,0.5744682500523103,0.28033999305632534,0.017847953873968612,0.0843339271643783,0.0,0.0,0.0
80,0.0,0.11883379680225298,0.0,0.0,0.0046691996001600785,0.21677144715162083,0.10838862850295879,0.0684903320373019,0.07471712265965211,0.01640016906073701,0.0,0.0,0.05666875815194616,0.0,0.0,0.0,0.3350605460333701
81,0.0,0.06219338129297007,0.045756901292955225,0.0,0.0,0.0,0.2685858194068301,0.030879061050715768,0.17194252180313618,0.08388341078862512,0.0,0.0,0.0,0.0,0.0,0.33675890436476763,0.0
82,0.0,0.0,0.0,0.0,0.46716606093659485,0.31187466066342817,0.0,0.0,0.0,0.06303996742278427,0.0,0.0,0.0,0.0,0.0,0.1409040992143959,0.017015211762796904
83,0.10213458472689614,0.0,0.0,0.17387826715051377,0.0,0.0,0.0,0.10716410768881302,0.06119784565810961,0.0,0.008424971277360126,0.0,0.0,0.1454981609572904,0.28418002423833494,0.11752203830268196,0.0
84,0.0,0.032191556137495365,0.15181713530185414,0.12229963115725383,0.0,0.0,0.07440590070890075,0.05335992601434137,0.0,0.0,0.0,0.0,0.048470551964930476,0.1875274448436638,0.0,0.3299278538715603,0.0
85,0.0,0.0,0.0,0.030750600060232856,0.0,0.44653519964526056,0.0,0.0,0.0,0.060497693665815304,0.46221650662869124,0.0,0.0,0.0,0.0,0.0,0.0
86,0.0,0.08453530825920764,0.0,0.06982275978409762,0.0,0.0,0.15389561270605434,0.029287404526792505,0.20874532238365165,0.0,0.0,0.0,0.35970524802181525,0.0009256411289330111,0.0,0.093082703189448,0.0
87,0.0,0.0,0.0,0.0,0.007425090756727825,0.05313036409589053,0.0,0.0,0.0,0.346762021693122,0.0,0.0,0.0,0.5926825234542596,0.0,0.0,0.0
88,0.2204232089248672,0.231675139652773,0.0,0.0028652663745649173,0.0,0.13095340956603385,0.025973931988123335,0.05772035220475344,0.06651516524311797,0.0491562556963907,0.06898829633385024,0.1192346479051453,0.0,0.02649432611038,0.0,0.0,0.0
89,0.0,0.0,0.09286574403148713,0.10749775819024358,0.2080925818788434,0.0,0.029871684239321093,0.0,0.0,0.11299743490660424,7.791038098493325e-05,0.0,0.2938935360139755,0.017837890984825727,0.0,0.07863908327412303,0.05822637609959142
90,0.0,0.011291182882789023,0.17785258735682327,0.0,0.0,0.22685900565300565,0.06760215771694389,0.0,0.2756533203092817,0.047325030857471105,0.016908825510523372,0.0,0.0,0.0,0.176507889713162,0.0,0.0
91,0.0,0.0,0.0,0.007044596647108132,0.0,0.04685935506985308,0.0,0.5593401646041405,0.08846989517785643,0.0,0.09171267469542442,0.0,0.0,0.0,0.0,0.20657331380561747,0.0
92,0.0,0.0,0.37556163260151654,0.0,0.0,0.07211887206615349,0.0,0.0,0.0005474363966282484,0.0,0.0,0.0,0.0,0.0,0.5517720589357016,0.0,0.0
93,0.0,0.0,0.021616004138851768,0.11252351373283416,0.13986962062802172,0.027612913278959327,0.0,0.6474079488921346,0.0,0.0,0.004611513147631589,0.0,0.0,0.0,0.0,0.0,0.04635848618156687
94,0.12172171612271362,0.03559905713779252,0.0,0.0,0.06916893180227901,0.0054374548270908355,0.03249805312827335,0.0,0.0,0.0,0.5117642034197706,0.0,0.0,0.0,0.06821364669109838,0.15559693687098172,0.0
95,0.0,0.0,0.4750984060158138,0.0,0.0,0.4932577867070375,0.0,0.0,0.0,0.03164380727714861,0.0,0.0,0.0,0.0,0.0,0.0,0.0
96,0.0,0.0,0.0,0.016939625553905525,0.0,0.2749755447913384,0.0,0.0,0.2025616104878363,0.029124229955027166,0.0,0.0901253490014638,0.01723209446144186,0.0019492506135713099,0.0,0.3670922951354157,0.0
97,0.06670378124552735,0.08817669022236975,0.0,0.0,0.0,0.0169341895516741,0.07415292185890787,0.26852789049696074,0.0,0.10170211571224903,0.017314690439273476,0.13434643340033414,0.0,0.11461834298304067,0.0,0.11752294408966271,0.0
98,0.0,0.0,0.0,0.0,0.0,0.3218386685485261,0.0,0.0,0.09506114952500572,0.01761421474880931,0.011827504577095395,0.0,0.264878247033745,0.026249516239011686,0.2625306993278068,0.0,0.0
99,0.0,0.0,0.4203096744271198,0.31353584619532693,0.0,0.0,0.0,0.0,0.0,0.0,0.010145239743839088,0.0,0.030168337016001304,0.007679889418249334,0.0,0.21816101319946346,0.0
100,0.4142738030427435,0.12397258513814735,0.0,0.013683983413719217,0.0,0.0,0.359274562261492,0.0,0.0,0.0,0.0,0.0,0.0,0.0,0.08879506614389776,0.0,0.0
101,0.0,0.3856434993544805,0.0,0.050439119520033174,0.0,0.0,0.3664604645426786,0.0,0.0,0.19745691658280778,0.0,0.0,0.0,0.0,0.0,0.0,0.0
102,0.0011388101543020768,0.17553532508944303,0.41046052731481303,0.0318325538207435,0.0,0.018263496549545132,0.008216285695740441,0.0,0.0,0.32579940722401723,0.0,0.0,0.0,0.00140154017833747,0.0,0.027352053973058336,0.0
103,0.033151549809521064,0.0,0.0,0.0,0.0,0.022008778382242578,0.0,0.02374556347130134,0.04611148055646661,0.0,0.21715900825305925,0.03134853795084999,0.09490868849011011,0.4968670282478535,0.03441054902383784,0.0,0.0002888158147578233
104,0.0,0.0,0.0,0.2596901153624318,0.03604853105313112,0.10052295233598944,0.0,0.0,0.0,0.0,0.0,0.0,0.01849495730971185,0.07448713613900025,0.11881808502392845,0.1423075200100131,0.249630702765794
105,0.0,0.0,0.019459392907316124,0.1388887856667871,0.0,0.1193455167344273,0.0,0.03367596459684404,0.17089128161200676,0.0,0.0,0.0,0.03604482003520632,0.021215088590670665,0.2781661840573472,0.13407109263010852,0.0482418731692858
106,0.2533729517592284,0.08266742357703073,0.0,0.09541048836942774,0.008014648688148947,0.0,0.27719967853894384,0.0,0.0,0.0,0.026020054572133466,0.0,0.19279274074684907,0.0,0.02323293420065426,0.041289079547583644,0.0
107,0.010792285725797966,0.0,0.0,0.0,0.0,0.08443402731755875,0.0,0.415762608875148,0.0,0.0,0.10042228865124393,0.28868582678514554,0.0,0.0,0.0,0.09990296264510591,0.0
108,0.016972918797941085,0.0,0.2573052265724223,0.00934471980812076,0.29566678415384434,0.02436598944406341,0.0,0.0,0.0,0.0,0.0,0.0,0.01139966289819159,0.10158314202584492,0.0,0.28336155629957155,0.0
109,0.0,0.197980179368327,0.21872684621811028,0.0,0.0,0.2294054341580698,0.04169335034795095,0.0,0.0,0.2668811394378042,0.0,0.0,0.0,0.04531305046973788,0.0,0.0,0.0
110,0.0,0.0,0.0,0.15494445359758757,0.029466595758270375,0.0,0.0,0.0,0.0,0.0,0.04335113706889421,0.0,0.5525097392420609,0.0,0.0,0.0,0.21972807433318703
111,0.0,0.02133966968515051,0.0553061028848194,0.02450659107598223,0.0,0.0,0.22741669191097105,0.236264670216267,0.0,0.0,0.057969787618009264,0.0,0.029305907733012435,0.28255851095639606,0.005305572525519414,0.060026495393872774,0.0
112,0.0,0.10008488501670557,0.2726258568893353,0.0,0.0,0.0,0.07806554478632517,0.31524160885808106,0.0,0.0,0.0,0.033186724661060554,0.0,0.001827531741497519,0.0,0.19896784804699472,0.0
113,0.0,0.0,0.0,0.013754894352931457,0.0,0.0,0.0,0.012203469350709211,0.12070194655285583,0.12196230578858379,0.0,0.0,0.0,0.02579312162044082,0.4068746271884962,0.29870963514598264,0.0
114,0.0,0.02478555443268601,0.0,0.0,0.0,0.3916161697708071,0.16619006263250208,0.06296009686445232,0.0027259113683733224,0.014521819109080401,0.1470531724653616,0.0,0.037882512773235254,0.0,0.15226470058350186,0.0,0.0
115,0.0,0.2153032394904758,0.0,0.00930321988175551,0.0972067581311796,0.07389510000157845,0.0680003854897989,0.13508995164095944,0.0,0.0,0.0,0.0,0.0,0.2776615464747689,0.0,0.07177065530234165,0.051769143587141686
116,0.0,0.0,0.27184159816190034,0.12406654037836727,0.0,0.06181608605479584,0.06148694193453659,0.03763828957885063,0.10558788472526891,0.06103020897176623,0.0,0.0,0.0,0.04491776132696279,0.0,0.12020827814532531,0.11140641072222625
117,0.0,0.0,0.14808068390627058,0.0438780132359673,0.0,0.035457904447382664,0.0,0.0,0.03734055788754186,0.0,0.0,0.0,0.0,0.0,0.32936466346099635,0.40587817706184126,0.0
118,0.0,0.0,0.0,0.0,0.0,0.6135005551566952,0.0,0.0,0.0,0.04744654431076812,0.0,0.33905290053253667,0.0,0.0,0.0,0.0,0.0
119,0.0,0.0,0.0,0.07950151337323672,0.0,0.0,0.0,0.03380280758160716,0.31540254317652083,0.0,0.0,0.17426727213381496,0.0,0.28070224958264856,0.0,0.11632361415217181,0.0
120,0.0,0.0,0.1256097357255455,0.2781080549777731,0.0,0.0,0.0,0.0,0.0,0.1093327429091459,0.030100501027582653,0.0,0.0516991579351654,0.0,0.0,0.22384658772043872,0.18130321970434884
121,0.0,0.0,0.4022732209335044,0.11172692879441462,0.0,0.024792804594566856,0.0,0.25029353842485685,0.0,0.06853555081918816,0.0963612548537086,0.0,0.018924551644588446,0.02296850242676489,0.0,0.0,0.004123647508407122
122,0.10433000466039984,0.0,0.0,0.0,0.0,0.10985505478841101,0.0,0.005133959492848797,0.0,0.16049502292276543,0.4145030552693297,0.15359701550436936,0.04071850945587798,0.0,0.0,0.0,0.01136737790599781
123,0.0,0.0,0.0,0.0,0.0,0.0006789172493852586,0.0,0.04465301052781245,0.2639466606913867,0.4007079337880578,0.1329139837073357,0.018696047174397643,0.13840344686162454,0.0,0.0,0.0,0.0
124,0.0,0.1572221367356569,0.0,0.02241112380615315,0.0,0.0,0.4662961965997499,0.0,0.0,0.00773583204057344,0.0,0.0,0.016545395301380703,0.2881711378609992,0.04161817765548658,0.0,0.0
125,0.13513600710241497,0.0,0.12680271317682937,0.0,0.02803578725063709,0.18727336466363173,0.0998180631535732,0.11767410582964535,0.0,0.0,0.058555064697036245,0.025185287621631306,0.0,0.0,0.0,0.06313369811799974,0.15838590838660097
126,0.309773994147044,0.0,0.01494987976893146,0.06580490757081874,0.0,0.0,0.0,0.012491141342219594,0.11657706009460075,0.0,0.06200076869453266,0.07587970160787334,0.04738541532572606,0.0,0.008654551638246884,0.2864825798100066,0.0
127,0.19910813500078284,0.10317679951032274,0.05196860854372033,0.0,0.0,0.05613179812717739,0.27545950316195456,0.0,0.0,0.0,0.0,0.08711173415688692,0.14219685157308726,0.0,0.08484656992606793,0.0,0.0
128,0.0,0.08485927770084344,0.0,0.04023887146211473,0.009973376044171554,0.011414684148200783,0.2407716184211098,0.011744900174042942,0.0,0.0,0.21014333207329494,0.1319132392479528,0.02557251705173041,0.045071849494657645,0.0,0.08839909160212686,0.09989724257975409
129,0.24669879692864627,0.15450970284928275,0.16616053789959492,0.0,0.0,0.0,0.004917495193934797,0.35956304335770634,0.0,0.0,0.006022280487068692,0.0,0.057230415253987706,0.0,0.0048977280297784085,0.0,0.0
130,0.0,0.0,0.0,0.02489559927772856,0.0,0.2304014579549095,0.0,0.0,0.07018568466908452,0.04676903262993997,0.0,0.25422475333995737,0.0,0.0,0.09138342728818179,0.28214004484019833,0.0
131,0.0,0.013148890208039778,0.0,0.0,0.29348347816738674,0.12683037007209966,0.0,0.0,0.012005063808912909,0.07828575255920073,0.0,0.11176761577816617,0.0,0.013936849322634661,0.0,0.32895787678750554,0.021584103296053897
132,0.0,0.0,0.22643664390369667,0.0,0.0,0.1750475439472265,0.0,0.0,0.0,0.28429026297450966,0.31422554917456713,0.0,0.0,0.0,0.0,0.0,0.0
133,0.1253395629616865,0.0,0.10892865949923623,0.20619858909225766,0.0,0.0,0.0,0.35157713295320386,0.0,0.0,0.04667072512097763,0.0,0.0,0.020648826808367448,0.0,0.14063650356427065,0.0
134,0.0,0.0,0.0,0.0005964242265257452,0.03523851210203839,0.030304878680959192,0.0,0.44144868848128016,0.0,0.1331146562251342,0.011454001625040282,0.1228145193446015,0.2250283193144206,0.0,0.0,0.0,0.0
135,0.0,0.0,0.0,0.0,0.5021215817878404,0.013187889369369038,0.0,0.15199991772274019,0.0050161952991212375,0.0,0.0,0.0,0.2600307105732548,0.0,0.0,0.0,0.06764370524767435
136,0.29396233957162937,0.0,0.0,0.0,0.0,0.6455197922020844,0.0,0.0,0.0,0.02875709984529572,0.0,0.0,0.0,0.0,0.031760768380990456,0.0,0.0
137,0.0,0.0,0.09383408516514628,0.14161451101669326,0.0971326043013953,0.002650814436275747,0.0,0.0,0.0,0.31250769263493283,0.06114351009565588,0.0,0.0,0.019854864487006737,0.18929430683319903,0.04683097951107633,0.0351366315186187
138,0.0,0.0,0.0,0.0,0.10974055023400979,0.0772600628751499,0.0,0.0,0.02676971565469366,0.0,0.03548449683026598,0.0,0.15042803712760933,0.0,0.0,0.0,0.6003171372782713
139,0.0,0.0,0.0,0.14844469374589495,0.0,0.10874571922495807,0.0,0.22893993310393346,0.0,0.0,0.276027412258569,0.052553153574479164,0.05257303456186385,0.0008074998357557747,0.0,0.09769068026991318,0.03421787342463229
140,0.2722977277692285,0.0,0.0077951423252339,0.04021338622825833,0.09659431387128864,0.0,0.0,0.08468024203729836,0.07978522333155182,0.0,0.07753138814164913,0.0,0.00915040696128879,0.0004325649574043472,0.027095202327123025,0.2836043574808074,0.020820044568867793
141,0.18448260030855146,0.0,0.19040257086147963,0.0,0.0716366954044537,0.17504898963737314,0.037260444833039995,0.0,0.20091251061829699,0.0,0.0,0.0,0.0,0.05024816469425727,0.0,0.0,0.09000802364254785
142,0.0,0.0,0.0,0.06315454765964805,0.035297765059851854,0.0448361402135332,0.0,0.01899431127535162,0.0,0.0,0.17291180461307926,0.0,0.0,0.01136638116365382,0.3011630244129938,0.3522760256018884,0.0
143,0.0,0.0,0.0,0.0,0.22709477022287045,0.02463375689929127,0.0,0.018068406313246077,0.0,0.0,0.16087142850709255,0.0,0.09481188902206615,0.4085879219709823,0.009324669217193805,0.0,0.05660715784725738
144,0.0,0.0,0.0,0.005065502448165901,0.11189870133685052,0.0,0.0,0.0,0.02644311260277383,0.0,0.07046610052970824,0.0,0.4427482927563586,0.0,0.0,0.0,0.3433782903261429
145,0.0,0.11980965984072588,0.0,0.1893249842110134,0.25415162809791375,0.0,0.1632055978486322,0.0,0.0,0.0,0.0,0.05153297486414395,0.04320174431919658,0.0,0.0,0.1736541688196403,0.005119241998734031
146,0.0,0.15687908979613055,0.028050875582162484,0.026459090211347343,0.0299784373840201,0.0,0.40250829276343114,0.0,0.0,0.0,0.0,0.0,0.3561242142629083,0.0,0.0,0.0,0.0
147,0.0,0.007787251555979024,0.0,0.010853086792410576,0.04533491551480532,0.05235057812398446,0.08892672251510694,0.1140914110251931,0.011845823204806798,0.0,0.0,0.0,0.031020596108075175,0.2758024762313036,0.0,0.3280513863114016,0.03393575261693333
148,0.0,0.0,0.0,0.20416944996620148,0.08861680637416103,0.0,0.0,0.02589724160128253,0.03482611680176749,0.15356206812179535,0.0,0.0,0.22216240480825572,0.0,0.1654992199688059,0.09136245906010253,0.013904233297628113
149,0.0,0.0,0.0,0.22501918258508607,0.0,0.4469780257722757,0.0,0.0,0.0,0.13596252175494705,0.009827721202065593,0.0,0.0575538886027884,0.0,0.0,0.12465866008283713,0.0
150,0.0,0.06059673591737639,0.0,0.08947682792605115,0.0399267684355119,0.0,0.11367941683705639,0.0,0.0,0.0,0.05414105724813781,0.0,0.3413916498636477,0.0,0.0,0.30078754377221867,0.0
151,0.0,0.002186338670110872,0.0,0.20106407817150765,0.0,0.0,0.0,0.0,0.009513529098562807,0.0,0.02115525208573053,0.414590669878106,0.0,0.20994657392151192,0.0,0.12697143866418437,0.01457211951028595
152,0.0,0.0,0.3550569215899655,0.0,0.0,0.0033866440750680567,0.0,0.0,0.36921064543680354,0.0,0.0,0.0,0.0,0.272345788898163,0.0,0.0,0.0
153,0.0,0.022309974342925965,0.15037025512078658,0.15493838743078234,0.09286651359074757,0.0,0.0,0.0,0.0,0.0,0.04191235899541239,0.1402782090428918,0.18191686246045727,0.03553826478236874,0.0,0.17001884682682541,0.009850327406802131
154,0.0,0.0,0.0,0.2092626717469188,0.0127646918889535,0.0,0.05882556307824339,0.0,0.0,0.0,0.0,0.04225987055486843,0.21847694486758135,0.2119996200931526,0.0,0.18598011745308832,0.060430520317193696
155,0.0,0.0,0.1002961955684308,0.04398711007829066,0.12220891292604462,0.0,0.0,0.15159696580017343,0.1561878719491603,0.0,0.0,0.0,0.07659456178032638,0.018290674578752386,0.0,0.30265137827732985,0.02818632904149174
156,0.0,0.0,0.0,0.0,0.0,0.3154238754163614,0.0,0.0,0.5816892558421369,0.028819069154078704,0.04851082000112326,0.0,0.0,0.0,0.0,0.0255569795862997,0.0
157,0.002511299395449966,0.0,0.1782093863610896,0.011192770036327205,0.2892705390607356,0.019351017643554343,0.0,0.0,0.0,0.3227410490320506,0.0,0.0,0.08948646615973457,0.027699743539831023,0.0,0.003975403646666219,0.055562325124560816
158,0.0,0.0,0.08440229554588645,0.0656150184440832,0.0,0.0,0.0,0.006318294470478341,0.0,0.23181448790247494,0.286327869969354,0.0,0.0388181612915485,0.01697228344316257,0.14044388841136657,0.01926842401797696,0.11001927650366859
159,0.0,0.0,0.0,0.0,0.5920515906384983,0.016261192664938227,0.00794649604888422,0.0,0.020314595596362086,0.14876675598053687,0.024764701077666425,0.0,0.0,0.0,0.0,0.0,0.1898946679931137
160,0.0,0.21190094957868935,0.0,0.0,0.0,0.09477854637259459,0.08840315498244014,0.04829895375068474,0.10780151259151045,0.006267532123584169,0.1271123257877396,0.0,0.0,0.04021202913079602,0.27522499568196085,0.0,0.0
161,0.3484530572939366,0.04543320015587294,0.0,0.03305850446459927,0.0,0.0,0.1335572944047295,0.2961976594346731,0.0,0.0,0.011521069125670204,0.08524581808848936,0.0,0.0,0.014619867253174499,0.031913529778854546,0.0
162,0.0,0.0,0.1958660749773487,0.10695839439528856,0.0,0.057916245012050574,0.0,0.06881108316030336,0.0,0.0,0.009031524216526145,0.042883343993095485,0.3313487731357791,0.0317583054488081,0.0,0.06915152037082402,0.086274735289976
163,0.0,0.0,0.0,0.0,0.08651428019373457,0.06614128439516802,0.0013841176723205619,0.0,0.031226694600196565,0.0,0.013730883192362443,0.0,0.07054851637577948,0.0,0.0,0.0,0.7304542235704383
164,0.06375222924100614,0.19822374342344162,0.0,0.0,0.6613849317938857,0.022471178624441226,0.024036426536605742,0.0,0.0,0.0,0.0,0.0,0.0,0.0,0.0,0.0,0.030131490380619727
165,0.24247232778129782,0.05642902062998946,0.0,0.0,0.07106629930933532,0.022358571325855586,0.1572074974103762,0.08845109975890413,0.059652591663857286,0.0,0.0,0.0,0.08916203034818258,0.01817861684875973,0.19502194492344171,0.0,0.0
166,0.2082145836172108,0.019322205379788394,0.004675069646089238,0.0,0.0822599335887667,0.0,0.08430346482119165,0.07830676568947764,0.2736855663402192,0.0,0.0,0.0,0.13902425110539546,0.035333111897884524,0.02448119105443344,0.0,0.050393856859543236
167,0.0,0.0,0.05039468530480572,0.0,0.0,0.09500571261120835,0.0,0.013122022085557032,0.04620835404777817,0.0,0.12355445720281949,0.0,0.14786038142440594,0.183300071137331,0.26239386295120404,0.036476341191606046,0.04168411204328419
168,0.2870432531832103,0.0,0.03679980443674603,0.0,0.0,0.21347711889937426,0.0,0.013292950322082378,0.0861866207648264,0.0,0.2407992591198928,0.0,0.050103147575781985,0.0,0.06082009545241745,0.0,0.011477750245668343
169,0.0,0.0,0.2990593850126226,0.16598655562036485,0.03681105161265871,0.0,0.0,0.0,0.10055025513403067,0.0,0.0,0.0,0.09215904529663388,0.048732351059685534,0.0,0.20217846459265423,0.054522891671349466
170,0.0,0.0,0.2950674677295711,0.10690313235820775,0.0,0.0,0.0,0.18023641021182585,0.2607186027887326,0.0,0.0,0.0,0.0,0.026473745768842077,0.0,0.1306006411428206,0.0
171,0.0,0.09303858616256377,0.0,0.041423020450097436,0.018165519239640236,0.0,0.13631694327602192,0.20051743259837695,0.0,0.06897041028059199,0.0,0.0,0.0,0.0,0.0,0.23742643994187596,0.2041416480508317
172,0.16286372931160598,0.0,0.0,0.16721854860053617,0.0,0.0,0.0,0.0,0.0,0.03301363446301981,0.06506578386123332,0.0,0.24175416848378398,0.11080252379246476,0.0,0.04052393697370821,0.17875767451364785
173,0.0,0.012220679890555738,0.0,0.0,0.006486542945947823,0.28483523584940273,0.04734023099954494,0.18059039587191503,0.0,0.05302672598222038,0.0,0.26623503970459783,0.08249129182604055,0.0,0.0,0.0,0.06677385692977511
174,0.0,0.1970148138853923,0.0,0.05148597404317453,0.0,0.0,0.30547910260968114,0.01849747618663409,0.3088307208559486,0.0,0.06644732513150016,0.0,0.0,0.0,0.0,0.05224458728766921,0.0
175,0.02137865627861245,0.10305899579972083,0.0,0.08425457863159917,0.09998711030779195,0.22606142102087243,0.003742620913345969,0.0,0.033597558652915784,0.00788069087311843,0.0,0.06373004953526641,0.0,0.09943020191186291,0.20836816381091847,0.04850995226397502,0.0
176,0.0,0.0,0.0,0.015434240061014917,0.0,0.026377896133908882,0.0,0.0,0.0,0.0,0.0,0.005487281411039853,0.0,0.026885020694288605,0.5011747314752725,0.4246408302244753,0.0
177,0.0,0.0,0.13495926677418968,0.0,0.0,0.013314297095661674,0.0,0.2991414107723902,0.0,0.0,0.045048355376930464,0.0,0.0,0.11957305799984672,0.3879636119809813,0.0,0.0
178,0.0,0.0,0.0,0.0,0.0,0.19576557091474447,0.10772480884417747,0.03677281190888915,0.05945041075049603,0.13881056928852784,0.0,0.0,0.020509618482110678,0.01723290562903066,0.0,0.0,0.42373330418202365
179,0.0,0.0,0.0,0.0,0.0,0.03292932427364658,0.0,0.3140854926001665,0.0026412399808703867,0.0,0.047854819287589986,0.6024891238577266,0.0,0.0,0.0,0.0,0.0
180,0.0,0.1039510964075282,0.09742930819732586,0.018646974421128736,0.11492749209622223,0.022946814579835228,0.0,0.0,0.0,0.0025484660526789303,0.0,0.0,0.0,0.05159498408807894,0.3233891212325497,0.2645657429246523,0.0
181,0.0,0.18006797790879875,0.0,0.0002844391949351469,0.0,0.0,0.3497132741564726,0.2026066821776263,0.0,0.0,0.061580262350532884,0.0,0.0,0.03168519260768914,0.17406217160394524,0.0,0.0
182,0.0,0.002798801402164701,0.0,0.20969359336593235,0.0,0.14971476017259006,0.04756360380574831,0.0,0.0,0.0,0.01777358105687099,0.3940122269976509,0.0,0.0,0.0,0.17844343319904266,0.0
183,0.0,0.0,0.5094310018791446,0.0,0.017489764494625835,0.04247749707525208,0.0,0.0,0.0,0.0,0.0,0.43060173655097744,0.0,0.0,0.0,0.0,0.0
184,0.0,0.0,0.0,0.0,0.0,0.0,0.0,0.16623388860956892,0.09617896753362502,0.3916424164861685,0.13297431581452107,0.1348836759528434,0.015006094844921044,0.032914356417810015,0.0,0.0,0.03016628434054209
185,0.37032730490148474,0.0,0.0,0.0,0.04590854259886383,0.26965651707945354,0.0,0.0,0.0,0.0,0.07753720435168684,0.0,0.11555933286878606,0.0,0.09181574728845802,0.02919535091126701,0.0
186,0.0,0.0,0.2057441230932293,0.0,0.0,0.0,0.0,0.1600355180929565,0.25766617350922355,0.0,0.0,0.0,0.011115934496139497,0.2715537357728375,0.0,0.0938845150356136,0.0
187,0.23793523341289693,0.0,0.0,0.067909856017005,0.0360240206241761,0.0,0.0,0.0,0.0,0.0,0.30241919915303606,0.18222454522536627,0.16653353963043283,0.0,0.0,0.006953605937086767,0.0
188,0.08552293508632511,0.0,0.0,0.0,0.1038974351420474,0.042168398809296855,0.0,0.0,0.027375107259358926,0.0,0.03301935973581445,0.0,0.026302622459786408,0.21680969935748912,0.0,0.0,0.46490444214988164
189,0.0,0.0,0.05089079998170347,0.0,0.0,0.0,0.0,0.17644502860506686,0.1773342165293801,0.0,0.0,0.0,0.2459620082804764,0.2601557294646474,0.0,0.0,0.08921221713872568
190,0.0,0.0,0.0,0.0,0.0,0.022954718186391925,0.0,0.0,0.0,0.0,0.0,0.0035957702023152707,0.0,0.7055634059096173,0.046521022800618775,0.22136508290105683,0.0
191,0.5495271364980068,0.23664568997537772,0.0,0.00601811055002919,0.0,0.03620890848835491,0.05089110558760002,0.0,0.0,0.0,0.0,0.04778984048234392,0.0160592544713793,0.0,0.05685995394690832,0.0,0.0
192,0.0,0.16319076477069347,0.05627169780888084,0.036422204398513035,0.0,0.025871538962595596,0.0,0.0,0.0,0.0,0.0,0.4008124210289235,0.0,0.0,0.0,0.3174313730303935,0.0
193,0.0,0.0,0.28393711852152714,0.0,0.09024535285706263,0.027963270520837337,0.0,0.0,0.0,0.11010948632578037,0.0963864816583487,0.3057392311718185,0.0,0.08561905894462535,0.0,0.0,0.0
194,0.0,0.0,0.0,0.0,0.050598307923377335,0.0021487040229421564,0.0,0.11753603529756726,0.236209768148725,0.0,0.0,0.0,0.0052475918984758825,0.0421807398899205,0.35178283493550705,0.0,0.1942960178834848
195,0.0,0.24163996779234748,0.20442382189950473,0.01919854849946422,0.0,0.22377975146944526,0.15392358347036045,0.0,0.0,0.012137927198888239,0.0745327418789483,0.0,0.0,0.07036365779104134,0.0,0.0,0.0
196,0.0002545697865023545,0.0,0.3589197036640648,0.0,0.0,0.05493690998846651,0.0,0.0,0.0,0.1992184309399582,0.13424099612703033,0.20321105206461132,0.0,0.0,0.0,0.0,0.049218337429366536
197,0.1255218192521418,0.0,0.0,0.0,0.4081164325574694,0.02294269248480117,0.0,0.0022987445032596285,0.1011209854639062,0.32270127375705715,0.0,0.0,0.0,0.0,0.0,0.0,0.017298051981364613
198,0.0,0.0,0.0,0.11751250416380624,0.6454676369844529,0.05659964682828304,0.0,0.0,0.0,0.0,0.0,0.0,0.003574938297042131,0.0,0.0,0.1253589579387977,0.05148631578761794
199,0.0,0.0,0.0,0.06798773224541495,0.04739411829473621,0.0,0.0,0.07310935926747289,0.0,0.2687146528382894,0.2152294120352959,0.0,0.2760090912968547,0.0,0.0,0.05155563402193592,0.0
200,0.046677336188094595,0.0,0.0,0.01699828288225769,0.0,0.21643772739421832,0.15248032791800073,0.0,0.0,0.02743497399836546,0.0,0.0,0.13266444743332167,0.2575698333971651,0.0,0.1497370707885765,0.0
201,0.2694052579538996,0.0,0.0,0.14408250338380263,0.14791250660523636,0.16213573997671457,0.0035091941811009222,0.007631520841633758,0.0,0.06849179420861616,0.0,0.10393987465235624,0.0,0.04247168695163638,0.0,0.04808027625654032,0.0023396449884630147
202,0.04493546614976574,0.2137084955921109,0.311543848508792,0.021596423113496674,0.0298306437262465,0.0,0.02460120976688058,0.07100808254092134,0.0,0.0,0.0,0.0,0.04552289331789014,0.019801535558909213,0.0,0.0,0.21745140172498692
203,0.0,0.22850823558355934,0.0,0.004153147463366779,0.0,0.0,0.14922230441146117,0.0,0.2151672518716311,0.40294906066998154,0.0,0.0,0.0,0.0,0.0,0.0,0.0
204,0.06473426536168539,0.0,0.13098338018125474,0.12152896424517705,0.0,0.11793457948668251,0.0,0.0730399159473242,0.3192001626160958,0.0,0.0,0.0,0.0520444360179877,0.03178235600658772,0.02170375364723145,0.06704818648997336,0.0
205,0.0004801223689449508,0.0,0.6010457852795643,0.0,0.3047366005631486,0.053533525036255455,0.0,0.0,0.0,0.0,0.0,0.0,0.0,0.016602066461668386,0.0,0.0,0.02360190029041814
206,0.0,0.0,0.0,0.0,0.0,0.0,0.0,0.0,0.0,0.0,0.29593411440444134,0.0,0.20335090718172,0.44921337516583415,0.05150160324800444,0.0,0.0
207,0.0,0.1844351348164113,0.0,0.008906636306628135,0.0,0.0,0.008743836709275926,0.4219341806325174,0.0,0.07935228462526757,0.04734393000461168,0.0,0.0,0.0,0.0,0.2492839969052879,0.0
208,0.0,0.0,0.0,0.0,0.27574353411984515,0.05521712236577052,0.0,0.0,0.024252450828192013,0.0,0.03713298208071118,0.0,0.28040402155515054,0.0,0.0,0.0,0.3272498890503306
209,0.00800251439618656,0.0,0.0,0.2890466662197872,0.11689816530814612,0.0,0.0,0.01259804007766117,0.04460823949174913,0.0,0.0,0.005137322024943095,0.3155895604841006,0.007809643385547114,0.0,0.13884848552672605,0.061461363085152876
210,0.1722669712656244,0.05599922503947469,0.0,0.14719720217400237,0.0,0.0,0.1683626034644566,0.16345449304582138,0.0,0.0,0.0,0.0,0.0603572867058838,0.0,0.0013320083184328174,0.14213059379066614,0.08889961619563773
211,0.02344999959055089,0.0,0.0,0.0,0.0,0.14458597160044254,0.0,0.0,0.0,0.0,0.0,0.453543966904561,0.0,0.0,0.3784200619044456,0.0,0.0
212,0.0,0.0,0.0,0.03903484300711887,0.1365996437333908,0.1880918005469299,0.0,0.11340424543450543,0.08563986165528817,0.1021984837274349,0.0,0.04055870253377468,0.066165018758104,0.008286371345049122,0.0,0.2200210292584041,0.0
213,0.0,0.029074708741195276,0.0,0.0,0.07334866843501574,0.18038427268595209,0.14662469138520806,0.07906394611734185,0.0,0.09282648648714382,0.1609421230856102,0.0,0.03714689491490825,0.0,0.19228883892062337,0.0,0.008299369227001396
214,0.5190432743787216,0.07092961642739619,0.0,0.0,0.0,0.00663558475518215,0.19515924766751905,0.0,0.0,0.0,0.0,0.0,0.0,0.003975940169217966,0.20425633660196307,0.0,0.0
215,0.0,0.15024850698115993,0.0,0.0,0.46660356890201105,0.0015441926417370292,0.36763589071581904,0.0,0.0,0.0,0.0,0.0,0.0,0.0,0.0,0.0,0.013967840759272897
216,0.15444320709769074,0.0,0.1989648098875129,0.0,0.0,0.02012949238655492,0.0,0.1456734943534816,0.18135875014498706,0.0,0.0,0.02735888891150842,0.0,0.20897730410280863,0.012434650671887577,0.0,0.05065940244356823
217,0.018423498736957207,0.05892458831197426,0.0,0.10061750760162175,0.005801365484522678,0.20475602771152096,0.029232090052803986,0.2630232012404442,0.0,0.0,0.0,0.0,0.0,0.0,0.1783274802662581,0.06591106765616717,0.07498317293772978
218,0.12316223309032844,0.0,0.012582123647479548,0.013117948167990466,0.0,0.018811478185473088,0.0,0.02899640945108209,0.0,0.0,0.21324652682001277,0.031129933174212022,0.04340878789301669,0.06644425755755062,0.0,0.1965323533352224,0.25256794867763177
219,0.2649863564427171,0.0,0.07853903223950129,0.0,0.22750585897168615,0.02101583328409204,0.0,0.07180325700420116,0.0,0.20208070311844573,0.0,0.0,0.0062654053906760305,0.1278035535486806,0.0,0.0,0.0
220,0.2962033189848462,0.0,0.13951865785715903,0.0,0.0,0.0779559185117767,0.0,0.14638638227449347,0.2429972915738181,0.07792821598689917,0.0,0.0,0.0,0.005114645075712637,0.013895569735294747,0.0,0.0
221,0.0,0.10242753334153443,0.0,0.04568961188227786,0.2812591192612469,0.048641592936300236,0.0024035047982773053,0.005029214321770932,0.0,0.0,0.0,0.22171924693448117,0.0,0.05640418645233921,0.0,0.21915782533556788,0.017268164736204066
222,0.0,0.0,0.0,0.0,0.3045230274197279,0.0,0.0,0.0,0.0051474650668296845,0.23212662254454666,0.0,0.0,0.0,0.005334234632928322,0.27928452176753593,0.17358412856843153,0.0
223,0.0,0.2369671049687618,0.0,0.026041027667928034,0.0,0.0,0.027920552978119496,0.3291085038959856,0.0,0.2652857108068038,0.023450193982694344,0.0,0.0,0.0,0.0,0.09122690569970693,0.0
224,0.5447840800940388,0.06874170231393344,0.0,0.0,0.0,0.012792766259306452,0.24773063748627544,0.0,0.0,0.0,0.0,0.0,0.0,0.003529437571412387,0.1224213762750335,0.0,0.0
225,0.14585128814280696,0.0,0.0,0.0,0.0,0.22464323657271948,0.04145733690689939,0.0,0.0,0.17295429532438128,0.0,0.0,0.0,0.0,0.05937079066235966,0.3557230523908333,0.0
226,0.0,0.2963768369691705,0.16989052962302653,0.05630899489413877,0.0,0.0,0.17483742981745848,0.1352025376930614,0.029278722003676733,0.0,0.0,0.0,0.0,0.0,0.13810494899946754,0.0,0.0
227,0.0,0.0,0.0,0.0,0.0,0.3397094656631716,0.0,0.0,0.05503850973773502,0.10012651163790633,0.0,0.0,0.040137769712376356,0.0,0.1161326797406534,0.0,0.34885506350815726
228,0.14212266337160645,0.0,0.0,0.00859463372352531,0.08364766030360078,0.0,0.0,0.37298030349053646,0.0,0.23449874091624826,0.020353144532066745,0.0,0.0,0.0,0.0,0.13675695976565383,0.0010458938967621847
229,0.2694418250236251,0.0,0.0,0.0905785665367686,0.0726646429695799,0.0,0.06537317269240012,0.18045090241248327,0.0,0.0,0.0,0.0,0.06668983979828168,0.06951623547012302,0.0,0.18528481509673825,0.0
230,0.0,0.028916635246640694,0.0,0.0,0.027431947124167775,0.015060885206183948,0.17830483550766568,0.0,0.0,0.359508403074277,0.0,0.12208461942874743,0.0,0.019486135601949586,0.2492065388103679,0.0,0.0
231,0.2726038269416275,0.0,0.0,0.10478357246456879,0.06756220805484936,0.0,0.0,0.0,0.04089442704170311,0.0006614299254837381,0.0,0.029298109206778604,0.0,0.09769195736815506,0.08840510213674592,0.2980993668600878,0.0
232,0.0,0.0,0.0,0.0,0.18682435320640062,0.28878336599589244,0.0,0.017197902927122585,0.18997893053192727,0.11660014552957819,0.0,0.0553007594047203,0.10552807739652484,0.012452866822072603,0.0,0.0,0.027333598185761414
233,0.1954825084200227,0.2476647520062532,0.09031374280527259,0.08402532875388256,0.2535599382440409,0.0,0.011831131493735044,0.011575761385220157,0.0,0.0,0.0,0.0,0.03073729524767598,0.01313172477726354,0.0,0.034255841286275616,0.027421975580357586
234,0.0,0.0,0.0,0.025247180241158185,0.11240935467472958,0.05667977450679431,0.0,0.0,0.026095411746727866,0.0,0.039002468400668955,0.0,0.134720940670652,0.0,0.0,0.22704339228392975,0.37880147747533943
235,0.08107674963667473,0.0,0.28646739872549193,0.18064197953803462,0.0,0.11087963687064858,0.0,0.03724944684978165,0.05221589151194246,0.0797977592064087,0.05689745521837549,0.0,0.0,0.013965279807354125,0.0,0.10080840263528779,0.0
236,0.0,0.0,0.5123297536744236,0.0,0.021838982071551303,0.04194169905626763,0.0,0.0,0.0,0.0,0.003487714922079588,0.0,0.0,0.413450842322847,0.006951007952830913,0.0,0.0
237,0.12075000826795261,0.04363515667429456,0.0,0.11282477208192493,0.02989737650902879,0.0,0.1819762192182638,0.0,0.0,0.016032236893117637,0.04125997130758953,0.15840440210655415,0.0,0.05782109359960078,0.0,0.11385832785713693,0.1235404354845362
238,0.0,0.0,0.0,0.04275451370612452,0.00567650488908053,0.1929564780079639,0.0,0.0,0.0,0.1621371399353042,0.1098111049819065,0.0,0.1972870936829557,0.0,0.0,0.21813276601817072,0.07124439877849405
239,0.19047028171196917,0.15474594441926567,0.3081729005780341,0.03885464456758538,0.0,0.01729097552267411,0.0,0.005857569649609508,0.0,0.0,0.0561697146086087,0.22843796894225346,0.0,0.0,0.0,0.0,0.0
240,0.0,0.0,0.0,0.0,0.0,0.006234475708501641,0.0,0.19861567362151147,0.48690111936820274,0.04736705937645677,0.0,0.0,0.028167076789623213,0.2327145951357041,0.0,0.0,0.0
241,0.0,0.012964581501114545,0.0,0.0,0.0,0.0,0.20341035555661002,0.0007282875844902451,0.12219717480887113,0.1404182065338001,0.0,0.0,0.0,0.18870071232081156,0.24728350657662926,0.08429717511767314,0.0
242,0.0,0.0,0.0,0.12046388390378034,0.0,0.0,0.0,0.35516992682207676,0.0,0.0,0.016892991067718015,0.0,0.0,0.26794400472767443,0.0,0.09004160573019288,0.14948758774855747
243,0.0,0.009214223778143673,0.0,0.12634963457571413,0.0,0.0,0.06518669529771469,0.2188889454179601,0.0,0.0,0.04066537538172334,0.1874393143187498,0.0,0.002161760975012241,0.22209078176746433,0.12800326848751772,0.0
244,0.0,0.19279967812407045,0.0,0.0,0.18246823134322251,0.05739130970897615,0.03784236159758061,0.0,0.0,0.0,0.0,0.3836512563640387,0.0,0.08541140799070122,0.06043575487141038,0.0,0.0
245,0.0,0.0,0.3349771882590781,0.0,0.0,0.0,0.17286187897330035,0.0,0.459145969843198,0.0,0.0,0.0,0.0,0.033014962924423415,0.0,0.0,0.0
246,0.5291202000908058,0.0,0.0,0.0,0.0,0.09356096716263061,0.0,0.0,0.27895039088359586,0.0,0.021626286727756763,0.0,0.00930489672847974,0.0,0.06743725840673108,0.0,0.0
247,0.0,0.09975515262419618,0.0,0.025294763094887936,0.0,0.0,0.0,0.022999808325106473,0.134502645991462,0.22364073070792698,0.2835091201624329,0.0,0.0,0.0,0.0,0.21029777909398756,0.0
248,0.0,0.0,0.04476681673470179,0.25881235928707036,0.0,0.0,0.0,0.0,0.0,0.09073695968404903,0.02943202209639565,0.02539051080291532,0.00984886287024993,0.013070532898639327,0.20162028639718554,0.19658809022279763,0.12973355900599537
249,0.24420369398307568,0.01687018694009527,0.0,0.0,0.1287522774885948,0.0,0.0,0.21445368604310985,0.0,0.0,0.0,0.0,0.17371208876370772,0.0,0.034245411021755184,0.0,0.18776265575966167
250,0.09327326622040381,0.0,0.0,0.0,0.0,0.0,0.0,0.3221224483898921,0.14377371987727247,0.16669455262863,0.0,0.0,0.2741360128838015,0.0,0.0,0.0,0.0
251,0.0,0.2823366548673987,0.0,0.040789797512073095,0.055123153389421684,0.0,0.05513971920996867,0.1072000503333217,0.0,0.34927670010402484,0.09523342023837073,0.0,0.0,0.0,0.0,0.0,0.014900504345420718
252,0.0,0.0,0.0,0.12468996736075327,0.0,0.009031747613222462,0.0,0.24513985894390852,0.0,0.13680772591134038,0.08401563723939769,0.0,0.0,0.04369032082257509,0.04592140779701671,0.31070333431178593,0.0
253,0.2725029513266896,0.0,0.0,0.1341100165242958,0.0,0.21103583369352658,0.0,0.0,0.2252408575855773,0.01313227891248703,0.0008990395917147122,0.0,0.0,0.0,0.07056797932518952,0.07251104304051943,0.0
254,0.051539361155516446,0.0,0.01599547134072286,0.1803004032931473,0.0,0.0960742054078802,0.0,0.24826860894044941,0.1367979328831279,0.0025770212437225587,0.0,0.0,0.0,0.13044849283711776,0.0,0.13799850289831558,0.0
255,0.0,0.018232875897512362,0.0,0.15614809690000217,0.0024838346844515647,0.0,0.03725076544261926,0.016823160331909393,0.0,0.0,0.3105325679457333,0.02366853139653581,0.08725737551623652,0.16007191921533018,0.0,0.11840157622947471,0.0691292964401946
256,0.0,0.0,0.014339451827241837,0.008293993213473681,0.10602561144280272,0.0,0.08108604295775557,0.0,0.0,0.0,0.1303977202162761,0.0,0.6279145300309773,0.0,0.0,0.0,0.03194265031147285
257,0.16167555241383796,0.0,0.0,0.2227955834767756,0.003904578782816884,0.0305767767290805,0.0,0.0,0.0,0.0,0.0,0.2061314622611581,0.03403810634906352,0.0,0.0,0.11558541553415733,0.22529252445310996
258,0.0,0.0,0.0,0.0,0.0,0.38176374197625723,0.0,0.0,0.0,0.027260205823186806,0.0,0.0,0.0,0.042672909011711745,0.5483031431888442,0.0,0.0
259,0.0,0.0,0.0,0.0,0.0,0.020739785954679804,0.0,0.2984745917711102,0.0,0.0,0.10529732638321058,0.5754882958909995,0.0,0.0,0.0,0.0,0.0
260,0.0,0.08704859476605163,0.20242903355395905,0.0,0.0,0.0,0.1725753548312539,0.0,0.0,0.007645920006235434,0.0702931838369744,0.03195110669068427,0.23084288735696248,0.003942026362792968,0.0,0.0,0.19327189259508595
261,0.31052890689565377,0.0,0.0,0.06743042106634974,0.002277400710589717,0.008841087072130813,0.0,0.0,0.0,0.0,0.01918549048685559,0.0,0.2516189150030934,0.0,0.05971499244183716,0.28040278632348975,0.0
262,0.0,0.12311642637496763,0.12071426123369221,0.06706985731371515,0.006419619630933975,0.0,0.0,0.04576856146859385,0.0,0.1616506487933308,0.18020179176934803,0.14853437650998705,0.07870175864130183,0.024240021091502872,0.0,0.031869798289928045,0.011712878882698402
263,0.15211114373308243,0.0,0.21961000294637006,0.09047684490770228,0.1540939129884591,0.0827865628580557,0.008913450969556487,0.0,0.0,0.17043456476427488,0.0,0.0,0.0,0.0018230162959841046,0.0,0.10102522736538384,0.018725273171131263
264,0.0,0.0,0.34105182530147005,0.0,0.09603807685475269,0.027804027207950485,0.0,0.0,0.028964918913537457,0.08001550214182614,0.015740114210670272,0.0,0.012715278179915563,0.0,0.0,0.0,0.39767025718987736
265,0.06649124219376767,0.0,0.0,0.0848147903448615,0.0,0.07836136459236268,0.05785205174755859,0.0,0.14467398918997904,0.22209342228438947,0.0,0.0,0.0,0.1622518644889534,0.02966943405655011,0.07048046890448462,0.08331137219709293
266,0.0,0.0,0.0,0.0,0.0,0.07330952609782392,0.0,0.6881568600076653,0.10412235060720715,0.0,0.11661627892859176,0.0,0.0,0.0,0.0,0.0,0.017794984358711793
267,0.0,0.2841794028532182,0.05253558019853512,0.006302801316916001,0.0,0.0,0.0893312782127881,0.09722037238242517,0.03677387924594939,0.15823162249975087,0.0,0.0,0.0,0.263794176322487,0.0,0.011630886967930304,0.0
268,0.0,0.0,0.17084818924263792,0.0,0.0,0.06548154609544117,0.0,0.0,0.22633304058676848,0.0,0.0,0.0,0.0,0.49193592232869543,0.045401301746457,0.0,0.0
269,0.0,0.0,0.0,0.0,0.0,0.046416167576688094,0.0,0.0,0.0,0.018909082143802235,0.0,0.19706026632530635,0.0,0.07317661891311629,0.41133060637668,0.253107258664407,0.0
270,0.0,0.0,0.4176423614678492,0.0,0.0,0.5498847088881701,0.0,0.0,0.0,0.03247292964398062,0.0,0.0,0.0,0.0,0.0,0.0,0.0
271,0.25266695692945096,0.0973233105223214,0.0,0.26932013604230787,0.0,0.0,0.07599467287302039,0.0,0.0,0.0,0.06232253992726585,0.0,0.022275896881083817,0.0,0.010862001919523374,0.20923448490502627,0.0
272,0.20073420999936106,0.08876894612016147,0.0,0.08610357219962396,0.0,0.0,0.2613078664612218,0.2254809855486918,0.0,0.0,0.0,0.04814998295875137,0.07818704191521257,0.0,0.0,0.011267394796976016,0.0
273,0.0,0.0,0.7965916812540621,0.0,0.0,0.02215171955497318,0.0,0.17518200404840575,0.0,0.0,0.0,0.006074595142558812,0.0,0.0,0.0,0.0,0.0
274,0.0,0.0,0.33191612962877093,0.015316291016999084,0.0,0.0,0.0,0.0,0.23189880464017495,0.0,0.23680331966231155,0.0814067477055103,0.0,0.09576293731452945,0.006895770031703539,0.0,0.0
275,0.052559869561183865,0.0,0.0,0.040094360612152616,0.0,0.02092958256723516,0.0,0.0,0.1233223063610637,0.0,0.0,0.0,0.11441757302713511,0.10696825922673321,0.2821888541178799,0.2595191945266165,0.0
276,0.0,0.0,0.0,0.0,0.1538930564481018,0.004474326915233848,0.09604650077063918,0.3665848638233224,0.0,0.0,0.0,0.020328204174349343,0.008495635093271375,0.2865624577898906,0.0,0.03297665697586293,0.030638298009328584
277,0.08436383440603405,0.6674309122798654,0.0,0.09305039770322371,0.0,0.0,0.14659151582484825,0.0,0.0,0.0,0.008563339786028683,0.0,0.0,0.0,0.0,0.0,0.0
278,0.0101813379936046,0.06800696736660947,0.048922675817168526,0.06626479968616844,0.0,0.11934418736810941,0.0,0.05115516451403488,0.0,0.0,0.0,0.0,0.0,0.30149298846739087,0.0,0.29087554492859974,0.0437563338583141
279,0.23249309747128039,0.0,0.0,0.0,0.0,0.0,0.0,0.5122841207704976,0.003445789003997195,0.13103142068795545,0.1171040593719099,0.0,0.0,0.0,0.0,0.0,0.0036415126943596665
280,0.0,0.0,0.0,0.0,0.008059735850868353,0.04302737204234328,0.0,0.0,0.0,0.4942307634805527,0.25662401192114404,0.0,0.0,0.0,0.0,0.19805811670509157,0.0
281,0.11787706462620463,0.06775973429945258,0.11407563680806428,0.0,0.037990885630594225,0.0,0.22342187215957357,0.04289467546779289,0.22553814697591182,0.0,0.0,0.0,0.10846851362969806,0.04586538910095063,0.0,0.0,0.01610808130175739
282,0.02009919177190916,0.08618131911070197,0.0,0.0,0.04550234483339189,0.07551262257686739,0.0,0.04375028865276247,0.0,0.20579954847737722,0.08763544334748592,0.1846119799726431,0.1252561811971723,0.06282445302356698,0.0,0.0,0.06282662703612171
283,0.0,0.1075083011806794,0.0,0.0,0.007605812387350826,0.016315752205385586,0.015511674482294844,0.16008539258363522,0.0,0.03657727013895404,0.009574240743248771,0.0,0.0,0.11050026827639409,0.5363212880020571,0.0,0.0
284,0.0,0.0,0.0,0.0,0.0,0.05617052273222868,0.0,0.5038775153132019,0.0790079250678739,0.0,0.3426087270953955,0.0,0.0,0.0,0.0,0.0,0.018335309791299964
285,0.0,0.15075971709476968,0.07378803724206733,0.0,0.06654392302296087,0.0,0.0,0.1681597848890089,0.0,0.0,0.11766221522076822,0.0,0.0,0.049307885008124386,0.0,0.18664820056084053,0.18713023696146008
286,0.1203176089818141,0.0019626875592345227,0.0,0.0,0.3080836424097915,0.06441920181863432,0.08871151846400327,0.0,0.03723156355715533,0.14829334264037183,0.0,0.0,0.0,0.0,0.0657481065143418,0.16523232805465327,0.0
287,0.1749968534683984,0.2716227353991358,0.0,0.09066321276714066,0.07973213811559163,0.0,0.04376703789104525,0.15237411196487377,0.0,0.0,0.0,0.0,0.0,0.0,0.016189358591421853,0.0,0.1706545518023926
288,0.0,0.16393683647189636,0.0,0.025488685934794978,0.040292089323249694,0.0,0.2331779065881156,0.1351678994983095,0.0,0.0,0.0,0.0,0.10972589491344001,0.0,0.0,0.0,0.2922106872701938
289,0.0,0.0,0.0,0.16931312074315646,0.14979603087770516,0.1747583317071933,0.0,0.26014029569468183,0.030839522983691237,0.10099882413454964,0.0,0.0,0.0,0.0,0.0,0.07991301652594136,0.03424085733308093
290,0.0,0.0,0.0,0.0,0.08089091337539456,0.09158753206154914,0.0,0.0,0.02556594007324659,0.0,0.029626400059102987,0.0,0.0,0.4409562832260348,0.33137293120467187,0.0,0.0
291,0.34558956646534605,0.4074583351742036,0.0,0.08691423122442567,0.0,0.0,0.10542233078146795,0.0,0.0,0.0,0.00498654656002279,0.0,0.0,0.0,0.049628989794533805,0.0,0.0
292,0.0,0.0,0.30161112237667825,0.0,0.23488157577191682,0.4206837775942775,0.0,0.0,0.0,0.04282352425712752,0.0,0.0,0.0,0.0,0.0,0.0,0.0
293,0.14874740837676734,0.211855012093461,0.12913836779442656,0.0,0.0,0.0,0.021635810937150852,0.13062000475064245,0.2402549951395408,0.09328125904521693,0.0,0.0,0.0,0.0,0.0,0.0,0.02446714186279394
294,0.0,0.12729604777552242,0.026666977342512593,0.07485430785610976,0.0,0.00607552383146584,0.08266212545860357,0.0,0.0,0.0,0.0,0.11005047692294434,0.024342266633065955,0.00727537912922042,0.0,0.3741588211539422,0.16661807389661293
295,0.0,0.0,0.0,0.0,0.07765406858596419,0.043263612882121605,0.0,0.4136682682886286,0.16309287410626358,0.0,0.0,0.0,0.012024837401161273,0.0,0.038968355504119194,0.0,0.2513279832317416
296,0.0,0.0,0.0583913325805249,0.04277891825562623,0.0,0.0029720490833158183,0.0,0.0,0.08582515768591546,0.18657162444699235,0.0458189148704749,0.029040004101809437,0.0,0.14727145287910903,0.0,0.28674059559234977,0.11458995050388214
297,0.13443689245691337,0.0,0.0,0.03611815016781216,0.002382625152782666,0.041710847579513294,0.0,0.0,0.22245273590758952,0.0,0.0,0.0,0.0,0.0,0.0,0.562898748735389,0.0
298,0.0,0.22824127631306115,0.0,0.024165965090084788,0.054689791477608565,0.0,0.03906808996476811,0.10368311218021745,0.08902017706360411,0.0,0.0,0.0010751027385975211,0.14639092263375403,0.30854452081408423,0.0,0.0,0.005121041724220146
299,0.0,0.04006013779171119,0.0,0.011946430080442726,0.0,0.0,0.10296853111758573,0.16005360142055616,0.0,0.16304016769852867,0.14834653011856447,0.020637607480475297,0.0,0.13899890168799126,0.0,0.18275076705398624,0.031197325550158084
300,0.0,0.09159970480691823,0.0,0.0,0.03315778646050271,0.0,0.0,0.0,0.3221286528272624,0.0,0.0,0.0,0.44597443088124944,0.0,0.10713942502406718,0.0,0.0
301,0.0,0.0765034686015998,0.24845339706477254,0.0,0.0,0.0,0.2583857799956649,0.38342093273711053,0.0,0.0,0.009895344303603284,0.0,0.0,0.02218466015773236,0.0,0.0,0.0011564171395163929
302,0.1587474065253278,0.0,0.0,0.0,0.0,0.3452536341609842,0.0,0.00802959820680655,0.3779546598952486,0.02445111176311024,0.0,0.0,0.060364395181152275,0.0,0.025199194267370155,0.0,0.0
303,0.0,0.0,0.0,0.06004374927165238,0.0,0.01795781821368464,0.0,0.05547639286547769,0.21601680900106404,0.0,0.057147009291528425,0.15565649976787568,0.02504066514183002,0.3047328064910602,0.04812831256858366,0.017760998982307784,0.04203893840493551
304,0.0,0.06248241439910017,0.0,0.0,0.02251825962094665,0.0,0.15333211474235298,0.10943440232591846,0.0,0.0010904149256396722,0.10823576735615718,0.33817629553445516,0.15687170959643446,0.0149380352828667,0.0,0.03292058621612846,0.0
305,0.0,0.03394034498481796,0.0,0.0,0.0,0.01498734888425005,0.0,0.41025500428887507,0.0,0.0,0.08542782029636065,0.42992584991930655,0.0,0.025463631626389625,0.0,0.0,0.0
306,0.27670723775568123,0.12931611653134942,0.0,0.0,0.0,0.14876762026793713,0.016749331237014026,0.02230593677980609,0.024993323387207507,0.0,0.0,0.0,0.0,0.2002588549442315,0.04299908026442637,0.13790249883234665,0.0
307,0.0,0.07822585161838871,0.0,0.0,0.0,0.02483572262922211,0.047227347942703994,0.17015858895942787,0.0,0.0,0.22754239257720643,0.0,0.034983565241230065,0.09392180046384484,0.04404299692332893,0.07167844715599808,0.20738328648864887
308,0.0,0.0,0.0,0.0,0.0,0.16032355720617011,0.0,0.0,0.0,0.8396764427938299,0.0,0.0,0.0,0.0,0.0,0.0,0.0
309,0.0,0.0,0.0,0.10577712406280829,0.0,0.031173979886310193,0.0,0.01386023505458829,0.13053914564217992,0.1899474989565236,0.06353474113811944,0.0,0.0,0.0,0.0,0.3618972358229016,0.10327003943656851
310,0.0,0.0,0.0,0.27286708643243585,0.0,0.0,0.0,0.08670943942687098,0.052511944634258366,0.21154634388159532,0.07041366295138445,0.0,0.1466820364843047,0.0,0.0,0.15926948618915038,0.0
311,0.0,0.0,0.13291232934393396,0.01647559953587184,0.006677282571458644,0.000596992232423776,0.09651822651764748,0.36325508473096413,0.0,0.0,0.0,0.0,0.0,0.032585853031113284,0.0,0.021712411651361365,0.32926622038522535
312,0.0,0.0,0.0,0.3263379170287532,0.42938802284541433,0.0,0.0,0.0,0.0,0.0,0.0,0.0,0.038976487796569335,0.0,0.0,0.1452486836303981,0.060048888698865106
313,0.0,0.17283838209830935,0.014216862918925443,0.009271480963515884,0.0,0.0,0.04814118487084231,0.1742040210787612,0.0,0.002072685910801525,0.1568091662781207,0.0,0.014069524072617717,0.3417033314394542,0.01738922163884571,0.0,0.049284138729806116
314,0.0,0.1899441344712795,0.0,0.0,0.0,0.2919660406991947,0.2094473191514632,0.0,0.06175363216083305,0.016970362530682067,0.0,0.22231317878390294,0.0,0.007605332202644593,0.0,0.0,0.0
315,0.10678124035513445,0.0,0.0,0.07149245111176722,0.20357559868931746,0.0004986807631681003,0.0,0.007288738506491414,0.0,0.171643923160681,0.05892991665290648,0.0,0.0,0.0,0.0,0.37465908226584765,0.005130368494686237
316,0.0,0.0,0.18021442695791792,0.0,0.0,0.012746830972405643,0.0,0.0,0.19971412687248766,0.08482784532453173,0.0,0.04743011216266786,0.14338267533927318,0.05549287294748443,0.0,0.0,0.27619110942323155
317,0.0,0.0,0.0,0.2682188916410155,0.0,0.019835840128821287,0.0,0.0,0.0,0.40396774207200337,0.002990795223246204,0.16166477655419406,0.0,0.0,0.0,0.1433219543807195,0.0
318,0.0,0.0,0.21286386043935684,0.0,0.0,0.014644516519219731,0.039517083382087564,0.24476732228422707,0.0,0.0,0.16146310346449472,0.0,0.02392760152542531,0.021861167015389895,0.0,0.0,0.2809553453697989
319,0.0,0.07950319247068433,0.0,0.12801621316623435,0.0,0.0,0.08130831771723714,0.17611862038342518,0.0,0.0,0.1342331940081256,0.0,0.006435667827898897,0.034371056533498444,0.0,0.12425735068674737,0.23575638720614878
320,0.0,0.0,0.1170728121001629,0.03950165836189536,0.05223966465328157,0.0,0.0,0.08463958140900708,0.0,0.04106004766616513,0.014630831017740565,0.0,0.19962750516522762,0.018321844621537003,0.0,0.2978634638888736,0.13504259111610914
321,0.08622512251143451,0.0,0.0,0.0,0.047977846256954476,0.05127279635933837,0.0,0.0,0.02614105742431666,0.0,0.019384014899535906,0.0,0.05569306337122173,0.04354117356026588,0.3222309526398744,0.0,0.34753397297705824
322,0.0,0.0,0.0050153760605966165,0.022241016475568174,0.0,0.30940672179422263,0.0,0.0,0.2137675990822294,0.02857817492421183,0.0,0.06358103632581727,0.0,0.005537953007567217,0.0,0.351872122329787,0.0
323,0.06029003619539482,0.19993363548884407,0.0,0.06598131553608642,0.1775052851347327,0.09521186136304985,0.0005483864150659135,0.0,0.0,0.0,0.0,0.008402961269673149,0.0,0.0,0.0,0.332216264925018,0.05991025367213506
324,0.22667607921993604,0.0,0.0,0.010516633004192729,0.1323082985851857,0.0,0.09020854227409503,0.021104906359867635,0.015498055292199163,0.24280428999468276,0.0,0.0,0.12122400309405719,0.0,0.0,0.0,0.13965919217578363
325,0.0,0.0,0.0,0.1697486443625231,0.0,0.03391533672875474,0.0,0.0,0.0,0.0,0.0,0.48085438645543105,0.0,0.0,0.21462541987994296,0.10085621257334819,0.0
326,0.0,0.0,0.17226616313701237,0.0,0.011527713214242081,0.0,0.0,0.046716850813184115,0.0,0.0,0.38963237981596877,0.18975066388468997,0.13289995744687616,0.0029337410411220386,0.0,0.0,0.05427253064690438
327,0.0,0.0,0.08001225510318749,0.002584649032135752,0.033647377488231225,0.42851732097383544,0.0,0.0,0.0,0.028250448523188573,0.13781901924717327,0.0,0.17023257605649803,0.017341966108691036,0.0,0.0,0.1015943874670592
328,0.0,0.0,0.0,0.0,0.06953552855224981,0.1192532415667637,0.10118176560266684,0.3162916787290761,0.03018524681040127,0.0,0.00919463710881299,0.026836172004357468,0.012264284257751648,0.24013647522764708,0.05167827976184202,0.0,0.023442690378431025
329,0.0,0.031295800566015476,0.0,0.08407344862259206,0.016168568136893723,0.0,0.21258559296040036,0.3566836306947532,0.0,0.0,0.0,0.0,0.06444650308990951,0.0,0.0,0.041602481446548344,0.19314397448288728
330,0.0,0.4362138725480194,0.0,0.0314040930118819,0.05124008492137316,0.0,0.1005407048117322,0.009707659545382028,0.0,0.0,0.2977428263224869,0.0,0.07315075883912449,0.0,0.0,0.0,0.0
331,0.0,0.041196522629847056,0.0,0.0,0.07184354770567403,0.0,0.16314982126051433,0.008098853570149191,0.0,0.0,0.4579063187324028,0.05567671154706066,0.0,0.023434939575430577,0.09223138288927502,0.08646190208964648,0.0
332,0.0,0.0,0.0,0.01651210434464786,0.0,0.02254694389443275,0.0,0.0,0.007580905202518753,0.0,0.33804733465071984,0.037572009149983605,0.0027107673206511547,0.058720022425923356,0.49237391179114526,0.023936001219977354,0.0
333,0.3444660336636102,0.13542137292996423,0.0,0.01679883857685144,0.23265735630934026,0.02642179946258243,0.0,0.0,0.0,0.0,0.0,0.0,0.0,0.023761353333104446,0.220473245724547,0.0,0.0
334,0.40707634789471786,0.0,0.0,0.0,0.03774706669557526,0.0,0.0,0.0,0.033826283843894044,0.0,0.10171476292232796,0.0,0.39176470965248344,0.0,0.02787082899100131,0.0,0.0
335,0.21335232435814808,0.3037523273986424,0.0,0.006040543557173855,0.0,0.12671253282967795,0.08340959493366418,0.01485730196261611,0.0,0.03965183305130771,0.0,0.0,0.0,0.21222354190876974,0.0,0.0,0.0
336,0.0,0.0,0.0,0.0,0.46174572952838266,0.16098098668714872,0.1115183215612781,0.0,0.0,0.0,0.008381026378313297,0.0,0.0,0.0,0.0,0.0,0.2573739358448773
337,0.0,0.02709143259992138,0.08319036406297513,0.0,0.0,0.056393125757834756,0.26540133802353005,0.11369180221135554,0.20828205277971826,0.12024588047609719,0.0,0.0,0.0,0.1257040040885676,0.0,0.0,0.0
338,0.0,0.0,0.0,0.0,0.056355483169869165,0.04279210339557949,0.0,0.0,0.04596377552195313,0.5625579821511084,0.04837345629147335,0.0,0.24395719947001654,0.0,0.0,0.0,0.0
339,0.2541609463714242,0.0,0.0,0.15881763529171067,0.01163023254852463,0.0,0.02193667427293929,0.17168191859371496,0.0,0.0,0.049714875777077075,0.0,0.0,0.0,0.015883648310039584,0.31617406883456944,0.0
340,0.0,0.0,0.1885055591915464,0.08522657086936418,0.0659581245758551,0.06555477536226241,0.0,0.0058642929271470684,0.06623768138430958,0.0,0.0,0.0,0.13927027916143245,0.03348766673865035,0.14222986394450804,0.05188851928024094,0.1557766665646836
341,0.0,0.0,0.14279658459616645,0.18144803963741593,0.0,0.0,0.0,0.0,0.31636015530012346,0.0,0.0,0.0,0.00045827871378803866,0.1344669809066349,0.0,0.22446996084587134,0.0
342,0.0,0.0,0.38304663625016455,0.0,0.0,0.013507864728931826,0.0,0.0,0.3189421765535493,0.0,0.04095466374191117,0.0,0.004649041019593985,0.029527674959282324,0.0,0.20937194274656704,0.0
343,0.0,0.0,0.0,0.002371372121426012,0.0,0.0005145841433617,0.0,0.0,0.480965049582983,0.24646259734332382,0.024171602515336277,0.0,0.0007193515601131098,0.0,0.0,0.2447954427334561,0.0
344,0.04280290820700612,0.14057987110288048,0.0,0.0,0.14327102913689033,0.0,0.19488049111332936,0.086556772490304,0.0,0.09047777392619624,0.0,0.09651429662773534,0.0,0.06548604933508562,0.0,0.0,0.13943080806057262
345,0.0,0.0,0.0,0.0,0.0,0.0,0.2389687825676918,0.0,0.7300609265391452,0.0,0.023260780883576387,0.0,0.007709510009586511,0.0,0.0,0.0,0.0
346,0.0,0.0,0.0,0.0,0.029912149926155242,0.43506394417897093,0.0,0.0,0.0,0.5350239058948738,0.0,0.0,0.0,0.0,0.0,0.0,0.0
347,0.0,0.052582612411192796,0.0,0.0,0.19391119960714362,0.0018441843435975046,0.24229710256204387,0.0,0.0,0.0,0.0,0.08331784816672097,0.0,0.16946986919639495,0.05552923811077747,0.0,0.20104794560212885
348,0.0,0.08351559570446701,0.29084061941558303,0.0,0.03914006379412314,0.0,0.24387200664756334,0.04386111451284014,0.0,0.0,0.017179457682328887,0.0,0.0,0.11060144806902647,0.17098969417406798,0.0,0.0
349,0.0,0.0,0.009675369229496661,0.0,0.03734391642449614,0.09656566623429505,0.0,0.0,0.0,0.0,0.017038671310594267,0.35617899667975983,0.0,0.48319738012135816,0.0,0.0,0.0
350,0.14891893395100145,0.0,0.12552266685198704,0.016012807970055977,0.0,0.2515739301823844,0.0,0.0,0.03831710690363164,0.04770657130155211,0.07599257915452477,0.1378613031318718,0.15809410055299078,0.0,0.0,0.0,0.0
351,0.0,0.10080176091282848,0.0,0.0,0.4223633811597451,0.0,0.24335304856230147,0.0,0.0,0.0,0.0,0.0,0.0,0.0,0.0,0.2333107553140019,0.00017105405112316158
352,0.07120509130097853,0.0,0.0,0.0,0.12352178692332563,0.048323837712641905,0.0,0.0,0.005190855366952201,0.0,0.02115385372307361,0.0,0.0,0.11805549021310358,0.015026608396924988,0.289054071270177,0.30846840509282264
353,0.0429606894519445,0.0,0.3620518991757156,0.03617308693346926,0.0,0.0,0.07443519447105765,0.0,0.17918169496433722,0.1446986089510486,0.0,0.0,0.08406931578870312,0.00767898973883446,0.00994789233742634,0.05880262818746332,0.0
354,0.0,0.1579979164754247,0.0,0.2540272698885341,0.19164630769031674,0.0,0.0,0.0,0.0,0.0,0.0,0.0,0.07933806213112414,0.0,0.0,0.17931249495904963,0.13767794885555068
355,0.0,0.0,0.0,0.0033431160472745668,0.09028073542040987,0.0,0.0,0.23233313381715284,0.0,0.04688985750663295,0.03953745616650913,0.09333870320539245,0.2335484213113628,0.12257309724014931,0.0,0.0,0.13815547928511607
356,0.0,0.0,0.466120338421574,0.004602854008148413,0.0,0.16311363542998467,0.0,0.0,0.0,0.11250383337301878,0.0,0.0,0.0,0.12134293816410403,0.0,0.0,0.13231640060317007
357,0.012666693638559977,0.0,0.0,0.0422188698490161,0.0,0.00022049901318151128,0.0,0.16455991013692994,0.0,0.06731467273835982,0.0,0.24589868016843597,0.09686456682401358,0.10565964926555206,0.0,0.2645964583659511,0.0
358,0.0,0.0,0.014258105321415202,0.0017073559563693603,0.0818829536310565,0.0,0.0,0.0,0.05175088114801033,0.0,0.0882470139987104,0.0,0.7621536899444381,0.0,0.0,0.0,0.0
359,0.0,0.0,0.0,0.024499978684142065,0.0,0.0,0.0,0.017000799093004604,0.0,0.004812892994609258,0.3741298179007012,0.27886074300683716,0.05129361462871206,0.008811370656950568,0.0,0.21403003675946253,0.026560746275580735
360,0.5428105590799246,0.0,0.005009695091140075,0.0,0.0,0.06957126964049667,0.0,0.0,0.11962464786371882,0.0,0.09208119863426745,0.11794992740244557,0.0,0.0,0.05295270228800679,0.0,0.0
361,0.0,0.0,0.0,0.0,0.0,0.3754847284389766,0.0,0.0,0.0,0.05040923638565418,0.0,0.0,0.0,0.04828860484258637,0.5258174303327828,0.0,0.0
362,0.0,0.30168143807071385,0.0,0.017252037251477326,0.030380662676288632,0.01765209013013516,0.04769627422382281,0.0,0.0,0.0,0.0,0.09223484730134421,0.023050774450951703,0.035359285019608735,0.0,0.06728736976638752,0.36740522110927004
363,0.0,0.2606492952471224,0.0,0.0,0.0,0.28915182428191255,0.06062324621187858,0.003451345415238012,0.3111592727659604,0.03536743957560871,0.0,0.0,0.039597576502279554,0.0,0.0,0.0,0.0
364,0.5427284604603116,0.0,0.0,0.0,0.05520092956039318,0.04155850020494923,0.0,0.07174559136329653,0.0,0.0,0.031395248827499125,0.0,0.0,0.0,0.06038488410996933,0.0,0.19698638547358108
365,0.0,0.2090269839334364,0.0,0.11748533355328138,0.0,0.0,0.6247450828069855,0.0,0.0,0.0,0.0,0.0,0.0,0.0,0.0,0.04874259970629665,0.0
366,0.11333292248111475,0.0,0.1638234079698278,0.0,0.0074572300339882285,0.019471469450140014,0.0,0.0,0.000703734162439493,0.0,0.0,0.0,0.2550794755919254,0.0,0.21048498109321126,0.0,0.22964677921735313
367,0.097099323885535,0.0,0.0065153815027246716,0.018851155454562923,0.0,0.0,0.0,0.009628290219885849,0.0,0.0,0.21387051763903747,0.0,0.28328463659538383,0.1274066092200879,0.08516754701499527,0.0,0.15817653846778698
368,0.35204035314110066,0.0,0.0,0.0,0.03969868184139876,0.03979660334117528,0.0,0.04481743274628599,0.0,0.0,0.06820693485709564,0.0,0.013154285475518291,0.0,0.017271068248413707,0.0,0.4250146403490117
369,0.1702091845431865,0.08661788080223193,0.09536656812573298,0.0,0.17718075120423873,0.08592996013735181,0.12449231485879193,0.17498957758756226,0.0,0.06304165523206061,0.0,0.0,0.0,0.012404006779357109,0.0,0.0,0.009768100729486077
370,0.1781117745105299,0.0,0.0,0.0,0.0,0.2531812492902936,0.0,0.0,0.0,0.01046900027403737,0.4162337776108587,0.0,0.0,0.0,0.14200419831428052,0.0,0.0
371,0.0,0.0,0.0,0.027401655686833302,0.049652334763046396,0.028492292232733824,0.0,0.0,0.003211557787574939,0.0,0.47366419186636705,0.0,0.0,0.0,0.0,0.41757796766344446,0.0
372,0.11841030165036796,0.019659855227455975,0.2740312864315745,0.0,0.12424998051437408,0.0,0.14422656743780524,0.14217328138687635,0.0,0.04244958699940374,0.0,0.0,0.06398602389068204,0.0,0.03578186432457059,0.0,0.03503125213688948
373,0.0,0.16187954766201532,0.0,0.0,0.0,0.3730758188262379,0.28546144266272067,0.13441211980035211,0.0,0.03915931541240424,0.006011755636269571,0.0,0.0,0.0,0.0,0.0,0.0
374,0.0,0.0,0.0,0.0,0.0,0.02066741403747614,0.010880754283889401,0.20501411939999903,0.06178952052879909,0.0,0.09892490784650805,0.31651949273723246,0.0,0.07275052491299458,0.11314513033533379,0.04857057585681896,0.05173756006094846
375,0.09435863334792098,0.23619410552733738,0.0,0.002893864505429707,0.0,0.11955634192027749,0.058899843732537635,0.0,0.1512831285657812,0.0,0.0,0.33586496172598523,0.0,0.0009491206747303397,0.0,0.0,0.0
376,0.0,0.0,0.0,0.0,0.0,0.05992691002571411,0.0,0.5448844189876565,0.011395699725618833,0.2793701920737173,0.10442277918729324,0.0,0.0,0.0,0.0,0.0,0.0
377,0.0,0.0,0.2517338455252882,0.0,0.25790359566641274,0.326110479875785,0.0,0.007180743418740164,0.0,0.02797849507745364,0.02257715783694545,0.0,0.024057400994851822,0.035567146669190086,0.0,0.0,0.04689113493533269
378,0.0,0.004796786905801629,0.0,0.06475259915140652,0.0,0.46996227637418275,0.022962273839838315,0.0013123535064891272,0.011540574891356506,0.06304095140716932,0.1083084658490319,0.08410875524774351,0.01463491087268141,0.009820382413823301,0.0,0.06689935028657149,0.07786031925390403
379,0.0,0.30685860109553825,0.0,0.0404173687996822,0.0,0.0,0.11665176217055864,0.0,0.0,0.0,0.0,0.0169115829064215,0.0,0.5044189928744284,0.014741692153371032,0.0,0.0
380,0.0,0.1815785547254671,0.0,0.0,0.22432765894608703,0.2225832008766619,0.00947203515243746,0.0,0.0,0.023528255684176665,0.0,0.2939502363598757,0.0,0.040104551904373106,0.0,0.0,0.004455506350921135
381,0.0,0.3150275944503934,0.0,0.007614878311991033,0.0,0.3594071646234655,0.04645990535512733,0.005914974592467974,0.0,0.04417891647587545,0.17251754463644475,0.0,0.04887902155423445,0.0,0.0,0.0,0.0
382,0.0,0.0,0.0,0.0,0.06462501798582647,0.008898256577046652,0.0,0.0,0.0042217565098143965,0.31142205176785626,0.2934511346730121,0.0,0.31738178248644416,0.0,0.0,0.0,0.0
383,0.0,0.0,0.0,0.0,0.3017910302578344,0.05721843253275834,0.0,0.06516582659350292,0.39453102659520894,0.0,0.0,0.0,0.09674033523468659,0.0,0.0,0.0,0.08455334878600883
384,0.0,0.16906255038060314,0.0,0.0,0.0,0.0,0.046563449141588754,0.12052682972351535,0.2594837578791569,0.0,0.0,0.0,0.0,0.2985176173665525,0.0,0.10584579550858342,0.0
385,0.0,0.0,0.3155856659624623,0.15769817761346405,0.0,0.0,0.02184029261283374,0.0,0.0,0.0,0.0,0.0,0.24587460208741432,0.123972603515745,0.0,0.1350286582080806,0.0
386,0.0,0.0,0.2680809643016529,0.0,0.0,0.7038385288183362,0.0,0.0,0.0,0.028080506880010937,0.0,0.0,0.0,0.0,0.0,0.0,0.0
387,0.0,0.0,0.17690735674745287,0.009633246319208293,0.006450178030213462,0.06732789347505441,0.048321695744525266,0.0,0.0,0.0,0.0030491045901170732,0.0,0.08848331037738898,0.18527616356523532,0.0,0.21504100709471494,0.19951004405608946
388,0.0,0.0,0.0,0.046469205931377294,0.03238102090863748,0.0,0.0,0.0,0.0,0.0,0.2901190953276884,0.0,0.11166997285901341,0.004172903401069464,0.25475551076429653,0.26043229080791747,0.0
389,0.41920204750068407,0.31676141996694224,0.0,0.048852456235487875,0.0,0.014612764238300107,0.12664226184828556,0.0,0.0,0.0,0.0,0.0,0.0,0.0,0.07392905021030023,0.0,0.0
390,0.0,0.0,0.3764371713819912,0.0,0.07756381047924957,0.0,0.0,0.011849319618322295,0.1974287308937361,0.0,0.11273365978218047,0.0,0.06827571163483345,0.04867516590761172,0.0,0.0,0.10703643030207521
391,0.0,0.0,0.0,0.14188627846963575,0.0,0.02236193979396629,0.0,0.10314236383125164,0.4484949150370104,0.0002829667887116222,0.024177180478924302,0.0,0.010132458625402692,0.0,0.0,0.11822103673763178,0.13130086023746548
392,0.0,0.0,0.0,0.25642356514575093,0.0,0.3447864763677829,0.0,0.0,0.0,0.045249405940928474,0.20765703862003415,0.0,0.004688888035446822,0.0,0.0,0.14119462589005674,0.0
393,0.0,0.0,0.0,0.009730945941916274,0.0,0.6019282696518916,0.0,0.0,0.0,0.057045283994867114,0.0,0.0,0.0,0.0,0.0,0.33129550041132494,0.0
394,0.18160236329930055,0.0,0.0,0.44752494482282973,0.0,0.0,0.0,0.0,0.0,0.0,0.05048900261918789,0.0,0.07176210558281015,0.0,0.0003600226974926959,0.24826156097837887,0.0
395,0.0,0.0,0.0,0.030183556132522136,0.0,0.012087685564193299,0.0,0.0,0.11568783630507679,0.008358312701096491,0.17103377095154218,0.0,0.0,0.284589313049949,0.020523180812115353,0.3575363444835049,0.0
396,0.18529081377461828,0.04916136762267907,0.0014968054444208462,0.0029967940213728133,0.06345603906420114,0.0,0.2392208065128891,0.0,0.0,0.0,0.054797044155210056,0.0,0.3997708200229861,0.0,0.003809509381622665,0.0,0.0
397,0.0,0.0,0.0,0.0,0.21889016291485486,0.017249288184411918,0.0,0.0,0.0005202901676437103,0.008086299357271516,0.0,0.0,0.0,0.07576474488511416,0.6794892144907039,0.0,0.0
398,0.0,0.1651516561778985,0.02823639004059325,0.1127981162569191,0.0,0.0,0.0,0.022679308816312554,0.46645147211035565,0.0,0.0,0.0,0.0,0.03980897790251181,0.0,0.16487407869540915,0.0
399,0.0,0.0,0.0,0.007513053723539112,0.16674251028117207,0.0,0.0,0.0,0.0,0.0,0.03502832774492322,0.0,0.7691877662550982,0.0,0.0,0.0,0.021528341995267396
400,0.0,0.0,0.1537891687933583,0.0,0.0,0.025739309158607473,0.0,0.1967641794101105,0.4499200445417974,0.0,0.16876869707539802,0.0,0.0,0.0,0.0,0.0,0.005018601020728292
401,0.0,0.1767298828312571,0.0,0.0,0.1288268253009194,0.46256564452735766,0.00836271037684553,0.0,0.0,0.055985395960212174,0.0,0.08368717835544934,0.0,0.08384236264795901,0.0,0.0,0.0
402,0.0,0.0,0.0,0.0,0.0,0.0,0.0,0.0,0.22981652835974178,0.0,0.6838917260432326,0.059879867580259316,0.02641187801676636,0.0,0.0,0.0,0.0
403,0.0,0.0,0.0,0.34677494729053737,0.0,0.0,0.0,0.0,0.0,0.0,0.03760774571297883,0.0,0.1211315968863488,0.0,0.0,0.22565911395099184,0.2688265961591431
404,0.11947117472067467,0.0,0.0,0.0,0.0,0.0736235556899514,0.0,0.0,0.0,0.5119647862390371,0.0,0.08916027546423845,0.0,0.20578020788609852,0.0,0.0,0.0
405,0.0,0.0,0.0,0.0067089710569217375,0.029997668141453885,0.0,0.08824159376475188,0.022488331748080022,0.042540399154540096,0.29211362143339975,0.32341932810930524,0.0,0.017534513649896243,0.0,0.0,0.17695557294165123,0.0
406,0.0,0.0,0.0,0.0,0.0,0.02202619495611446,0.0,0.0,0.475915057242941,0.0,0.0,0.3463517609632084,0.12882169737333896,0.026885289464397298,0.0,0.0,0.0
407,0.0,0.0,0.0,0.0,0.0,0.0,0.0,0.032369008123126,0.399749556717767,0.0,0.23486551340796213,0.0,0.1781297834100968,0.0,0.0,0.0,0.15488613834104797
408,0.0,0.0,0.2941697350193932,0.0,0.0,0.20610616346799315,0.10734141239201762,0.12647468338568768,0.0977809365055938,0.02502149414834131,0.0,0.0,0.0,0.07914615303497748,0.0,0.0,0.06395942204599583
409,0.0,0.10730634386320113,0.0,0.04889244283694398,0.0,0.0,0.0,0.2739141232286678,0.01890401817752022,0.18507340724285828,0.15123034264076715,0.0,0.0,0.0,0.21408774911313158,0.0,0.0005915728969097829
410,0.045671065105343384,0.11829475758031156,0.0,0.0,0.3017386904399357,0.0824661456436224,0.28117207025182717,0.09113876147807479,0.0,0.0,0.0,0.0,0.0,0.041048510925909075,0.0,0.0,0.03846999857497595
411,0.0,0.15287979998604131,0.0,0.012501750310219967,0.0,0.0,0.4616780798704437,0.0,0.0,0.3694795477614046,0.0,0.0,0.0,0.0,0.003460822071890366,0.0,0.0
412,0.13263314913530738,0.0,0.07880197602900367,0.0,0.0,0.0011762089898789596,0.0,0.22866040653954878,0.0,0.2756776680189885,0.17609359277162254,0.0,0.0,0.0,0.0,0.1069569985156501,0.0
413,0.0,0.039882390563084166,0.0,0.23835638531142084,0.0,0.0,0.07170156848366929,0.0,0.0,0.0,0.21908505448406304,0.0,0.1459409806468673,0.006326837019142263,0.0034116906474996873,0.2752950928442534,0.0
414,0.07792380273129396,0.12597094553521324,0.2420081686901873,0.08600394758555316,0.0,0.16322446792994158,0.009077819544574518,0.0,0.0,5.292412939081684e-05,0.1010322905079115,0.0,0.0,0.0663562027717345,0.0,0.12834943057419942,0.0
415,0.0,0.0,0.0,0.0,0.3846631223779029,0.047065567525232194,0.0,0.10198944499189384,0.03386688861050845,0.0,0.0,0.0,0.0,0.3562268439150081,0.0,0.0,0.0761881325794546
416,0.0,0.0,0.0,0.0,0.10327791893682041,0.05553990453678672,0.0,0.0,0.05052842971102832,0.0,0.04361010772105636,0.0,0.048787975109881455,0.00456982669126865,0.19875934948552818,0.0,0.49492648780762993
417,0.0,0.0,0.2657450635069191,0.0,0.0,0.1738788854972382,0.02463024109989855,0.0,0.0,0.06954739130726965,0.029773004303084338,0.0,0.43642541428559006,0.0,0.0,0.0,0.0
418,0.0,0.0,0.011632716717493713,0.0,0.4278848012660803,0.0,0.027367813538714827,0.0,0.0,0.1336282618683729,0.0,0.048391456387105465,0.0,0.030666505601705748,0.0,0.32042844462052705,0.0
419,0.0,0.07717060697305883,0.0,0.16425138351871366,0.047840034373081826,0.0,0.06765218932799738,0.0,0.0,0.009199791676648939,0.05944176275944696,0.038283482840401735,0.03834616424875739,0.14789190420376805,0.0,0.12893877784667498,0.22098390223145029
420,0.0,0.08296952028725572,0.0,0.0,0.0,0.013292669432625798,0.3181698046755812,0.0,0.0,0.5673873097318064,0.0,0.0,0.0,0.0,0.01818069587273094,0.0,0.0
421,0.07197245927087198,0.0,0.0,0.014004453709516489,0.0,0.015587764274194556,0.16994879410220678,0.053607495852675435,0.10344996103180641,0.0,0.0,0.0,0.09825114657175839,0.0,0.04275708901587435,0.237624152408353,0.19279668376274262
422,0.2729587185032482,0.0,0.008694596163600812,0.0,0.0,0.0,0.0,0.007997815114850707,0.2612185490802155,0.0,0.0,0.0,0.29066911842378607,0.0,0.02518262194384244,0.0,0.1332785807704564
423,0.0,0.0,0.21361426456063076,0.0,0.4176317329712099,0.03159452025650918,0.0,0.0,0.0,0.0,0.0,0.0,0.0,0.3371594822116502,0.0,0.0,0.0
424,0.40195074490668564,0.06478426425052608,0.0,0.0,0.2269959716752292,0.02830160932522711,0.0,0.0,0.0,0.0,0.0,0.0,0.0,0.0,0.022489611677035663,0.059997057318434834,0.19548074084686157
425,0.0,0.0,0.0,0.0,0.07698125163142726,0.0,0.0,0.0,0.07454283435970167,0.0,0.8205515827814122,0.0,0.0,0.0,0.0,0.027924331227458982,0.0
426,0.0,0.16493865644075922,0.0,0.0,0.0,0.03723936946879819,0.011234827314535041,0.0,0.0,0.0,0.0,0.35317412161900796,0.0,0.014269408851846719,0.19434160930292474,0.0,0.22480200700212832
427,0.0,0.0,0.0,0.0,0.010181023488821685,0.39854067927392445,0.0,0.0,0.0,0.03387601455028025,0.00859429219087797,0.0,0.0,0.5488079904960957,0.0,0.0,0.0
428,0.0,0.1025129459413153,0.0,0.0,0.0,0.0,0.3453049990266081,0.0,0.0,0.0,0.0,0.0,0.0,0.4012816903515715,0.04675832684771998,0.10414203783278514,0.0
429,0.0,0.0,0.0,0.1181084238834106,0.0,0.05515431115454551,0.0,0.0,0.0,0.0,0.0,0.0,0.0,0.0,0.0,0.8267372649620439,0.0
430,0.0,0.0,0.0,0.3124373471573685,0.0,0.38436675838435785,0.0,0.0,0.0,0.04878035470463549,0.02398700380106999,0.0,0.04101547527805096,0.0,0.0,0.18941306067451727,0.0
431,0.19786288706027017,0.0,0.27244371597713507,0.010559387176367854,0.0,0.1978930247560911,0.07317877775067491,0.0,0.0,0.016268746820977713,0.0,0.20430823633938155,0.0,0.0,0.0,0.027485224119101592,0.0
432,0.0,0.0,0.31774951167953447,0.08603908200106697,0.0,0.037650270480699265,0.0,0.0,0.14949147517595987,0.0,0.0,0.013110908051756817,0.0,0.12606443747311846,0.1775343316068033,0.09235998353106088,0.0
433,0.0,0.0,0.21183825090318859,0.0,0.11188452426257105,0.09102259177884116,0.0,0.15060469833002393,0.09678523333871422,0.3152298940845182,0.0,0.0,0.0,0.02144633705212968,0.0,0.0,0.0011884702500131773
434,0.0,0.0,0.2669187726999679,0.06376190885680208,0.008144473841466124,0.007466115357994908,0.05466040618866689,0.027690368860445395,0.20911777124862202,0.3135937330996042,0.0,0.0,0.0,0.00845563812146686,0.0,0.04019081172496364,0.0
435,0.0,0.0,0.0,0.0134086394139429,0.21019998345313265,0.0,0.0,0.0,0.0,0.0,0.0072117226328005405,0.0,0.4764743655520389,0.0,0.25617339866843597,0.0,0.036531890279649024
436,0.0,0.06253746134744109,0.0,0.029055472092329948,0.0,0.0,0.0,0.2641480579557766,0.12409087265570964,0.13112157775106728,0.0,0.11126025792754288,0.0,0.008434065059035723,0.002785337836433249,0.2665668973746636,0.0
437,0.0,0.0,0.30217432886849854,0.0,0.0,0.1302605632635095,0.0,0.015066389591865976,0.0,0.0,0.3068446481837072,0.0,0.0,0.0,0.24565407009241874,0.0,0.0
438,0.0,0.04244958347691329,0.0,0.10885972047263033,0.1260052548717026,0.0,0.0,0.08967035690719533,0.0,0.0,0.16392737762255497,0.0,0.02570314838193255,0.1296399476421297,0.09995770840638336,0.17997450839306467,0.033812393825493316
439,0.0,0.18435647880993727,0.0,0.0,0.14316830778157538,0.07573320677332941,0.009950291862160668,0.0,0.0,0.05345613581044633,0.0,0.0,0.11090286509262634,0.29963393815694855,0.0,0.0,0.12279877571297605
440,0.0,0.0,0.0,0.0,0.0,0.8345584288711534,0.10118130365998232,0.0,0.0,0.040473468463917306,0.023786799004946874,0.0,0.0,0.0,0.0,0.0,0.0
441,0.0,0.06374530258062394,0.1515454363467802,0.0,0.0,0.365472532620381,0.0,0.0,0.1834629335525114,0.027065716786499452,0.0,0.0,0.20371348189153723,0.004994596221666796,0.0,0.0,0.0
442,0.0,0.05032485494741416,0.0,0.21217361285389225,0.1634500443882398,0.0,0.0,0.02859509931311723,0.0,0.0,0.20550981872707041,0.0,0.09219818934372699,0.0,0.0,0.17915049232628472,0.0685978881002543
443,0.02276294718274781,0.0,0.0,0.0,0.0,0.02053924397248723,0.0,0.0,0.0,0.28859068801692006,0.18876939531878584,0.0,0.14955163500413585,0.0008539228202165414,0.1266062551974826,0.0,0.2023259124872239
444,0.0,0.027433912836180137,0.0,0.0,0.0,0.0702495348459608,0.0,0.3018452360086618,0.0,0.19059093922239106,0.07594286788420106,0.15300153506059802,0.0,0.010257672798149934,0.0,0.17067830134385717,0.0
445,0.0,0.0,0.0,0.0,0.0,0.5769656350889525,0.0,0.21096647181018602,0.0,0.09221599946622665,0.0,0.0,0.0,0.0,0.0,0.0,0.1198518936346348
446,0.0,0.08424242665514711,0.07731335577930122,0.06732736603657537,0.0,0.0,0.03948253619208237,0.00266373783678035,0.0,0.08502159617062109,0.138642548398865,0.21951314591519583,0.0,0.0071265517508883516,0.0,0.2786667352645432,0.0
447,0.0,0.3701177432072126,0.0,0.046791656425711634,0.0,0.0,0.11130628984697444,0.0,0.0,0.20376135563280676,0.0,0.0,0.0,0.26802295488729466,0.0,0.0,0.0
448,0.0,0.0060328396693294,0.029482661487102556,0.002026852160948572,0.06715475903415656,0.0,0.19554618797350004,0.0,0.0,0.0,0.0531714455608507,0.0,0.6465852541141122,0.0,0.0,0.0,0.0
449,0.0,0.10092637208413456,0.11676412669184912,0.0,0.0,0.0,0.062459569929004796,0.0,0.1174678715720519,0.0,0.0,0.0,0.27696007464651645,0.24159213219022016,0.08382985288622309,0.0,0.0
450,0.0,0.1892131660465443,0.13440791937470076,0.06644236348464967,0.1622366424614248,0.1980677275320834,0.0,0.005954112859702069,0.0,0.02908351214674125,0.0,0.0,0.0,0.09661204185227125,0.0,0.05592793513701883,0.06205457910486383
451,0.2724827597732096,0.0,0.0,0.0,0.0,0.0,0.0,0.0040031453592300065,0.0,0.06149958100843133,0.3929316700176087,0.0,0.0793708099227899,0.0,0.0513693510843468,0.0,0.13834268283438353
452,0.007976136810206818,0.0,0.4337328160379395,0.1499837612500699,0.0,0.16537994878227222,0.0,0.0,0.0,0.09990693029324012,0.014231366714835863,0.0,0.0,0.0,0.0,0.1287890401114356,0.0
453,0.09823294324539476,0.22309275954876678,0.09019451074526386,0.01846113849166908,0.0675864658241056,0.0,0.17882817214065974,0.0,0.0,0.32062130086632074,0.0,0.0,0.0,0.0,0.0,0.0029827091378193914,0.0
454,0.0,0.0,0.5488900051145092,0.0,0.0,0.02907473110336756,0.0,0.0,0.0,0.0,0.0,0.005288109047816596,0.0,0.399187657535495,0.017559497198811672,0.0,0.0
455,0.0,0.08045722581910364,0.0,0.0,0.014203008855288968,0.3187412424434927,0.0,0.029561907574956962,0.11783020862739947,0.03005539774265688,0.0,0.03885339158225552,0.03295999634358051,0.09328470432929217,0.0,0.0,0.24405291668197313
456,0.0,0.0,0.0,0.01172421457566957,0.0,0.060825775127228705,0.0,0.0,0.4311185846823662,0.0,0.0,0.0,0.035493906876506325,0.0,0.0,0.3201823501689803,0.14065516856924887
457,0.0,0.04729089387469881,0.0,0.0,0.0,0.2718174085734307,0.21423794377259975,0.0,0.0,0.0,0.0,0.0,0.0,0.0,0.0,0.4666537537792707,0.0
458,0.10255616708320736,0.0,0.18474981401801707,0.0,0.09141743264806285,0.07812611784072211,0.0,0.0,0.011415521818609694,0.0,0.014888637917060231,0.33682856174532866,0.0,0.0,0.03900229291845563,0.0,0.14101545401053628
459,0.0,0.18982509902536918,0.02781456388167803,0.01897862081536499,0.06613642174140963,0.0,0.03158375309918283,0.0,0.0,0.0,0.06587182103340332,0.0,0.599789720403592,0.0,0.0,0.0,0.0
460,0.18268628596407996,0.0,0.0,0.0,0.13570696014208844,0.09903550955995348,0.15665608302474338,0.0,0.0,0.0,0.0,0.38826833312489906,0.0,0.0,0.0,0.023532942228258098,0.014113885955977476
461,0.0,0.07443769733846739,0.0,0.0,0.0,0.0,0.19148945636684003,0.026888492161537964,0.27220997944813236,0.11189467877716786,0.0,0.0,0.0,0.06911973424204135,0.25395996166581314,0.0,0.0
462,0.35636969163207277,0.0,0.0,0.040544957713580444,0.007166317237556805,0.011629100708362528,0.0,0.20587879683211702,0.0,0.0,0.121521584080763,0.0,0.0,0.0,0.046434026753929034,0.21045552504161838,0.0
463,0.0,0.04746601623416808,0.16396206868323357,0.0,0.0,0.0,0.16630564551572385,0.14072020610644045,0.0,0.14318539018739293,0.07921022426875461,0.018881404926381868,0.0,0.13610627856891516,0.076961512639724,0.0,0.027201252869265464
464,0.056209415528658026,0.0,0.0,0.03901817702391631,0.11446763678696478,0.01728000193896103,0.0,0.3217260454449147,0.14000628960671466,0.0,0.0,0.0,0.0,0.0,0.0,0.23633270378026094,0.0749597298896097
465,0.05941200550861274,0.0,0.0,0.06449398151683164,0.0,0.33954704398064983,0.009102973208038495,0.0,0.03853191997977315,0.00782017761007254,0.0,0.0,0.29831244994467265,0.18277944825134884,0.0,0.0,0.0
466,0.0,0.0,0.0,0.0,0.07086070467641148,0.004700719517597082,0.0,0.32241536627893796,0.0,0.22445056231228433,0.05174700713386822,0.0,0.0,0.0,0.0,0.0,0.32582564008090087
467,0.0,0.0,0.0,0.216745394545667,0.0,0.0380211805027465,0.0,0.0,0.017414427270248323,0.0,0.015899966494625373,0.21900735533784715,0.0,0.37883189589947236,0.0,0.11407977994939321,0.0
468,0.0,0.027587974306882753,0.0,0.02707134549934844,0.0,0.0,0.25481087216487763,0.06513659052150977,0.15204668099905394,0.20543963050625835,0.0,0.0,0.0,0.013859746158831118,0.23115647969129716,0.02289068015194087,0.0
469,0.11359709732235433,0.0,0.051077690097879026,0.1714051048180748,0.0030856528590408414,0.06606542237304384,0.0,0.0,0.0,0.15178468441161552,0.07593182845334019,0.0,0.030468853600701742,0.04061625510088603,0.0,0.15714000751535456,0.13882740344770902
470,0.0,0.0,0.0,0.0,0.0,0.0412071400268515,0.0,0.0,0.0,0.0,0.0,0.7976417803667282,0.0,0.00037633711543343335,0.0,0.16077474249098692,0.0
471,0.1453258541718946,0.0,0.0,0.00991470926338805,0.0,0.2886164636183559,0.0,0.0868900814306136,0.10593018470096066,0.0,0.0,0.0,0.177746173857678,0.05819328626745664,0.08508089609263354,0.042302350597018853,0.0
472,0.0,0.0,0.0,0.0,0.011149280924290616,0.09605515043264815,0.0,0.0,0.0,0.0,0.0,0.8293909556881384,0.0,0.06340461295492279,0.0,0.0,0.0
473,0.005677915991954009,0.021064338162378363,0.0,0.0,0.12595888938313143,0.36447402392196704,0.1093661924059166,0.0,0.0,0.012504690581407421,0.0,0.2550951750855119,0.0,0.1007612520343574,0.0,0.0,0.005097522433375947
474,0.0,0.0,0.0,0.15289483968509524,0.353131034261023,0.006228394659449061,0.0,0.0,0.0,0.0,0.0,0.0,0.2235140801990027,0.0,0.0,0.21912424429604185,0.045107406899388136
475,0.0,0.0,0.22411241885381591,0.09491520226043043,0.0,0.12346697919132707,0.0,0.0,0.0,0.011655716565010972,0.28272831619458105,0.0,0.0,0.0,0.1543836851645148,0.10873768177031982,0.0
476,0.0,0.0,0.2539755184534671,0.006617865074708393,0.0,0.0,0.07372956693425196,0.26683471756708466,0.0,0.0,0.0,0.0,0.08608717959467879,0.14266296988148022,0.0,0.1700921824943289,0.0
477,0.0,0.0,0.0,0.0,0.016587330491396254,0.005572158241657524,0.0,0.047909311140245055,0.44917678649270404,0.04594999208144033,0.0,0.15040646400721094,0.07235030181840267,0.0780503239217371,0.1255198101634002,0.0,0.008477521641805732
478,0.0,0.0,0.0,0.07039620798227113,0.0,0.04039840743960463,0.0,0.11503292547257209,0.0,0.0,0.03118092508215146,0.009402895038262216,0.0,0.0,0.0,0.7335886389851385,0.0
479,0.0,0.0,0.0,0.1614757593900025,0.03438590207475378,0.0,0.0,0.16060965077217268,0.0,0.0,0.16212616041701955,0.12181863622328108,0.0010006954680964505,0.043391181633257815,0.0892250432737159,0.11106984055159069,0.11489713019610957
480,0.0,0.10882869384601948,0.32270190791582204,0.23978281582136277,0.0,0.0,0.0,0.0,0.0,0.013830867125123797,0.07697395846773776,0.0,0.0,0.0,0.0,0.16818982678688282,0.06969193003705146
481,0.0,0.0,0.0,0.0,0.0,0.13228609776534786,0.11792119449215716,0.0,0.2915173778930469,0.17520915083610883,0.0,0.0,0.2532283873260183,0.0,0.0,0.0,0.029837791687320824
482,0.1359880795188225,0.08226475558860472,0.0,0.0035385810657994872,0.06610694025501211,0.16428865932182551,0.11783766769822185,0.0,0.0,0.16320714655964202,0.0,0.0,0.05160842300752185,0.030693921396722768,0.0,0.1844658255878271,0.0
483,0.0,0.0,0.0,0.0,0.0,0.0,0.19506068698583331,0.0,0.21341956872638596,0.2123229719630706,0.0,0.19100159754873502,0.0,0.08435966480476456,0.0,0.10383550997121072,0.0
484,0.0,0.0,0.0,0.0651030407935064,0.019201034087864808,0.0248602931733288,0.0077104280869330815,0.0,0.03877629952750273,0.0,0.0,0.1702231962457392,0.075595089849595,0.16679238470271968,0.09599390256303653,0.33574433096977363,0.0
485,0.0,0.043308785042935616,0.0,0.0,0.0,0.0,0.0,0.0,0.2160975933597569,0.3605918260710535,0.34612494349104367,0.0,0.03386542075574573,0.0,0.0,0.0,1.1431279464607635e-05
486,0.005816765270861417,0.0,0.0,0.015276558776259138,0.0,0.09636080501192176,0.0,0.0,0.0,0.21332009828509177,0.0,0.2820895501963914,0.0,0.011027017546099454,0.0,0.37610920491337496,0.0
487,0.0,0.0,0.0,0.061425427946829855,0.026512933473032456,0.0,0.0,0.0,0.0,0.0,0.0461826186373585,0.19726400145877096,0.40154508213946777,0.0,0.0,0.2670699363445404,0.0
488,0.08306269566071957,0.08411077224445565,0.13298278717465287,0.0,0.0,0.0,0.2537411157042512,0.037647755634230215,0.034438713685314655,0.0,0.20979995677873559,0.0,0.006755282030077321,0.02087448149342342,0.0,0.0,0.13658643959413957
489,0.0,0.0,0.0,0.22014656063650787,0.0,0.0,0.0,0.17808869410588923,0.0,0.11682178900399881,0.0,0.0,0.07014768795428426,0.2411286436541316,0.0,0.17366662464518814,0.0
490,0.23899109609352678,0.0,0.17000367036683484,0.0027258796258686074,0.0,0.028130423446026648,0.009052381172402927,0.22941311999449523,0.0014892275613137798,0.0,0.0,0.0,0.0,0.0,0.07217680797373505,0.2480173937657962,0.0
491,0.004478784125200991,0.095282950845081,0.0,0.0,0.009074456655327958,0.008405509649598023,0.3115785106183661,0.1975601191457747,0.046041118879893976,0.0,0.0,0.07448599582814587,0.06537701707935216,0.035189373656389765,0.0,0.0,0.15252616351686935
492,0.25787979565188573,0.0,0.0,0.0,0.0,0.0700626854170749,0.0,0.0,0.0,0.6542409130914917,0.0,0.0,0.0,0.0,0.017816605839547906,0.0,0.0
493,0.0,0.0,0.0,0.0,0.0,0.020355918059017493,0.0,0.28062407340436674,0.4589170350950896,0.05968544752699316,0.0,0.0,0.0,0.0,0.0,0.0,0.18041752591453303
494,0.0,0.10396377705307064,0.0,0.0,0.1527039435219832,0.0,0.2612765607686384,0.07065579896274042,0.0,0.0,0.0,0.0,0.0,0.0,0.2493990560785654,0.16200086361500188,0.0
495,0.2767159108711627,0.0,0.0,0.2233264710044246,0.0007798118433923636,0.18285368035964786,0.0,0.1254656771955421,0.0,0.0,0.0,0.0,0.05239733625082686,0.0,0.025637047057607283,0.11282406541739613,0.0
496,0.0,0.0,0.0,0.12559903890789556,0.04072684547762884,0.03250949741839071,0.0,0.0,0.0,0.089456571278773,0.0032066692252720533,0.1873397338204146,0.08193941309000706,0.007670424466772831,0.0,0.08607735635906126,0.34547444995578386
497,0.0,0.0,0.43795058181765567,0.0,0.0,0.05711343026854665,0.0,0.0,0.0,0.3561644638689589,0.052926130510525415,0.0,0.0,0.002162767957033374,0.09368262557727994,0.0,0.0
498,0.0,0.06935901817177796,0.0,0.0,0.0,0.0,0.0,0.11458069625225216,0.2365529616989969,0.0,0.17844160746072948,0.0,0.0,0.010615254173501402,0.2718337009149256,0.1186167613278164,0.0
499,0.0,0.0,0.0,0.0,0.07612225633589162,0.05853090580477387,0.0,0.0,0.020147848907028327,0.1764576707846236,0.024470421019033333,0.4768107538822991,0.0,0.0,0.16746014326635028,0.0,0.0
