,retinal pigment epithelial cell,microglial cell,T cell,retinal rod cell,retinal cone cell,retina horizontal cell,rod bipolar cell,amacrine cell,retinal ganglion cell,Mueller cell,astrocyte,endothelial cell of vascular tree,monocyte,natural killer cell,fibroblast
0,2.1535767e-05,2.1310054e-05,0.00034505833,0.010247141,0.026978577,0.006433177,0.029059175,0.007886259,1.4632654e-05,0.002619259,2.2446167e-05,0.12959284,0.017493313,1.1461142e-06,0.00016145504
1,2.8848553e-05,1.5744305e-05,0.44698656,0.036390293,0.0014053188,0.0020916956,0.0033379842,0.00012584896,1.5123507e-06,0.015161526,6.4236897e-06,0.00049717264,0.002532096,1.43481175e-05,0.002241636
2,0.000765529,7.2341085e-05,0.00079162663,0.004018467,0.0032529132,0.0006641625,0.0011549501,0.00051946595,0.028670812,0.31886542,0.03497284,0.028323455,8.766103e-05,9.273877e-07,0.04147527
3,3.5744174e-06,4.4112687e-05,0.00051655114,0.0019529037,0.00013929346,2.4889821e-05,0.01578873,4.3141805e-05,2.298353e-08,0.22574078,0.0006974678,0.008015136,0.023032546,1.2412218e-06,0.022403512
4,2.7026927e-06,8.142095e-05,0.023560306,0.066120535,0.0090786,0.001503801,0.0011196743,0.0049707824,0.06335542,0.19221142,0.00062060956,0.0020275924,0.0001208317,0.0007802448,0.13597114
5,9.083659e-07,3.570007e-05,0.45520583,0.003719666,6.71886e-05,4.0399584e-05,0.00026700826,1.3653865e-05,1.3060971e-06,0.3450935,0.00057996856,0.010760796,0.0012416652,3.815181e-05,0.0016119613
6,7.930201e-05,4.6637473e-05,0.31427932,0.002245243,0.0005262592,1.2536635e-05,0.0005614323,7.012712e-06,4.4653683e-07,0.004986319,1.4715522e-05,0.00028251103,0.008585427,0.11070918,0.00073175406
7,0.0011948956,0.00017302817,0.36193362,0.036114242,0.034831565,0.0009952888,0.0015297356,0.0008966851,0.065081246,0.0072057024,3.7611546e-05,0.00024784598,0.00073030853,0.15357386,0.0014052888
8,5.5289685e-05,8.7440494e-05,0.06745579,0.12851286,0.039391987,0.021812571,0.00018990586,0.021132037,9.4255476e-05,0.094090804,0.00038286237,0.25447398,0.0005481647,0.00072653254,0.00019295329
9,5.6975387e-07,1.7189544e-06,0.31335017,0.006841143,0.087865524,2.7115104e-06,0.00019287453,5.0472318e-06,3.683034e-05,0.33933997,0.021490533,5.1898478e-05,0.00032972218,6.9126736e-06,0.015376086
10,8.721043e-05,8.69755e-06,0.0054504024,0.003709612,5.718647e-05,0.00019656435,0.00073808036,2.2139635e-05,2.3752246e-07,0.24981645,0.0015444623,0.46517202,0.0020507996,1.0528968e-05,0.0003186221
11,1.4701859e-06,3.4372167e-07,0.25881675,0.004289468,0.5129372,7.225943e-06,1.8961902e-05,2.8775842e-06,6.640707e-08,0.00025944275,4.3990065e-05,0.018479817,0.00034221553,0.012357085,0.02137999
12,5.2678947e-06,5.122557e-06,0.23070186,0.03374766,0.0017322201,0.39083156,0.00013967573,0.00045264693,0.00037077809,0.024466515,0.00016086333,0.0021229123,0.0024858837,0.07965231,0.0015984975
13,1.2506428e-05,8.716303e-06,0.15221225,0.0067240484,0.00084165187,0.18624684,0.0007220372,0.0031058951,0.0011211686,0.015487785,1.8525867e-05,0.0016597176,0.0075372504,0.022649199,0.0014117968
14,4.9320338e-08,1.8431466e-07,0.0011424001,0.01723487,0.9458559,2.433984e-07,6.253153e-06,2.8539213e-07,9.8044195e-09,0.0003703583,4.6399175e-05,3.784845e-05,0.00013828986,5.6612308e-08,4.8600967e-05
15,4.66388e-05,0.00019475729,0.036358457,0.004803157,0.0021763751,0.0058641667,0.00021310049,0.0012030026,0.4623757,0.006951389,0.00049487257,0.00047124986,0.00058035593,0.0006884996,0.03883971
16,2.0426437e-06,1.4332737e-05,0.17942728,0.012501351,0.5331519,0.0016734551,0.0005188682,0.0030469035,0.010042358,0.0009915562,2.7156164e-05,0.024396684,0.0011685712,0.00018525252,0.00055963086
17,3.592417e-06,1.5992052e-06,0.00052346714,0.0046772505,0.00013925615,0.008044608,0.0012742629,0.011949474,6.56779e-05,0.40238976,0.14031006,0.00035558385,0.000608366,2.0086544e-07,0.0006825683
18,8.573691e-06,2.1884823e-06,0.055366147,0.024252124,0.09367775,1.3074139e-05,0.014009708,1.2104686e-05,5.1611252e-08,0.18028401,0.007904811,0.06262808,0.017572377,7.489316e-06,0.0013804424
19,2.6457183e-05,0.00016341145,0.24238226,0.008823672,0.003848694,0.0010004076,0.0004691652,0.00031278905,0.26022923,0.16751736,0.01185127,9.6981945e-05,0.00025821803,0.0003207643,0.00041844376
20,2.4735067e-05,4.498477e-06,0.7309278,0.0077598407,0.045387,1.1383004e-06,0.00016459524,6.4590625e-07,5.0316014e-08,0.106934175,0.00019549365,5.3405976e-05,7.5002674e-05,5.300036e-06,0.0024660141
21,4.3260125e-06,4.484147e-06,0.050401863,0.117861785,0.0015681526,0.008488436,0.00030464106,0.10577342,2.8798842e-05,0.27213687,0.009095624,0.025124576,0.006340945,1.245293e-06,0.0009769758
22,7.4791365e-06,4.9297264e-06,0.0020931698,0.0024618916,0.00025208155,0.0013686112,0.0126785645,0.002184204,0.0017328081,0.39382714,0.0024625428,0.16745874,0.0038022262,6.4819466e-07,0.0005036605
23,0.00013082092,1.3497529e-06,0.23099765,0.013493746,0.0012726295,6.6186134e-05,0.00013007523,1.8673427e-05,1.6732129e-07,0.029010123,2.380735e-05,0.010048763,0.00011428009,0.062389057,0.0029488772
24,4.3430355e-06,8.710152e-05,0.00023135704,0.004659413,0.00038207127,0.0043751267,0.0015698136,0.0016634543,1.0341209e-05,0.24488541,0.0036333955,0.00037925612,0.0029944752,1.5740255e-06,0.00032961974
25,1.4123527e-06,6.2681174e-06,0.00064132555,0.0009049888,0.000334124,1.5910864e-05,7.4130585e-05,7.225386e-05,1.2623471e-07,0.00048432936,7.428322e-05,7.384598e-05,0.0038283495,1.6833794e-06,0.07687994
26,3.6321285e-07,4.3231394e-05,0.19803248,0.0045738285,0.00012986442,0.23527288,0.00015102627,0.15569286,0.001792282,0.0071097068,8.668435e-05,0.00016377502,0.0028576865,0.03366504,9.406209e-05
27,0.00034753353,6.834223e-05,0.13277723,0.0040493095,0.00096946076,0.039218612,5.7341855e-05,0.0039167316,0.47100973,0.014865161,0.00016890602,0.00054848625,0.00067687023,0.03792213,0.0007196792
28,8.94957e-06,4.7126596e-05,0.11562864,0.06401585,0.01028024,0.014559312,0.0001629998,0.0018961877,0.25934204,0.017352385,8.849373e-06,0.0011194184,0.00114711,0.0006110538,0.0022809245
29,0.000104061495,3.012397e-06,0.52088773,0.001971012,1.6119533e-05,6.92629e-06,4.333727e-05,6.4431043e-07,8.603763e-09,0.15731715,0.000164756,0.09294028,5.9169142e-05,7.766479e-06,0.0005824896
30,0.0064662076,4.1095072e-06,0.003122162,0.02788785,0.14894418,8.413481e-05,0.001186548,0.00059614016,0.21457785,0.16930065,0.009754192,0.00080313755,0.0010762537,6.0413464e-07,0.024814732
31,6.723799e-05,2.7840562e-05,0.18958479,0.001498542,0.00022137928,5.5263325e-05,0.07544096,2.1708776e-05,1.8925332e-08,0.11747532,0.0016396822,0.068998866,0.029099364,7.350401e-05,0.0027226713
32,0.008418128,1.9197134e-05,0.07386573,0.0001297666,0.028399237,1.3059081e-08,0.00010381654,1.6833974e-07,4.4782045e-08,0.10095866,0.026950626,0.0011785887,0.0042201006,5.8029396e-05,0.2646607
33,8.849951e-06,2.2041848e-05,0.25186414,0.02253702,0.00070965086,3.02953e-06,0.00020617423,5.8957846e-07,4.2185735e-09,0.31703275,0.017608572,0.044932757,0.0025823123,0.14910914,0.00064565014
34,6.689291e-05,0.0001350903,0.00052021904,0.004441727,0.0014251224,0.0014291892,0.0005021253,0.00070157653,0.07264881,0.4089502,0.06794097,0.00025644698,0.00020252352,1.0277549e-07,0.0015554151
35,1.235629e-06,2.9748755e-06,0.00045458626,0.006964674,0.004292988,0.0010049327,0.000108887914,0.0011854129,1.3463119e-06,0.1760458,0.0007322896,0.00023969576,0.0057717287,2.6564018e-07,0.0016948034
36,0.043111823,0.0003746853,0.0004575537,5.7171572e-05,0.0008796415,4.1560529e-07,0.00010741836,2.5197508e-06,6.157743e-07,0.035819687,0.0024165849,0.00060532894,0.00012816032,5.9602047e-07,0.03287993
37,0.00016609732,1.5438817e-06,0.24429867,0.0023131971,0.000177728,0.0038940336,0.0064253816,0.00045699053,4.652654e-06,0.22722822,0.036435198,0.09279781,0.0043190788,5.1642735e-05,0.002952353
38,6.9623047e-06,5.6495952e-05,0.18830828,0.054454125,0.003431254,0.0021885596,0.0002535607,0.0049395165,0.002189265,0.28722227,0.000389702,0.19705874,0.0011934261,0.00019413169,0.00010168929
39,1.8402312e-07,5.8537284e-05,0.008019105,0.20354651,0.008260664,0.0007739271,0.0074514234,0.00094415474,4.5580337e-06,0.1540794,0.0011201854,0.0003401698,0.004258192,7.140393e-06,0.00020701598
40,4.104742e-07,2.4891308e-06,0.0102691855,0.5733865,0.007594332,0.000108623615,2.8849996e-05,0.00031085373,5.332803e-07,0.036966756,0.00063659716,0.16257733,0.00038559778,1.1712409e-06,0.00086176005
41,9.917932e-07,4.429024e-06,0.49278387,0.0023534342,6.2043564e-06,1.998066e-06,2.7926277e-05,2.6129399e-08,1.0501675e-09,0.3078877,0.00061222253,0.000108117856,4.3655098e-05,6.712181e-05,0.0006527749
42,6.837556e-05,1.5904296e-06,0.0022499387,0.019853186,0.86253154,2.7062122e-06,7.228567e-05,5.677954e-06,2.8684124e-05,0.009650281,0.00023093069,5.7541693e-05,0.00063652813,2.1491073e-07,0.0005341382
43,7.3919216e-07,2.3699318e-05,0.00044837984,0.00066677324,0.00012267644,0.3864724,0.01745692,0.010613736,0.0075150044,0.02419742,0.0003490901,0.0005955725,0.016086714,2.7601249e-07,0.00032812927
44,7.61274e-06,4.9972557e-05,0.49843308,0.0085548395,0.2248431,6.499832e-06,0.0005371829,3.620594e-06,7.039381e-07,0.00020503979,1.1668338e-05,0.00018005035,0.00025372682,0.017208502,0.0005318052
45,3.1014935e-07,9.936674e-07,0.0334869,0.06631502,0.32677087,0.0003466352,8.072706e-05,0.0030319947,0.007019973,0.18706414,0.011041473,0.0002300596,0.00024450658,0.000112526046,0.0002770987
46,8.720128e-07,3.6541946e-06,0.0030324128,0.11892781,0.0006003613,2.8053473e-05,4.580086e-05,2.2915057e-05,1.4949105e-08,0.39204514,0.0022421514,0.30102938,0.00071605673,3.530588e-07,0.00017652696
47,5.023836e-05,0.000101163656,0.09830398,2.3810808e-05,3.3050663e-05,3.1827763e-05,5.676315e-05,4.8068705e-05,4.9202404e-06,5.2206946e-05,4.138385e-06,0.00071674713,0.0017866904,0.09958859,0.0015242981
48,0.00026358876,8.1759714e-07,0.14692123,0.033677302,0.11886313,0.0042578173,0.000115604336,0.0049452726,0.023788681,0.021938775,5.509585e-05,0.16482525,0.00070021657,0.023396041,0.0007622243
49,0.04889092,0.00066250353,0.00037004866,8.845409e-05,0.00070725597,5.671582e-07,6.197002e-05,2.7013982e-06,8.0553195e-07,0.021916427,0.0010135758,0.00090246485,0.0005548858,3.4049526e-07,0.029354215
50,0.00018875112,4.3470175e-07,0.19390641,0.008056946,0.18730183,0.06794176,0.0002611947,0.11795034,0.0006373274,0.023739778,0.000579983,0.036486827,0.0032222974,0.025168255,0.010049244
51,7.489839e-07,7.936301e-06,0.16334555,0.0014165499,2.2452928e-06,2.4852213e-07,3.802024e-05,1.5039096e-09,7.671112e-11,0.5527186,0.10939072,0.00020115748,4.6491896e-05,0.00012536907,0.0010297449
52,0.00017260402,4.4133332e-05,0.3122576,0.028865049,0.0053530387,4.6880417e-05,0.0008038726,1.07294745e-05,1.510102e-06,0.011185499,5.093454e-06,0.0003451114,0.00043084117,0.002465024,0.0022125898
53,3.4157483e-07,5.390821e-06,0.09415641,0.0020724358,9.210606e-06,0.08164225,5.3058204e-05,0.102219276,0.00034158447,0.30216354,0.0021455258,0.073182866,0.0003063587,5.6925197e-05,0.00015472024
54,9.785605e-06,1.471129e-06,0.6245904,0.08006301,0.002020833,6.6553145e-07,0.021898407,8.0636283e-07,4.227064e-09,0.002513862,1.798237e-05,2.0391082e-05,0.0013659195,5.7913447e-05,0.0009304583
55,4.2690948e-07,3.753469e-07,0.0022122348,0.024380136,0.5906023,9.707554e-07,7.5429994e-06,9.837133e-07,4.7801696e-09,0.18847294,0.032955565,0.0045225625,0.00024971637,1.8364834e-07,0.0001841098
56,2.9928142e-05,1.4762691e-06,0.08190288,0.003908927,0.00042597458,0.002085167,3.5660738e-05,0.0005071886,0.06152026,0.2699755,0.00048069254,0.24260922,0.00016071877,0.0015558703,0.00029476508
57,7.3084484e-06,3.0853855e-06,0.6289511,0.0062480615,0.016369678,0.0014768556,0.00030740164,0.0036160385,4.3235283e-05,0.120157965,0.0017884407,0.00020426382,0.0002812878,0.0013375649,0.0109397685
58,0.00052278885,1.7382298e-06,0.00042800506,0.0013790001,0.00022334965,7.7909375e-05,0.07930835,1.706738e-05,1.6255377e-07,0.20778264,0.010208973,0.036022235,0.018352754,2.0311059e-07,0.0025544774
59,4.815606e-06,0.0011739408,0.00017088024,0.10683645,0.0075090695,3.252914e-05,0.0008631351,1.9482291e-05,9.051863e-07,0.015059309,2.4077754e-05,3.0240952e-05,3.1927937e-06,2.0905904e-06,3.592234e-05
60,7.749552e-06,9.772014e-07,0.0006184241,0.008545489,0.00022277691,0.0002384406,0.00016477784,0.00040530492,1.14881566e-07,0.1774462,0.0065274076,0.029227396,0.002038039,5.174673e-07,0.0046637016
61,1.660578e-05,2.1669575e-06,0.017546723,0.04575976,0.0017807706,1.0574681e-05,0.0019015484,5.6625646e-05,2.968484e-07,0.26295432,0.04370504,0.00016842381,0.0006891212,2.0610748e-06,0.15884009
62,2.2788277e-05,9.501566e-05,0.14332396,0.0025447316,0.00020434344,0.041485816,0.016482228,0.07927337,0.00030100168,0.00620658,5.881275e-05,0.0014636196,0.016266152,0.022728158,0.004862679
63,8.305329e-07,3.2795768e-05,0.0015937864,0.00018991064,0.0002199278,0.0111053465,0.008764449,0.0011594493,0.0075633717,0.0013695066,0.00013849669,0.045268532,0.0049049146,1.1351718e-06,0.1799272
64,2.291906e-05,1.8134125e-06,0.83950245,0.051655475,0.0006140403,3.2833275e-06,0.00041608312,1.3533631e-06,1.00136745e-07,0.0007550407,1.6108079e-05,3.711004e-05,7.658912e-05,1.9005896e-05,0.0015971357
65,1.9517436e-05,3.8940307e-05,0.00019486021,0.00015967243,0.00020612017,4.2631633e-05,0.0388629,2.0624551e-05,1.3051542e-07,0.0007402203,1.0353885e-05,0.0020188724,0.006725177,1.9957724e-06,0.10382284
66,0.0004366138,5.6053635e-05,0.010541762,0.01584585,0.4190208,1.0956478e-06,9.740759e-05,1.8348578e-06,8.6102645e-08,0.063266054,0.000527891,0.008192623,0.00010155073,1.5372016e-05,0.06247692
67,1.2008086e-06,2.1309012e-05,0.0007595843,0.0036670412,8.646486e-05,2.2506245e-05,0.026797054,5.452509e-06,1.3948354e-08,0.43656823,0.00525203,0.014066344,0.014977792,2.4451919e-07,0.00048050768
68,2.5133118e-06,7.2678076e-06,0.07672423,0.008322239,0.4066591,0.009079222,0.00015814372,0.039196044,0.007566235,0.0166664,0.0030543443,0.012256167,0.00068707345,1.938797e-05,0.026750458
69,1.0060045e-05,3.040625e-06,0.00034039706,0.0022875876,0.00015790465,3.9007787e-06,0.040277667,9.340323e-07,5.369136e-09,0.2245312,0.01684394,0.00016275332,0.0009319792,7.4820514e-07,0.0012957976
70,7.764105e-06,1.2593804e-06,0.26815647,0.016852535,0.18744619,0.0012949726,3.9642266e-05,0.0020029175,0.13066126,0.029278664,8.177871e-05,0.00048100125,0.000561133,0.0008319664,0.00032638913
71,7.5104053e-06,4.8402117e-06,0.00068523304,0.0068241237,0.00054813793,0.00047629408,9.194086e-05,0.0020720984,1.9474398e-07,0.0045112986,0.00012393545,0.07441331,0.0042730398,1.4521529e-06,0.00075292995
72,2.8514352e-05,5.248394e-05,0.09382173,0.0023455021,0.00025557142,0.0021158427,0.0011066,0.006683052,1.2603886e-05,0.23589067,0.00026536392,0.0003535555,0.013094984,0.009510459,0.0006137535
73,0.00015814863,4.3919675e-07,0.31810293,0.033247698,0.023244346,0.0006837284,0.00013041023,0.0021427495,0.0004168163,0.17503378,0.0007768292,0.015811639,9.46372e-05,7.024641e-06,0.0008691024
74,6.8964882e-06,7.6648075e-06,0.00083109684,0.00022433113,2.025831e-05,4.9222973e-07,0.016324516,1.9118784e-07,5.397259e-10,0.1346596,0.001896544,0.00016069767,0.0021296146,3.4086008e-07,0.20206444
75,0.0005614601,3.1548796e-05,0.007254637,0.0055002565,0.00038480514,0.040047955,0.0008606482,0.107235216,0.022775676,0.04980082,0.00031499082,0.0020441748,0.013664657,3.407112e-05,0.0012730698
76,0.0012774855,1.5799177e-06,0.00087854697,0.01806892,0.015357724,0.0006828543,0.0002550156,0.00031886285,0.16029145,0.038373366,2.0931202e-05,0.0005176771,0.00028331016,4.845823e-07,0.002056387
77,6.610096e-07,4.357108e-06,0.00036310422,0.0017988328,4.0692838e-05,0.07132297,0.028968357,0.0002879881,1.2517498e-05,0.33823472,0.028356368,0.0009787193,0.0018000222,7.5849505e-07,0.0004258997
78,2.3107317e-05,6.81963e-05,0.44632956,0.0007895764,0.05302629,1.7212396e-05,0.0005740244,9.350581e-06,2.8321276e-06,6.8688045e-05,1.966273e-05,0.00015640132,0.0016528544,0.24274755,0.0008795399
79,1.6106447e-06,1.879171e-05,0.0007101108,0.00013374521,1.7169677e-05,0.29319915,4.184906e-05,0.0012834098,0.00036895706,0.0022622822,0.00025007263,0.0036638656,0.00068368815,1.1698378e-06,0.32960925
80,1.11978196e-07,2.4484063e-06,0.3096393,0.030519309,0.00029471493,1.6576315e-07,1.5260875e-05,4.313457e-08,2.3900243e-10,0.45837668,0.001849483,0.012089384,0.00029911785,0.00069076684,0.00038696773
81,5.8862643e-05,0.00019834093,0.2682077,0.006157884,0.03367448,0.00087344204,0.00134664,0.0008384763,0.0048252083,0.0036761558,1.7938612e-05,0.04303989,0.0010205284,0.19964579,0.00015321557
82,3.8788136e-07,1.3140876e-05,0.00070294813,0.06365029,0.00053424336,4.5295025e-07,0.00014063517,2.968808e-08,6.119296e-10,0.53047186,0.15765359,0.00021340502,0.0006327605,4.763625e-07,0.00022350135
83,6.701044e-06,4.287632e-05,0.00019532655,0.0029292223,0.00018757457,0.0045415605,0.001889957,0.01293827,1.3902124e-05,0.0016880431,1.1382225e-05,0.040285297,0.008867184,5.2280654e-07,0.001154795
84,0.0004827979,0.0003407862,0.12688112,0.028569363,0.013443214,0.020526191,0.0005786894,0.037671156,0.16208753,0.02271534,0.0001599568,0.00048366684,0.00013153194,0.009022172,0.00050888327
85,2.7385295e-07,4.1503936e-05,0.003508497,0.19925891,0.0019222484,1.6261416e-06,8.5321175e-05,3.996687e-06,3.3812928e-08,0.008727263,0.00032085404,0.0028996235,0.0007136788,3.268089e-06,0.2996804
86,0.010767928,6.1368846e-05,0.38621548,0.0014438482,0.0038811043,2.5265483e-06,0.00032936098,1.1150291e-05,3.4648934e-07,0.06747843,0.0022646948,0.03661375,0.0028227172,0.025021017,0.0435526
87,6.62843e-08,1.4826335e-06,0.0014817881,0.008611091,0.23246057,0.076787606,2.8030201e-05,0.31931555,0.003818883,0.0018717432,0.00022471111,0.0002196186,0.00030553984,4.4133902e-08,3.6411166e-05
88,3.1567106e-06,1.7168077e-06,0.2376194,0.039521746,0.00871381,0.07790852,0.0065881386,0.002091857,2.5116819e-05,0.014323257,9.348139e-05,0.060718462,0.0021882183,4.343626e-05,0.02412806
89,0.0007783278,6.9704543e-06,0.028698934,0.0031150428,0.12599806,1.1940381e-06,0.00035036777,1.0612204e-05,0.00018182668,0.34493533,0.06622834,0.00032361018,0.00065261446,0.0003230521,0.080663644
90,4.313212e-06,2.3398297e-06,0.120889544,0.13973689,0.033322483,0.007623385,0.00012730669,0.009918733,0.09199843,0.0025717462,5.2202293e-05,0.22489771,0.015188187,0.0009408147,0.0049006734
91,0.00014452962,0.0002544429,0.002706762,0.021361705,0.0022322563,0.00025882912,0.00082756154,3.8840233e-05,8.1611546e-08,0.062278543,1.384581e-05,0.02635295,0.002020314,2.207673e-06,0.007856016
92,7.0984544e-07,8.998675e-06,0.00036520272,0.0020090356,0.002896794,0.0008759467,3.8967348e-05,0.0019698055,0.090558745,0.00035519243,7.849317e-05,5.2408584e-05,0.0022917304,1.1960651e-06,0.00028047911
93,5.4934757e-05,1.380756e-05,0.0010162845,0.016253212,0.0016244214,0.00017863481,0.0005750367,1.4589505e-05,2.0483922e-06,0.20256875,0.0015586984,0.00046867278,0.0032588984,7.666975e-07,0.0026005555
94,0.00013128352,0.0003707702,0.050337877,0.0022856882,0.0006412521,1.4078078e-05,0.00860774,8.8872675e-06,7.146175e-08,0.014366518,9.7445736e-05,0.000934842,0.004740463,0.0012446067,0.23795481
95,2.4713333e-07,1.6449268e-06,0.0022019919,0.28065136,0.028143488,0.0009264391,3.8245125e-05,0.00080550474,0.61613095,0.0032735553,9.604643e-05,0.00012832334,0.00010889335,3.8025235e-07,8.7203094e-05
96,5.023521e-06,0.00041743118,0.0015794273,0.086547725,0.010002969,0.060686614,0.00037264664,0.004744729,4.3341428e-05,0.023323704,3.7151018e-05,0.053995073,6.4513424e-06,8.2582865e-06,0.0007688997
97,4.9388507e-07,2.264423e-05,0.22333,0.015321816,0.06918995,0.1777729,0.0007299744,0.051677655,0.0026007309,0.0059640864,1.7849998e-05,0.0012034426,0.0033155615,0.0004636121,0.0024990623
98,8.1415645e-05,1.0152158e-06,0.0037503964,0.22266592,0.008252971,3.4324728e-06,0.00024647536,5.2171148e-05,3.2634247e-08,0.08050749,0.001133971,0.007295582,0.008948277,4.4484113e-07,0.004928838
99,3.7967246e-05,0.0002488107,0.00024489348,0.0014522228,0.0011851771,0.003650435,5.1307106e-05,0.00040037915,0.49886546,0.0003143591,1.8187895e-05,0.00047396944,0.0005836272,8.6162385e-07,0.00023942089
100,2.6689045e-06,4.615246e-06,0.31847736,0.00020002999,0.00017925612,1.9316863e-06,0.045658555,6.477847e-07,1.03870414e-08,0.0001943068,0.00012519457,2.173724e-05,0.0019367551,0.095206924,0.00076484744
101,6.364634e-06,1.6864891e-06,0.7318004,0.00034189323,0.015905535,1.3710982e-06,9.869502e-05,9.828484e-07,4.7472355e-07,4.2708452e-05,2.2349212e-05,3.6301517e-05,2.3064496e-05,0.050384738,0.0013784999
102,1.7069814e-06,2.0342868e-06,0.1552596,0.013019836,0.4800783,0.0012694449,6.039255e-05,0.00037169905,0.24228324,0.00010312563,5.030483e-05,0.00017210134,0.00072366896,0.00010942771,0.00011187935
103,1.27691665e-05,5.1564457e-06,0.0015665119,0.004083901,7.765485e-05,0.16082644,0.0001527218,0.14799672,0.00075115694,0.02460999,0.00044363036,0.025567973,0.0013121184,1.3036578e-07,0.032706663
104,1.0293006e-06,0.00011420505,0.00016205064,0.013718115,0.00058136333,0.0002376042,0.0007120744,0.00036313263,4.968674e-07,0.55888957,0.00093627826,0.0006705487,0.0009514236,1.11752186e-07,0.00015711928
105,8.466797e-05,1.4670829e-05,0.00069324434,0.03332566,0.002953812,0.0017016465,0.0014644368,0.004469401,0.000709134,0.075668395,0.00014441388,0.08958876,0.028029455,1.0133712e-06,0.0057767667
106,0.003868413,2.63626e-05,0.34263998,0.00077367673,0.0002940362,5.066067e-06,0.04959134,3.4197485e-06,2.0404043e-07,0.011533357,0.00018067667,7.500777e-05,0.035616748,0.14286235,0.024584083
107,3.4307084e-06,5.045997e-05,0.001242011,0.016339915,0.0014183609,0.22819877,0.00051530957,0.0006380798,5.7448542e-05,0.017578648,1.816052e-05,0.002458785,0.0018714432,4.409438e-07,0.009192614
108,7.4677937e-06,2.0911932e-05,0.0020309137,0.010857078,0.0032253813,0.041544087,0.00046295108,0.008492529,0.32079783,0.25452882,0.012937515,0.00010294607,0.0004600665,2.230049e-06,0.00026746173
109,2.4027972e-07,7.513014e-07,0.103734486,0.07489182,0.68381274,0.00021346183,6.4468644e-05,0.00094528776,0.01569773,0.0012943879,0.0001135387,0.000119270815,0.00026806057,1.943335e-05,0.0001273118
110,0.0043094214,3.566375e-05,0.002615725,4.2061303e-05,0.0016505079,6.3368186e-09,0.000152111,1.18513945e-07,3.7126345e-08,0.30326217,0.011289126,0.0011229467,0.0075947423,1.0148578e-06,0.07927396
111,0.00020245257,6.8994455e-06,0.15562682,0.009723616,0.0003858876,0.039925143,0.00041056526,0.09892279,0.0056409435,0.054318443,0.00025153038,0.0069122245,0.002030376,0.047453746,0.017750792
112,1.2119359e-05,2.8089598e-05,0.17365944,0.021233525,0.019462544,0.004196349,0.00017736555,0.0010572982,0.28201315,0.0024605813,5.1295133e-06,0.00016621585,0.0013302205,0.0031069918,0.0007567042
113,4.1059766e-06,2.7199907e-05,0.01857677,0.018375186,0.03959713,0.00012379498,0.00047168866,0.00041042423,8.750836e-07,0.0011655851,1.1141367e-05,0.017039848,0.006335814,0.00014772401,0.00010983397
114,3.6633173e-05,7.863181e-06,0.21160667,0.20762649,0.0015198754,6.9224693e-06,0.00021812141,3.9828163e-05,6.04137e-08,0.039693493,0.00042678768,0.0147146145,0.0060224724,0.03801452,0.07895785
115,7.746935e-07,4.535985e-06,0.3122141,0.013166402,0.0003062439,0.033586007,0.00018714671,0.093080014,0.0003317,0.2379473,0.0024429641,0.0023517492,0.00082865654,0.0002379099,0.00053084886
116,4.5165812e-05,4.2932203e-05,0.033677116,0.047609694,0.034976393,0.0028582956,0.0001895519,0.0010065897,0.29749048,0.26211905,0.0005494081,0.06752708,0.0005334182,0.0009491848,0.00767801
117,5.854942e-06,6.2045416e-05,0.00048603682,0.012938764,0.010871991,0.0042176936,0.00074289273,0.0064096623,0.035134397,0.0027920234,1.16463525e-05,0.0017212057,0.0023484172,3.7136717e-05,5.685536e-05
118,3.739684e-09,9.963968e-06,0.0038994716,0.4140425,0.024553522,0.23120748,0.000100962614,0.028127674,0.00038706622,0.020717872,0.00036435341,0.006216351,0.00010930448,7.920583e-07,0.00040605472
119,2.2552385e-05,7.399567e-05,0.002234396,0.0026398946,3.6710528e-05,0.2110152,7.637818e-05,0.004648907,0.00031554428,0.09599048,0.0011542982,0.3522911,0.005331073,4.881091e-07,0.0002439878
120,5.6671055e-05,6.54362e-05,0.00030149255,0.0132120885,0.04346909,0.00015457474,0.000777371,0.00025729273,0.011375615,0.36728746,0.00050879584,0.0005614668,0.00023193654,5.652637e-07,0.000858037
121,0.00014176691,1.0460092e-05,0.0017810024,0.03940848,0.053557057,0.000683977,9.242736e-05,0.00021580991,0.4430107,0.02294542,0.00029312132,0.0006560888,0.0030974268,2.36201e-07,0.016614286
122,5.9572267e-07,7.550348e-06,0.0025042146,0.02786299,0.28122005,0.035156745,0.00036971192,0.0020572555,0.00012479092,0.016581513,0.0004828727,0.0016022703,0.00048314966,4.938243e-07,0.21326526
123,0.00013871351,8.4806885e-07,0.0023712476,0.0060307207,0.5034912,0.00022104042,2.046883e-05,2.2520482e-05,7.1274127e-07,0.003968164,0.00021045264,0.14580418,0.0007725539,8.1243905e-07,0.03456911
124,9.1598624e-05,1.1009995e-06,0.40558648,0.0057754833,0.0030637754,0.049058475,0.0006044795,0.13532518,0.002176059,0.0095109455,0.00020564003,0.00018255431,0.000108092114,0.16692272,0.0012591424
125,2.1721081e-07,1.4822624e-05,0.104822114,0.028879749,0.0031304979,0.002896701,0.008207574,0.00055801915,0.03968524,0.34976983,0.0015493823,0.00014025299,0.009225911,0.0034776614,0.02108744
126,7.472896e-05,0.00017502664,0.000471734,0.0025672384,0.0012544267,0.041035958,0.032812584,0.0040573794,0.0016145821,0.015934188,6.1412524e-05,0.087960936,0.014494696,4.171445e-06,0.027863652
127,0.00032837508,2.5587317e-06,0.2441744,0.0107823815,0.002302547,0.0022273122,0.015853565,0.0007134836,0.00017587248,0.02079424,0.00032288942,0.0003865687,0.006451373,0.06711883,0.0064968974
128,1.2314742e-05,6.670823e-05,0.19287142,0.0039349752,0.00012055041,0.08316424,0.0017500925,0.00076304947,0.00010228522,0.17430119,0.0017620524,0.0082185,0.0033741696,0.120769225,0.095839046
129,0.00033211097,1.8850004e-06,0.08469964,0.009782501,0.004320415,6.6016255e-05,0.011137095,8.2151986e-05,0.014064276,0.028694648,2.4817193e-05,0.00019379081,0.0015861099,8.647334e-05,0.0017028735
130,5.7406407e-08,0.00022776057,0.0010191927,0.07679988,0.010060799,0.3481568,0.00018373756,0.0034268883,0.00012940084,0.008579647,3.913936e-05,0.019325895,0.0017035713,1.4074051e-06,0.00010974322
131,5.974008e-07,5.1467992e-05,0.0027065016,0.024208147,0.0030138658,0.14051446,0.0008812621,0.0023975528,5.3541116e-05,0.3938046,0.027138466,0.019683016,0.00048262312,2.4847632e-06,0.00022072533
132,1.3857196e-07,1.4340832e-06,0.0036806257,0.043943968,0.7589496,6.940007e-05,6.1536906e-05,9.708185e-05,0.005676896,0.0007051828,0.00010106624,9.94715e-05,0.00052231754,1.5103245e-07,0.02720015
133,8.8037246e-05,0.000114965966,0.00022622924,0.007891916,0.002932112,0.0035304932,0.0060466276,0.0036919808,0.02968669,0.008571928,4.5738448e-06,0.000985247,0.004208121,3.5008543e-07,0.002728002
134,0.0008540298,1.597079e-06,0.0011783466,0.021229086,0.17542298,0.0009023862,0.00034679385,8.819277e-05,1.2974808e-05,0.06916842,0.00021741253,0.0012461151,0.00019585434,2.7012373e-07,0.0016907584
135,0.00038543937,1.2659812e-06,0.000936792,0.006035798,0.0001337241,1.9957026e-06,0.00027028317,6.7986896e-08,1.0335722e-08,0.4770642,0.1792521,0.08488983,0.00036446,4.65742e-07,0.011560884
136,2.0794992e-08,1.0715182e-06,0.0040249075,0.3062983,0.018108942,4.835179e-06,0.007340226,3.3945664e-05,2.2511925e-07,0.011699352,0.0005359768,0.00012149176,0.0037877823,1.3895957e-06,0.00020290082
137,2.793619e-06,3.864297e-06,0.0016773122,0.008606508,0.48570326,1.9378362e-05,0.0004776574,7.347768e-05,0.00024658613,0.09739557,0.0098580895,8.8005814e-05,0.03291468,1.6289242e-07,0.0024883936
138,6.556104e-08,1.0480454e-05,0.0011652617,0.000502839,1.733926e-06,3.496122e-08,8.195834e-06,3.6337383e-10,3.1037495e-12,0.9096172,0.0020840266,0.0003599203,4.91482e-05,9.161829e-08,0.00022900726
139,2.805105e-05,9.32957e-05,0.00039180813,0.017266754,0.00037004528,0.0032051106,0.00050053763,0.000105708794,3.225823e-06,0.18747361,0.0034868515,0.0032495186,0.0010500839,1.6037227e-06,0.14476612
140,1.9161544e-05,4.474464e-05,0.00052564027,0.0019031639,0.00036520508,0.00045928755,0.042418502,0.00016853052,0.000120359044,0.22688113,0.01356387,0.062691055,0.0082881935,1.988499e-06,0.057746988
141,1.6653825e-06,7.646803e-06,0.010577575,0.026293162,0.0037958736,0.070058554,0.0025762569,0.0091049075,0.16410786,0.25252247,0.0076626246,0.111898854,0.004342296,4.9585247e-05,0.00019520707
142,1.27918065e-05,0.00014877332,0.0002851792,0.012745066,0.002220009,8.501541e-05,0.0008529969,0.0001658623,5.9767854e-07,0.028857302,0.00059849676,9.6047224e-05,0.00044146308,1.5169806e-05,0.024978248
143,6.6333473e-07,2.2484155e-06,0.0007556881,0.0031428768,4.6849582e-05,0.082835406,0.00022251706,0.06434392,0.00066125905,0.33436957,0.08882191,0.000442245,0.00026568765,2.6587267e-07,0.031261206
144,0.0004690256,3.6537333e-06,0.002425442,0.0001315181,0.00035386698,5.6328355e-09,5.6980287e-05,1.3950288e-08,1.3306017e-09,0.7305965,0.013358869,0.0008383085,0.0013827091,4.605231e-07,0.033744503
145,0.00015362634,8.142803e-05,0.3996023,0.0019730919,0.00012855612,0.0009756657,0.00059216627,2.5583888e-05,8.159341e-06,0.19300164,0.02160205,0.00014372218,0.0009084571,0.06847369,0.002541489
146,0.011157679,8.671465e-06,0.35042956,2.1865068e-05,0.0006393238,4.3108237e-08,5.3783057e-05,2.5265783e-07,9.13798e-08,0.015157558,0.0014677942,0.00018493483,0.00016706318,0.3331947,0.041722205
147,2.2506842e-05,9.4025316e-05,0.05414346,0.018296495,0.0013439567,0.028893668,0.00037730802,0.11997814,0.000757736,0.19159073,0.0006578064,0.0075339708,1.1804375e-05,0.003717115,0.00037554197
148,0.0019079128,1.3115368e-05,0.005084803,0.0072215684,0.13760372,9.634966e-06,0.000934335,1.4180337e-05,1.6193664e-07,0.15481381,0.008260221,0.03978218,0.05640895,1.20255e-06,0.024238085
149,5.703468e-07,0.00013217668,0.0026245092,0.45998332,0.07987307,7.3219207e-06,9.0821944e-05,5.1715826e-05,2.1944878e-07,0.013849872,0.00013953881,0.0008293926,0.0005199445,6.2729083e-07,0.00020353941
150,0.01727626,0.0009407439,0.25063676,0.00092370517,0.00614141,1.3726932e-07,0.00017680437,6.038785e-07,1.4071475e-07,0.01793515,0.00056138966,0.00013552443,4.0495343e-05,0.07431637,0.011632048
151,2.2866247e-07,0.00016627881,0.0054885135,0.001537371,7.5223135e-05,0.51634526,4.761215e-05,0.0011532332,0.0006718467,0.036811955,0.0002627661,0.03128429,0.00040749923,3.0808363e-07,0.0038177422
152,8.897073e-06,3.3827173e-06,0.0027737936,0.0031740605,0.000237644,0.07997479,6.276335e-06,0.04079138,0.5174527,0.0009711057,0.00010170546,0.2009969,0.000520983,8.367489e-07,0.00017883348
153,0.000544078,0.00025183102,0.0044091246,0.001991267,0.0015172039,0.077118084,0.00032016437,0.0028976633,0.06986533,0.25381806,0.008959332,0.0006571158,0.00015830166,2.8549744e-06,0.042766135
154,0.0030765806,0.00011884821,0.01935172,0.001761496,0.00032295636,0.063947804,0.00028017702,0.06604975,0.00028840333,0.22032315,0.0034969056,0.01879325,0.0016797086,0.0060679214,0.017770134
155,0.0011445072,8.627233e-05,0.0015892513,0.0071508987,0.0045373496,0.0006556826,0.0012015465,0.00080280605,0.016576402,0.25264925,0.007855229,0.13445243,0.00010306952,2.40338e-06,0.0068363063
156,0.000118078286,9.548178e-06,0.0034317125,0.08900357,0.002516524,0.00022441069,4.770193e-05,0.00015056826,2.2616493e-06,0.011243148,0.00011389774,0.5915918,0.0021637927,3.4081147e-06,0.0005919247
157,8.10233e-06,1.2675276e-06,0.0027179434,0.0074686143,0.4640868,0.0006527995,0.0001075904,0.0008002081,0.0047962414,0.2933837,0.024432166,0.00011085434,0.0009692332,5.8135956e-08,0.0010663144
158,8.954577e-06,6.350957e-06,0.0011374103,0.0073660007,0.29466686,3.0516097e-05,0.0004915964,9.670234e-05,0.0005515182,0.2165389,0.00095412385,0.00021707389,0.013099919,1.3505651e-07,0.11921815
159,1.7061666e-06,2.0192904e-06,0.0017980475,0.009286713,0.0037374643,2.6648826e-07,5.8882568e-05,5.0855102e-09,3.724798e-10,0.60629433,0.1696168,0.00019144925,9.972262e-05,1.7155248e-06,0.0006757068
160,1.7311542e-05,8.5852747e-07,0.34773624,0.02723861,0.0006278879,0.001341019,0.0007245066,0.0010579762,7.597911e-07,0.0024809157,5.9167607e-05,0.05968768,0.0030546659,0.00040928746,0.04950883
161,4.5407514e-06,2.6010284e-05,0.1455536,0.001568182,0.00024421973,0.0007460356,0.07305707,5.7109155e-05,1.9056581e-06,0.010525037,5.364783e-05,0.00017025015,0.019010335,0.0040056747,0.0011677628
162,0.0024368248,1.5246073e-05,0.0012927633,0.010609339,0.018632617,0.0027159974,0.0008966681,0.0027565274,0.069351606,0.38415396,0.0026773294,0.0013984434,0.0010191654,1.7874788e-07,0.020008488
163,2.4776517e-08,6.180195e-06,0.002415022,0.000323831,8.4801735e-07,2.5453014e-07,9.712043e-06,9.838358e-10,4.99018e-12,0.90948504,0.0018700095,0.00047743288,1.3017056e-05,5.928658e-07,0.00014214216
164,7.481465e-06,3.1508346e-06,0.13776027,0.006874064,6.8910296e-05,0.00010108073,0.0015153198,5.2332825e-07,5.6668895e-08,0.4667046,0.17824869,0.00014103552,0.00016105158,7.3587915e-05,0.0013998207
165,4.1274114e-05,2.0226498e-06,0.11299015,0.0031493232,0.0002370509,8.232338e-06,0.021541718,7.4634877e-06,2.7029232e-08,0.1314225,0.008082587,0.016306464,0.0022331125,0.005076857,0.00375541
166,0.0003394361,1.2063384e-06,0.046681356,0.0024940828,0.00017255712,0.00060211,0.007108423,0.00044201038,1.8369967e-05,0.17148274,0.024766631,0.21696287,0.0030085668,0.00039323542,0.04494347
167,5.1083734e-05,5.4429793e-06,0.0016217544,0.01469147,0.0008603766,0.014072708,0.00033000842,0.071677744,0.0023504803,0.10466341,0.0017184133,0.050859526,0.022856304,1.3236051e-06,0.06792236
168,2.4691496e-06,4.427019e-06,0.0012318351,0.052338347,0.0023733296,5.7471047e-05,0.024341032,8.238395e-05,6.615454e-06,0.006396803,0.0001409917,0.027169693,0.005144301,8.3219834e-07,0.16376962
169,0.00087607006,0.000104507584,0.0013539637,0.0061513,0.0031508626,0.0021240858,0.00012119394,0.0005564606,0.35823226,0.25743747,0.005517784,0.036786143,9.522006e-05,3.207927e-07,0.0006165794
170,8.8501256e-05,3.717614e-05,0.00086233736,0.01031586,0.005226896,0.008421343,6.9673624e-05,0.0014563957,0.30895916,0.0015890398,6.852138e-06,0.1788715,0.0014790401,1.0893493e-06,0.0002774959
171,1.5939979e-05,0.00019517125,0.33742866,0.007565961,0.003271199,1.2264732e-06,0.00021702191,2.530261e-07,1.472558e-08,0.25210142,8.035411e-05,0.00011356181,7.028124e-05,0.026671909,0.00024895548
172,0.00022035609,1.2536529e-05,0.001077153,0.0016792648,0.0021314027,0.0007185425,0.0154349,0.0019874857,4.4863423e-06,0.38200578,0.0034523201,0.0065569747,0.0316557,6.356774e-08,0.057920944
173,4.0972824e-07,2.2105594e-06,0.06694783,0.086039566,0.016551971,0.14119796,9.036914e-05,0.004724181,4.7996426e-05,0.33523002,0.00080760295,0.009598899,0.00016734308,0.00010057632,0.0011219073
174,8.954458e-05,2.2027125e-05,0.47515061,3.6674523e-05,2.9355033e-05,0.0001380162,8.674969e-05,5.557299e-05,2.3130847e-06,0.00051607407,1.8255128e-05,0.14544061,0.0061623114,0.066571176,0.0066314917
175,9.608016e-07,1.1438023e-05,0.16417842,0.04385193,0.0005295321,0.08909829,0.0007473712,0.012052371,1.3028941e-05,0.14681354,0.0033366939,0.039771292,0.020377276,6.815651e-05,0.001661908
176,3.5203261e-06,0.000106073705,0.0003152292,0.0068265093,0.0026999095,9.69927e-05,0.00047508936,0.00023584346,6.400886e-07,0.002132536,7.905876e-06,1.2774089e-05,0.0012997965,8.719281e-06,1.7573118e-05
177,3.005384e-06,3.6287406e-06,0.00032884293,0.0044512595,0.00065317337,0.016317537,8.626754e-05,0.037942305,0.008097727,0.0072480044,2.6464182e-05,0.00031812143,0.0018705216,1.12451346e-07,0.0024380228
178,3.4791935e-08,5.2607556e-06,0.09777319,0.032450724,0.03190542,2.7713932e-06,2.3363715e-05,5.693484e-07,2.0707551e-09,0.59423625,0.0016456029,0.031163277,0.0003010594,0.0001166568,0.0012187737
179,6.081665e-08,3.8845415e-06,0.00025359826,0.0012041596,0.00010925145,0.5358529,2.6086358e-05,3.449697e-05,0.0006586896,0.004067073,2.7608148e-05,0.0019785617,0.00022628147,4.0285886e-07,0.0066778474
180,6.704762e-06,2.6091446e-05,0.114052646,0.009130264,0.0045685964,0.0005035173,0.00066996296,0.0016028138,0.0072590243,0.07798037,0.0012185053,5.732484e-05,0.007922288,0.0005526046,0.00012858251
181,8.359877e-05,3.1929083e-06,0.42777887,0.0025501023,0.00047672796,0.00039730663,0.0021637527,8.644039e-05,2.397374e-06,0.025915522,0.00023971678,0.0016497395,0.0001475619,0.106550105,0.014097184
182,5.463401e-07,0.0001776489,0.07466307,0.04396706,0.0020910539,0.36296254,0.00019147742,0.00071542687,0.0001998153,0.0013008037,1.1827365e-05,0.0013297398,0.000595921,0.012465775,0.00027359038
183,1.3662748e-07,6.2258446e-06,0.000565181,0.00034662982,8.204086e-05,0.36434382,4.9640353e-06,0.00019127424,0.58352715,0.00020678053,4.2013857e-05,0.00012631959,0.00020153263,3.043666e-07,0.00014576557
184,1.63758e-06,9.713617e-07,0.0017731229,0.00539926,0.4485028,0.05635448,2.3826435e-05,0.001524495,3.6997473e-05,0.031273156,0.0029720974,0.052507702,0.00032359277,3.1277602e-07,0.023816757
185,6.4534956e-06,1.946144e-05,0.001371336,0.07972942,0.005767972,6.0013267e-06,0.078631796,5.7701204e-06,4.0685734e-08,0.02138276,0.00036764282,6.975306e-05,0.02567633,2.929727e-06,0.0019455237
186,0.00012801444,1.0389308e-05,0.0017254133,0.005372297,0.0009488096,0.047383357,3.6671223e-05,0.08235709,0.28517777,0.009010758,3.922329e-05,0.24755925,0.0014083631,6.392448e-07,0.000541668
187,0.0009918682,8.625912e-06,0.0005987366,0.00033028383,0.00022638612,0.008697062,0.022774497,0.00021671824,7.2023954e-06,0.024895094,0.0005228961,0.0010289713,0.040449414,4.268217e-07,0.22215594
188,4.1043553e-08,5.1376423e-06,0.0015444094,0.00050989015,4.318208e-06,0.0062241736,0.0032755828,0.012302622,6.147642e-05,0.72338223,0.0019348887,0.00028655058,0.0002552352,9.4716285e-08,0.00023695233
189,0.0012632916,2.945034e-06,0.0018189782,0.004741839,0.0003513786,0.023992242,0.00015747,0.063786305,0.0012111382,0.20190638,0.0014250067,0.17380098,0.0004160828,2.9316354e-07,0.004000486
190,3.027187e-07,6.726293e-05,0.0014239913,0.002137364,4.2888052e-05,0.17069228,8.669609e-05,0.27202252,0.0027132116,0.005461748,0.00014671135,0.00020873208,0.0016559603,1.8230834e-07,6.821662e-05
191,4.907361e-06,1.0161746e-05,0.099280566,0.00015672237,0.00010812692,2.4913465e-05,0.055804897,6.7903115e-06,7.307723e-08,0.001479751,0.0001793697,5.0517814e-05,0.0076513723,0.00045704114,0.0011663497
192,1.1040499e-07,0.00079472153,0.16958538,0.0027398302,0.00062775746,0.39790726,3.7751575e-05,0.00031561777,0.0116763655,0.0019953363,1.4175927e-05,8.720374e-05,4.056083e-05,0.00016927991,0.000119422824
193,1.00707666e-07,6.874541e-06,0.00086523325,0.007711095,0.010693285,0.3351971,3.4990262e-05,0.0063029104,0.3918014,0.02107436,0.0024538494,0.0004678827,0.00013547618,1.9621342e-07,0.0033653083
194,8.195683e-06,1.7502415e-06,0.001012173,0.0041650697,7.734181e-05,0.00019370693,0.0010411652,0.00027464225,7.9109824e-08,0.3368001,0.007191426,0.14063877,0.0022624843,3.5248726e-07,0.00048954145
195,1.8540061e-06,9.383258e-06,0.55027384,0.099384665,0.008112123,0.016016528,7.995417e-05,0.007911038,0.16794987,0.0017842768,0.0001949809,0.0013822708,0.00029704283,0.0023863313,0.007121045
196,2.596815e-07,2.2671188e-06,0.0021342712,0.015901268,0.1381129,0.21638297,2.9921877e-05,0.0012294761,0.54854405,0.003348056,0.00021133464,0.00027050692,0.000101612124,6.7106384e-08,0.0013051511
197,2.200208e-06,2.2008449e-07,0.0024169337,0.008652321,0.3749406,5.8315726e-07,0.00022293878,4.207886e-07,8.425195e-09,0.29425448,0.11323172,0.0028237065,0.0011055842,2.9894204e-07,0.00039811103
198,1.7036637e-05,2.7143531e-05,0.0013005849,0.0075560384,6.392984e-05,2.8249513e-06,0.00026563765,2.515184e-08,4.49908e-09,0.5648057,0.19104032,0.00058306765,0.0002732201,2.455265e-07,0.00085466827
199,0.0014568135,7.666311e-06,0.0013531208,0.0018371575,0.5243422,4.7499036e-08,4.521569e-05,1.7138109e-07,3.0232044e-08,0.018967843,0.0016067581,0.0003027397,0.0012446458,9.393435e-07,0.08681729
200,4.487302e-05,2.094797e-05,0.13973494,0.101164155,0.008100425,0.013438748,0.0013871602,0.20330402,0.00037527032,0.03702509,0.00043519214,0.0013852485,0.00094649504,0.031221628,0.0020724884
201,3.286971e-07,1.7786364e-05,0.0036687877,0.025440633,0.0028456626,0.09080126,0.02756813,0.0021242776,1.0937795e-05,0.26570395,0.011997847,0.070736594,0.049468372,1.0498336e-05,0.005851671
202,8.185081e-06,4.424971e-06,0.17110434,0.0017174733,0.00032676113,0.00032292964,0.000114169845,5.5928478e-05,0.39242974,0.30640528,0.001033755,5.0450708e-05,0.00075608306,1.9897747e-05,0.00020533813
203,1.3173577e-06,1.0861659e-06,0.3993955,0.0053260294,0.44234124,3.5938342e-06,9.351632e-06,1.4983243e-06,5.5558537e-08,0.00036710568,5.2262185e-05,0.027994419,0.0003359447,0.0016901704,0.00018066833
204,0.00068485853,1.9553108e-05,0.0017026273,0.049588446,0.007982353,0.0043076924,0.0044115633,0.0063830875,0.01962671,0.021072108,0.00012454277,0.39687032,0.033761654,6.705104e-07,0.0026673207
205,2.2485227e-05,2.5528993e-06,0.0019657284,0.010287945,0.0012436591,0.0027485047,2.5316143e-05,0.0001129174,0.5885001,0.17047013,0.020376561,5.506121e-05,0.00016525769,2.897152e-07,0.00017710011
206,0.00017558585,1.4766722e-05,0.0018664487,0.0041761375,7.8224584e-05,0.099319294,0.00011611096,0.21987799,0.00073407346,0.05444475,0.0019205817,0.001350799,0.000459347,1.6749412e-07,0.12083661
207,8.246544e-05,0.00060412375,0.29928038,0.024644557,0.013832678,1.5260859e-05,0.0005919916,5.085161e-06,1.3488186e-07,0.02480843,8.079795e-06,0.00036768385,0.00015833884,5.3451957e-05,0.0033391244
208,6.388901e-05,3.1956115e-06,0.0014638075,0.0007319692,8.360765e-05,1.753131e-08,8.690339e-05,6.390193e-09,1.7041406e-10,0.8021626,0.04639256,0.00073708507,0.0006104054,1.8470519e-07,0.0061961445
209,0.003077015,4.403574e-05,0.0018745133,0.0015182844,0.0022433184,0.00038178894,0.0020779776,0.00011489715,4.5390602e-06,0.38469997,0.016628265,0.05659914,0.012379255,6.0412214e-07,0.059454698
210,0.0016602795,8.1250655e-05,0.21951486,0.00146765,0.00015960076,1.3512698e-05,0.016583972,5.7159427e-06,1.2044453e-07,0.19541082,0.00057744887,0.04045129,0.005638661,0.056796916,0.013452553
211,2.1635894e-07,1.3656459e-05,0.00027087433,0.009592182,0.0015650624,0.42424303,0.00028192476,0.0031997561,0.00026615182,0.0044193184,0.00014426232,0.00087059895,0.0041286624,1.3158539e-06,0.00022674738
212,6.9752145e-06,3.3484313e-05,0.0011316125,0.06644102,0.03369309,0.002503169,0.00023423275,0.0003965214,2.9997962e-06,0.33612317,0.010898806,0.06372467,0.00025546036,1.1125766e-06,0.0002760649
213,6.538568e-07,2.0678588e-06,0.1106181,0.045770388,0.014979099,1.4611916e-06,0.000157964,7.3025726e-06,1.8258692e-08,0.20946516,0.04024253,0.00021980878,0.0024081036,0.0070633027,0.094455026
214,1.1022375e-06,7.868285e-06,0.08404152,0.0001204508,0.00017816182,2.1697688e-06,0.061345987,8.070219e-07,4.6426307e-09,0.0001387701,8.942526e-05,3.9698858e-05,0.005696659,0.007756664,0.000642041
215,3.5280184e-05,1.2165063e-06,0.24489549,0.0034837814,4.7990517e-05,9.3808745e-07,0.00012629718,1.5285309e-08,7.585518e-09,0.281108,0.09009143,6.0056333e-05,3.0799172e-05,0.21286468,0.0018494307
216,1.3680607e-06,6.736644e-06,0.0011001388,0.0017636338,0.00017646793,0.13755946,0.00039186835,0.08026511,0.2011486,0.035322122,0.0001785168,0.02776781,0.0021775565,1.0034862e-07,0.0004737133
217,1.5493646e-06,1.717017e-05,0.13230307,0.05777003,0.0011542172,5.5575642e-06,0.0024910674,1.1470724e-05,2.6698666e-08,0.20703356,0.00035210638,0.0004009619,0.018761197,0.00026710585,0.00093605096
218,2.1427017e-07,0.00012414846,0.0023088874,0.0006283194,4.3928296e-05,0.009912329,0.013506257,0.0010314698,0.0010633233,0.42945895,0.0013961851,0.00050084706,0.0019482018,1.8375226e-06,0.07262721
219,1.250686e-06,1.4612855e-06,0.0009093993,0.010074495,0.17125766,0.001311585,0.0097289905,0.012452352,0.002170736,0.1893789,0.022529472,0.00021651568,0.0057512764,8.890524e-08,0.00043786198
220,7.450894e-06,1.350902e-06,0.0014581104,0.03306245,0.09212234,0.002186198,0.009112913,0.0043726154,0.018402902,0.04187643,0.00068418955,0.14543766,0.0024815744,2.321438e-07,0.00040226398
221,3.6584558e-07,0.00013375429,0.09329175,0.0074437605,0.0001364686,0.18994111,0.00031503043,0.00023673032,6.901212e-05,0.33783343,0.026762368,0.0012055198,0.00023483158,7.426512e-05,0.00078209763
222,2.165929e-06,5.913062e-06,0.0006755218,0.0062128934,0.307765,3.4259335e-06,0.0006672848,1.4495896e-05,4.8843628e-08,0.22657697,0.015850136,7.598223e-05,0.039060105,2.0684042e-06,0.00022282562
223,2.1228328e-05,2.0073447e-05,0.3343935,0.013236162,0.23488612,2.339881e-06,0.00010095781,5.0342965e-07,7.2327964e-08,0.0043872637,1.6625829e-05,9.9388024e-05,0.00084111426,2.8834163e-05,0.0011098826
224,2.5120892e-06,3.9225283e-06,0.09429215,0.0002070616,0.0002697015,1.5313041e-06,0.091044575,5.6164987e-07,6.079088e-09,0.00020986212,0.00013828443,4.0721727e-05,0.008681054,0.032454357,0.0005341205
225,2.4103835e-07,0.00015318753,0.02874372,0.08727309,0.3383529,8.667968e-06,0.0032586001,2.1507672e-05,1.7982315e-07,0.004968677,3.821467e-05,0.00017282317,0.0009959296,0.000493031,6.5594955e-05
226,3.1437896e-05,4.240722e-06,0.5994107,0.0013218195,0.0019534852,0.0009407314,0.0010733474,0.00094209245,0.053768422,0.0025826036,1.3319714e-05,0.0012049541,0.003730528,0.004189219,0.0006261375
227,2.240695e-08,3.2507014e-06,0.0036641129,0.08372591,0.023437874,2.1250091e-06,5.0330113e-05,6.1863498e-06,3.853581e-09,0.7250013,0.0026607644,0.0033687572,0.0009400336,1.6522671e-07,0.00070591905
228,5.809863e-06,1.3113621e-05,0.0009399211,0.010209117,0.24809408,3.421819e-06,0.0016203743,1.1270239e-06,1.6861473e-07,0.15704665,0.0010190619,0.00014114266,0.0046841362,4.8210677e-07,0.0009716825
229,0.00014548632,4.9061968e-05,0.0030434236,0.0033871862,0.0011690763,7.097134e-05,0.07006305,0.00018130672,1.4953717e-06,0.15475297,0.0014804115,0.00031783708,0.004456219,0.00019676097,0.0005864567
230,1.5905776e-07,6.764583e-07,0.07735465,0.0030654923,0.5981458,0.0015921472,0.00015433613,0.00042565644,5.19118e-06,0.0021008216,0.00019513778,0.00017578952,0.006890559,0.007984731,9.790367e-05
231,3.4314646e-06,0.000147276,0.0015498922,0.0027394874,0.0011365645,0.0354573,0.032276053,0.01830614,0.00012655706,0.05164856,0.00085190334,0.014850489,0.009660582,1.2168127e-05,0.00030773107
232,1.1683725e-06,5.228196e-07,0.0035070514,0.0846422,0.008391846,0.007328076,7.907346e-05,0.00061350496,2.888167e-06,0.4165149,0.08471827,0.10254518,0.00040995158,2.5209874e-07,9.455486e-05
233,2.5358026e-05,1.3620529e-05,0.24910146,0.000993873,0.00016672957,0.000322373,0.034768753,0.00014643476,0.0012766502,0.25410932,0.08748154,4.4787674e-05,0.016499963,3.2273398e-05,0.0047554877
234,7.1150254e-07,0.00010804173,0.0016661602,0.0015536813,2.2754328e-05,6.723402e-08,4.1780626e-05,1.660328e-09,3.3356415e-11,0.73080903,0.00057418423,0.00021105373,6.508626e-05,9.741175e-07,0.0003994497
235,7.592556e-06,1.2506386e-05,0.004127211,0.085002445,0.11281912,0.0036829582,0.0008507843,0.0012411204,0.43866083,0.004269818,7.040117e-05,0.053946745,0.003944511,4.902354e-07,0.023500608
236,2.032723e-06,5.5454902e-06,0.0011026042,0.004565816,0.0002642142,0.11651221,1.082706e-05,0.13114421,0.56987095,0.0021650337,0.00025302282,0.000105865416,0.0002820065,9.2297235e-08,6.348621e-05
237,3.9723177e-06,4.2037205e-05,0.16240732,0.0032983462,0.0007157077,0.13746707,0.012035222,0.0050303168,9.464977e-05,0.2756015,0.001175321,0.0004635712,0.02324539,0.075999685,0.0063822474
238,7.6856835e-05,1.7698176e-05,0.003272848,0.06581088,0.33843553,4.4265627e-07,0.00013672758,3.7924724e-06,3.469878e-08,0.21435577,0.0015027182,0.00025990888,0.00040803876,5.380525e-06,0.01018863
239,3.9696797e-06,2.2584336e-05,0.04040901,0.0010232927,0.0002854488,0.1827119,0.0013493971,0.00081003475,0.49117956,0.003822538,6.8060755e-05,0.00046216397,0.008809643,6.230334e-05,0.0043555624
240,0.00038812947,1.1954916e-06,0.0030035465,0.01931494,0.0061384016,0.010025564,0.0001593564,0.031744707,0.00030817155,0.035570323,0.00013633037,0.36615106,0.001439028,1.6109553e-06,0.007600074
241,3.22542e-06,7.3453048e-06,0.14905152,0.007439431,0.062225822,0.0064665354,0.000739468,0.03426645,3.3389722e-05,0.001804143,4.9222403e-05,0.042576194,0.021843933,0.06903051,0.00038678176
242,2.1306848e-06,5.1184594e-05,0.0004765536,0.004510039,8.1321414e-05,0.03308168,0.00051950617,0.05826272,9.102183e-05,0.284822,9.549079e-05,0.0041781133,0.0007938636,8.2495845e-08,0.0054606567
243,2.9529347e-06,5.7482182e-05,0.12646998,0.0030902182,0.00020037442,0.1303898,0.00051177543,0.0067015905,5.938678e-05,0.0032935692,3.9092947e-06,0.0012979289,0.010276603,0.0034171073,0.0019505679
244,9.3851234e-08,9.7248885e-06,0.06930543,0.0036872234,0.00012084832,0.4780919,0.000114120914,0.00063632004,0.00085058773,0.16427499,0.0068374933,0.0017055235,0.0012983971,1.5031004e-05,0.0014853389
245,4.5196128e-05,1.99186e-06,0.06927581,0.0008794578,0.00029607926,0.007578079,2.4451185e-06,0.0005751827,0.34618133,0.0009325423,7.871357e-05,0.4080474,0.001605385,0.0071020224,0.00020393293
246,1.2011179e-06,4.713455e-06,0.00062175916,0.0019332722,0.0012376765,1.6342332e-05,0.08340068,6.668357e-06,7.466514e-09,0.0008806371,0.00010472646,0.033953525,0.007863328,4.753341e-06,0.0010966366
247,5.6043536e-05,0.00019367915,0.18771125,0.007987354,0.14140247,5.7028792e-05,0.00039296577,1.12810285e-05,5.5176656e-07,0.0048452094,8.222864e-05,0.1234855,0.0005276911,0.00013093249,0.1252673
248,5.7149527e-06,8.2095314e-05,0.00017272556,0.007002424,0.023751013,0.015615056,0.0005191227,0.005016621,0.0045613735,0.17858684,0.00017265364,0.00050114415,0.0017862202,4.998844e-07,0.000927701
249,2.3658087e-05,3.6076112e-06,0.0021612358,0.0015922978,9.685828e-05,3.417284e-07,0.01666374,7.7503735e-08,7.7341217e-10,0.4171052,0.037041817,0.00019326323,0.002546632,3.085292e-07,0.004123032
250,0.002216949,2.2855918e-06,0.0015693555,0.010310561,0.24656798,9.864636e-07,0.00043825083,8.2534757e-07,4.768832e-08,0.033356316,0.00032042453,0.02493816,0.0026205764,4.0416188e-07,0.003883745
251,5.520462e-06,1.1521172e-06,0.2596235,0.0052088615,0.38780624,2.335669e-07,1.6117521e-05,1.7293917e-07,1.5801868e-08,0.043091107,0.00943982,8.768154e-05,0.00022587205,2.9074226e-05,0.021741387
252,1.4386034e-05,0.0003203368,0.00047605205,0.024258386,0.10824038,0.00030819184,0.0020683415,0.0006924021,0.00053906126,0.015553381,1.6740565e-05,0.00041853485,0.00014185709,3.0871697e-06,0.009206178
253,4.4879216e-06,1.1135185e-05,0.002186455,0.11976219,0.0027978877,0.00013452447,0.057788964,5.8418795e-05,8.953064e-08,0.0056450823,4.0762254e-05,0.18037517,0.06355572,5.0691665e-06,0.00040051
254,0.000107553715,2.0121013e-05,0.0007544372,0.057016384,0.0037618151,0.026948256,0.0027421792,0.06920056,0.0026938017,0.012666142,1.5106845e-05,0.15625772,0.005455302,3.5395462e-07,0.0022108785
255,0.0011159837,0.000106446016,0.0781922,0.00036803272,0.00013173895,0.004817839,0.00028846916,0.004557516,2.701895e-05,0.21471658,0.0013517346,0.0018958868,0.0005365223,0.0057823607,0.19924858
256,0.008051147,9.808977e-06,0.06560366,1.4696202e-05,0.005194722,5.50614e-09,4.0179268e-05,9.0231126e-08,1.052515e-07,0.12153934,0.021100938,0.0010036385,0.0050269086,0.003555652,0.16839989
257,1.9583102e-07,0.00019184408,0.0005062928,0.00086496345,2.7492966e-05,0.19841385,0.004678696,0.00039432163,1.46706625e-05,0.44663233,0.00024373914,0.00083176023,0.010680441,1.02479355e-07,0.00017085443
258,5.997271e-08,2.8343998e-06,0.0014052567,0.19131899,0.0075789676,2.1797989e-05,6.593058e-05,0.00021299387,1.1550698e-07,0.0038339524,0.00011545546,0.00021528496,0.0033485126,1.647269e-06,0.00014959007
259,3.6541007e-08,6.7981405e-06,0.0002949506,0.0016102551,0.00018297385,0.60048485,3.2889733e-05,3.0060268e-05,0.0006342217,0.002391838,1.7233062e-05,0.0030226277,0.00017998485,3.3107685e-07,0.014375101
260,0.00033719858,3.532843e-06,0.17086576,0.0020923372,0.01231534,0.00053281605,0.00036769372,0.00013261348,0.098301746,0.35607627,0.0030366099,0.00014737932,0.001910933,0.010344425,0.055214643
261,0.0018878496,0.00015150293,0.00042262967,0.0011949245,0.0013145573,1.7249835e-06,0.038460832,2.04595e-06,2.5455773e-08,0.02462341,0.0001827895,4.3184307e-05,0.005604352,8.552794e-06,0.007091925
262,8.243924e-05,2.0097374e-05,0.052606788,0.007276202,0.085673526,0.06082456,0.00040536863,0.0013785352,0.07832748,0.118762985,0.0052716453,0.0009344538,0.0010054202,4.9825917e-06,0.1481327
263,2.3322298e-06,1.3497325e-05,0.009282397,0.037685953,0.21982495,0.0002717321,0.007208408,0.00064605614,0.037441924,0.28264815,0.026174838,0.00029987493,0.009393035,1.6818876e-05,0.0017602326
264,6.369351e-07,5.311026e-06,0.001839468,0.007553499,0.010385081,0.00018929194,7.289173e-05,6.928658e-05,0.28585407,0.5997843,0.0009702728,3.8586975e-05,0.0001440767,7.118716e-08,9.1338436e-05
265,2.6875405e-06,1.0933989e-05,0.061298948,0.03370822,0.27599475,0.009947933,0.0012578621,0.046212554,8.185732e-05,0.18489787,0.00072154513,0.0638231,0.012120369,0.0002487837,0.00014597294
266,0.00017711938,6.49273e-06,0.0015642806,0.0332065,0.0026358424,0.0002542277,0.0002988412,2.4574965e-05,1.3815666e-07,0.06121269,1.5139221e-05,0.004984204,0.00015398435,1.1938025e-06,0.0069448403
267,4.942463e-06,1.2278412e-05,0.4306777,0.021097036,0.03519838,0.071688786,0.000110231325,0.13753717,0.033791382,0.004732229,3.7829886e-05,0.010265433,0.00018102466,2.5374435e-05,0.0003350046
268,2.4521498e-06,8.6717155e-06,0.002727154,0.0060805166,0.00017372053,0.1195083,5.3857184e-05,0.20539041,0.14615397,0.0038609365,0.00017138783,0.04063417,0.00075855193,1.0667254e-07,8.106606e-05
269,3.2778505e-07,0.000115227835,0.00047423487,0.010187079,0.0019625837,0.14922795,0.0001467965,0.032285426,0.0001476141,0.0018295574,3.489669e-05,0.00027294192,0.021827115,1.5304935e-06,0.00013534458
270,5.226918e-08,1.9914e-06,0.0022253818,0.27712545,0.044407222,0.001490218,6.642088e-05,0.0031837646,0.5842469,0.0049912604,8.511006e-05,0.00016948488,0.00013180902,1.9833682e-07,9.3629526e-05
271,0.00012541731,5.6769768e-05,0.27024922,0.0004826277,0.00034079864,0.00017222085,0.0063335067,6.390983e-05,5.784881e-06,0.00066503446,8.424074e-06,0.0012066888,0.0040605175,0.016012814,0.0011768868
272,0.0009422254,3.40142e-05,0.29818308,0.002897137,0.0004020319,0.00070166506,0.04802647,0.000101404796,1.3820148e-06,0.022340668,5.570843e-05,0.00022764155,0.021190777,0.10558482,0.0013435225
273,6.037966e-06,6.6569946e-06,0.001553976,0.0018408532,0.0008975556,0.004619614,7.335261e-06,0.0001043791,0.89164126,0.00043236656,6.685282e-05,0.00015470803,0.00041280856,5.9272934e-06,0.000321615
274,3.2525688e-05,9.756394e-06,0.0057462687,0.0035210236,0.0009220701,0.1182011,4.9064245e-05,0.0013631966,0.37509674,0.0007572072,4.4131553e-05,0.19831137,0.009737205,2.2112483e-06,0.05778332
275,9.183144e-05,6.758633e-05,0.0004971112,0.007520173,0.0016495165,0.0018937463,0.0016802578,0.0052468544,7.0639086e-05,0.006033386,4.5214812e-05,0.023813747,0.027345872,4.4125036e-06,0.00031651105
276,2.281938e-06,7.980697e-06,0.05000479,0.0066430736,9.6646276e-05,0.07378842,0.00022691493,0.03388153,0.000100967336,0.23751369,0.0037125177,0.0006832868,0.0006513893,0.00043536615,0.0012226815
277,6.396881e-05,3.508752e-06,0.890296,0.00017948782,3.4717075e-05,2.3600644e-05,0.001511898,6.3353655e-06,6.597794e-07,0.0007225532,2.1949982e-05,9.267762e-05,8.558517e-05,2.0558944e-05,0.0011740717
278,1.0963114e-06,0.00013242455,0.055185072,0.047373377,0.0031747206,0.11178133,0.0003988108,0.21607985,0.024483923,0.06186837,8.626857e-05,0.00055037625,0.00013374187,2.1559948e-05,0.00016350504
279,3.8586175e-05,3.7843658e-06,0.0005399655,0.02601232,0.05758177,2.257354e-05,0.0063969437,5.7285442e-06,9.367475e-08,0.031061081,1.4705315e-05,0.00029190956,0.00058133696,2.625636e-07,0.003798851
280,1.7416698e-07,8.0072095e-06,0.0025837542,0.005491157,0.85078806,1.3523279e-06,3.60304e-05,6.7294326e-07,2.1714607e-08,0.00028297835,3.534849e-05,0.0001324539,0.0005310363,5.2802848e-06,0.003861656
281,0.0015020445,7.6853445e-07,0.16488658,0.004341264,0.0019508507,0.010243567,0.001740615,0.0038400409,0.023258762,0.18688862,0.002644639,0.13146637,0.0029505745,0.015411548,0.0036891466
282,8.2629873e-07,3.2450619e-06,0.020132735,0.013351791,0.2773343,0.067806505,5.481994e-05,0.0059435987,0.00027818896,0.3705378,0.01009166,0.0017405419,0.00017834282,5.995538e-07,0.014000891
283,3.2175863e-06,3.6559752e-06,0.015441084,0.011606966,0.0022067644,4.196358e-05,0.000106603875,0.00031573127,4.2173846e-07,0.009484023,0.00027054208,0.00013152868,0.004452309,9.919623e-06,0.0019284853
284,0.0001917937,7.787494e-06,0.0009220662,0.017654432,0.00094825734,3.8619575e-05,0.00020755532,3.1585776e-06,5.970172e-08,0.06343055,4.6269244e-05,0.0006303752,0.000113960996,6.6248504e-07,0.06307442
285,6.0771363e-06,6.800247e-05,0.13973993,0.0039578318,0.00026721848,0.00076420675,0.0005154663,5.5733253e-05,0.0046165776,0.30120215,0.0044686613,0.0006850874,0.0008203031,7.574383e-05,0.046049327
286,6.8893223e-07,1.4858892e-05,0.098537736,0.019115286,0.07525756,0.00021970799,0.009210568,0.0002637698,7.183122e-07,0.28119764,0.05459996,0.0056682704,0.032741845,0.0023059945,0.00032068253
287,7.002523e-06,4.805182e-06,0.41056138,0.0013336685,2.1553004e-05,1.2142639e-06,0.010299411,1.7059081e-07,2.617072e-09,0.24570206,0.0009771105,0.000108298525,0.0125646,3.0265546e-05,0.00051226723
288,3.1642016e-05,4.6217883e-06,0.3885131,0.0003709156,3.4427037e-05,8.629701e-09,3.4302564e-05,5.836921e-09,6.4444616e-10,0.35886985,0.0015687548,0.00018216572,0.0003139439,0.063194945,0.002954575
289,3.1499048e-06,2.995537e-05,0.00071308017,0.053676814,0.005648319,0.00015576021,0.0003098684,2.2675897e-05,6.4610326e-08,0.31685072,0.009650735,0.03653869,0.0022577099,1.4905712e-07,0.00048255495
290,4.8774285e-07,1.4538811e-05,0.00021834549,0.005086225,0.0001738135,0.10254631,8.956663e-05,0.2635156,0.00055980583,0.002808934,0.00012298486,0.00026568354,0.0036432215,2.3246221e-07,0.00011412265
291,1.431631e-05,3.119319e-06,0.70391273,0.00013101484,4.417672e-05,3.7589657e-06,0.03176544,1.7616976e-06,2.3534382e-08,0.0010717387,2.6644911e-05,1.6140952e-05,0.0013347975,0.000245678,0.0022533126
292,1.1714112e-07,1.3269886e-06,0.002431212,0.18148592,0.019620001,0.00044076398,0.00010064446,0.001152861,0.35456175,0.22291292,0.01823816,0.00014173992,0.0001027392,6.739297e-08,0.00014766646
293,7.658028e-05,5.593288e-07,0.18648832,0.011391696,0.044964194,0.0032969546,0.0012201119,0.0014510731,0.040935997,0.05646144,0.00014368142,0.2199515,0.002311309,4.854981e-05,0.0027098982
294,3.00148e-05,0.00055503537,0.25563094,0.0078209145,0.0023145142,0.012085921,0.001867296,0.0013372558,0.0024136875,0.20822278,0.00014054833,5.7692785e-05,5.989332e-05,0.009691656,0.00024020276
295,8.816145e-05,2.6177183e-06,0.002254936,0.01053617,0.00010371109,1.7748223e-05,0.00016532543,6.515892e-07,3.0074876e-09,0.3094017,0.0034804628,0.100326635,0.00022841792,4.6209533e-07,0.0078199925
296,7.649592e-07,3.7747264e-05,0.0021664097,0.0057260585,0.080232255,0.11239838,0.00031128756,0.04448468,0.04289431,0.30395526,0.0010430714,0.07611385,0.0002187635,1.04249e-06,0.011658965
297,6.132048e-05,0.000537133,0.00016359969,0.020306801,0.004831104,0.0008186567,0.011158665,0.0003444385,4.633375e-06,0.010025578,2.4721425e-05,0.030432146,1.1514144e-05,3.660677e-06,0.00025928108
298,0.0011037877,3.4325908e-06,0.3319921,0.0052514337,0.00018863386,0.031875394,0.00024212892,0.077898316,0.00016220676,0.13870053,0.005174274,0.09735782,0.0016348127,4.8148162e-05,0.003921653
299,6.172067e-06,6.149556e-05,0.15487234,0.010598811,0.115025155,0.0064996188,0.0011938877,0.008853747,0.00030808948,0.11819524,0.00012702326,0.00059273286,0.00064257055,0.0031030246,0.032434262
300,0.018313568,5.0121944e-06,0.23395519,0.00016526965,0.0036333092,3.3511867e-06,0.00065742026,1.7962919e-05,3.528677e-07,0.0913462,0.00342424,0.08763643,0.012966691,0.0004341908,0.060311634
301,1.5703396e-05,1.3280043e-06,0.14954329,0.0083678905,0.008738018,0.00114792,4.0450544e-05,0.0004887606,0.24078503,0.009630058,1.5646347e-05,0.00023209592,0.00014985235,0.014809993,0.0007135145
302,2.265476e-05,2.5298373e-06,0.004025864,0.2808535,0.0027854273,0.00011308447,0.0019042084,0.00015566518,2.1015401e-07,0.060898535,0.00030700592,0.23293175,0.0017148732,1.4518646e-06,0.00048391998
303,2.72363e-06,7.770822e-06,0.0010196675,0.0050816485,7.8609264e-05,0.21440998,0.000245382,0.032297183,0.0003519866,0.067513935,0.0007653361,0.22969685,0.011426561,5.836378e-07,0.011977815
304,0.0010488664,3.3037282e-05,0.2691332,0.0015246922,0.0048482725,0.195248,0.00013625652,0.0015012316,0.00024240829,0.026969898,0.00037106985,0.0052681537,0.0030161908,0.026586156,0.09547121
305,4.9850274e-07,7.05242e-06,0.0026492462,0.0035563593,0.00020900965,0.31933373,0.00012538634,0.00018728894,0.00020825675,0.0046305535,1.7080722e-05,0.0027670725,0.00018849305,6.238813e-07,0.0080821505
306,2.2947022e-06,0.00011478638,0.1728591,0.020494115,0.0005994266,0.009165867,0.04954388,0.06342745,4.37391e-05,0.010648405,7.5420496e-05,0.007492676,0.026814563,0.00034404872,0.000584247
307,8.978915e-06,6.1933184e-05,0.13729125,0.00295366,6.0404418e-05,5.9806564e-05,0.00051291974,4.2421903e-05,3.293644e-07,0.25690266,0.0006715582,0.00074159284,0.0038267772,0.0006945838,0.10888857
308,5.22627e-08,1.4429727e-07,0.0011745276,0.0077925622,0.9568275,3.0234193e-07,6.0939333e-06,1.7133239e-07,7.747264e-09,5.3817548e-05,1.8480361e-05,2.287971e-05,8.6479755e-05,9.6808186e-08,5.650111e-05
309,4.5800913e-05,0.00015190478,0.00079160754,0.018171279,0.11232628,6.980729e-05,0.00023902213,3.3283617e-05,9.985451e-07,0.13225494,0.00016296405,0.045531422,1.1961045e-05,4.252972e-06,0.0042574042
310,0.0076298965,0.00010393812,0.0005127327,0.0071184407,0.15752977,1.27148805e-05,0.00035652367,1.57985e-05,9.950159e-07,0.013194141,0.00023078555,0.050056398,0.00051907566,2.5877944e-07,0.027959831
311,4.76563e-06,2.785023e-05,0.07254482,0.005081837,0.00033250588,0.00031659502,0.00026811942,4.144143e-05,0.004749232,0.35335082,0.00023311372,0.00077337614,0.00091650523,0.0004618463,0.0025996529
312,2.5391175e-05,0.0001946513,0.00031860394,0.0025996212,6.445442e-05,1.0155854e-05,0.00029306687,3.0191063e-07,2.2890205e-08,0.48717016,0.15542608,0.0012362606,0.0004083385,1.2618744e-07,0.0010954187
313,2.7462215e-06,5.5747373e-06,0.1943227,0.00780263,0.0002896312,0.07957772,0.00017708988,0.10340971,0.0046703024,0.075735226,0.00018247127,0.0013366552,0.00045371032,4.9839222e-05,0.045226447
314,1.3477894e-07,2.592627e-06,0.5781949,0.07113733,0.0011349224,0.14412767,0.00014851915,0.0032899121,4.4293454e-05,0.0058989273,5.903438e-05,0.019533215,0.00013234394,0.040768743,0.0008516642
315,8.109028e-06,0.00013839545,0.0006332842,0.012634611,0.10368837,0.00033545546,0.004802587,0.00021438827,0.000115220704,0.2888655,0.011662682,0.00029169326,4.8037786e-05,4.2744855e-06,0.0034683733
316,4.7162994e-06,4.1590165e-06,0.0023325256,0.0060994197,0.0033490728,0.086636074,6.21663e-05,0.0015200997,0.09870324,0.37024748,0.0025893494,0.22814524,0.0006126904,7.023653e-08,0.0076530483
317,2.8446104e-07,8.941654e-06,0.0010682774,0.0048247543,0.7243001,0.005485735,0.00010717965,0.00047784482,9.491548e-06,0.00010031997,1.1914963e-05,0.0006744235,0.00033334014,4.810591e-07,9.13916e-05
318,5.085308e-06,4.089918e-06,0.013387124,0.0023599756,0.0004400821,0.0002049689,7.0345675e-05,2.955066e-05,0.0981289,0.29348207,0.00045165847,0.0005831589,0.0003010165,5.0014263e-05,0.06334774
319,3.5879293e-05,9.907593e-05,0.27474642,0.0019745408,2.4259047e-05,0.0001122613,0.00021319468,4.1273165e-06,1.0795346e-07,0.27884996,0.00035342184,0.0007441451,0.00038600943,0.0010370716,0.05061764
320,0.00069466553,0.00017867934,0.0009333254,0.006692576,0.06143718,0.0001236253,0.00090785685,0.00023394005,0.011487388,0.37642416,0.0011484784,0.00020013735,5.5256827e-05,1.3561269e-06,0.013094115
321,4.443901e-07,3.5744015e-06,0.0010037624,0.0013130486,8.3101506e-05,0.0002241696,0.004516423,0.00017136321,2.7958882e-07,0.51962525,0.0009037734,0.00010029587,0.0023018816,4.7301015e-07,0.00025667626
322,5.9917664e-07,0.00031658745,0.0006386029,0.15147352,0.012583363,0.06310659,0.00051516364,0.014942143,0.0035503565,0.016177375,3.0341193e-05,0.06348174,1.9224892e-05,3.8436633e-06,0.00014461216
323,1.6385591e-05,0.00017848694,0.28765875,0.020606687,0.0019824924,0.001169502,0.001947343,0.00028209254,0.00028228198,0.27318543,0.0017853057,6.0602135e-05,0.0003295551,0.00013350976,0.00042261303
324,3.412726e-05,1.3475893e-06,0.031113345,0.0041820733,0.15364712,4.857996e-06,0.0036219212,4.159292e-06,2.2532328e-08,0.32277817,0.05593003,0.022762176,0.0077149128,0.00091905997,0.04099484
325,1.0316532e-07,6.9403526e-05,0.00022304582,0.0022607425,0.0002718525,0.62415093,9.569953e-05,0.0002740035,0.00053558336,0.003917257,5.1444233e-05,0.0018582732,0.02995351,4.5215555e-07,0.00018763218
326,2.8350746e-06,7.838037e-06,0.000892287,0.00033737253,5.3813324e-05,0.06143785,6.0228766e-05,0.00016156003,0.07876388,0.17774037,0.025280539,0.0013105428,0.00038956085,1.0813723e-06,0.21453731
327,4.0885284e-06,9.62505e-06,0.004718668,0.22143057,0.011823891,1.6944832e-05,0.0002725504,0.0004310632,0.0008431055,0.48623484,0.0043810783,0.0004523192,0.0003093983,1.0876615e-07,0.03643141
328,4.5094985e-05,1.2656504e-06,0.033364248,0.013924468,0.00037353145,0.05818807,0.00020011439,0.019367049,4.4845816e-05,0.19685353,0.0032646148,0.065554,0.00040208732,0.00016285686,0.021071522
329,0.00034218113,2.061997e-05,0.16066797,0.008659,0.0002843509,1.4641752e-06,0.00043628694,1.4212257e-07,4.6564885e-09,0.2455084,0.00014241203,0.00042154483,0.0040860255,0.047476087,0.0015602483
330,0.007926584,6.1622677e-06,0.7472912,7.8528086e-05,0.00011352001,4.090533e-07,5.362694e-05,2.0353615e-07,7.0466896e-08,0.0066828122,0.0003391965,0.00015797299,0.00020454312,1.5893114e-05,0.096560106
331,0.0010901012,0.00013635424,0.09820465,0.0008460572,0.0002638181,0.003658627,0.0029431272,0.00023107252,7.690115e-06,0.023216408,0.0002456833,0.0009855778,0.015816862,0.08224469,0.2963079
332,1.4649473e-06,1.327966e-05,0.0004969334,0.0035306916,0.00028917796,0.0002246547,7.529168e-05,0.00030749326,5.0613613e-07,0.0011664876,7.0922615e-05,0.00018858275,0.029101307,1.783289e-06,0.11223601
333,3.6354065e-06,1.0294234e-05,0.029491717,0.0012433036,0.00013997988,9.794726e-06,0.09183009,7.7147615e-06,1.2890508e-08,0.14429176,0.018136844,4.689772e-05,0.012058993,4.8603724e-05,0.001848039
334,0.0014439458,1.917338e-06,0.00084575615,0.00031382823,0.0007107618,8.66519e-08,0.05071343,1.3502147e-07,1.4548113e-09,0.030145045,0.0023893176,8.969398e-05,0.012059277,1.4107267e-06,0.033172626
335,1.6368315e-06,2.7783544e-06,0.3314743,0.039762434,0.003915798,0.0068451245,0.02084737,0.03512759,7.887116e-05,0.029771622,0.00029656143,0.0002742918,0.0042434926,7.3851246e-05,0.00048037147
336,4.945202e-07,5.0399226e-06,0.04943571,0.014576321,3.6559773e-05,1.3174679e-07,4.03834e-05,1.5324592e-09,7.9731284e-11,0.61025494,0.12270579,0.00020642928,0.00010524246,0.0027377156,0.000556915
337,9.367546e-06,5.350072e-07,0.13755172,0.033591084,0.07271184,0.021212844,4.027228e-05,0.038180903,0.06321111,0.010646841,0.00014673227,0.15933026,0.00027808725,0.028738197,0.0035800412
338,4.1916897e-05,3.02205e-07,0.002136249,0.00405912,0.9216589,2.2769291e-07,7.264737e-06,1.5391875e-07,1.24874635e-08,0.0035046958,0.0002910561,7.359559e-05,0.00016134282,1.4613266e-07,0.0010729483
339,4.2687796e-05,0.00037573694,0.00039991434,0.0031434519,0.0010868764,0.00023621709,0.03628383,0.00027187023,6.325555e-06,0.0035972034,4.3423315e-06,0.000311299,0.00043545951,4.0515464e-05,0.00074771553
340,3.499858e-05,6.2857403e-06,0.0022594926,0.015340246,0.008413557,0.00087581266,0.0011936285,0.0043898015,0.08172984,0.3823167,0.0072899815,0.028538158,0.041474193,3.5692667e-06,0.0016239153
341,0.00010379859,5.709432e-05,0.0017000348,0.0119177755,0.0043447046,0.03730378,0.00024981145,0.062321886,0.18656231,0.0017640276,5.8582566e-05,0.31740433,0.00085369055,1.5046418e-06,0.00043358878
342,2.3679868e-05,3.7717822e-05,0.002178569,0.008669364,0.0028227775,0.011826744,5.8061265e-05,0.00064173795,0.48708102,0.0010170285,3.4647906e-05,0.30392423,0.0010802104,1.024937e-05,0.0032022488
343,5.408455e-05,2.9033703e-05,0.0023138158,0.013448102,0.19382828,0.0001927169,0.000227711,0.00011066104,2.9429823e-06,0.006737862,6.974409e-05,0.48164684,0.00073289644,6.559449e-06,0.0006849778
344,1.4208666e-07,1.1815318e-06,0.27083933,0.0065703355,0.004298572,0.09071365,0.00041088258,0.0085926885,0.0006194865,0.32571802,0.008281638,0.0007219961,0.00041501003,0.004947304,0.0003619182
345,0.00036773834,1.6919779e-06,0.11984805,0.0008026846,0.0001507498,0.00024528312,1.0594113e-05,6.952538e-05,1.0487018e-05,0.0047749667,0.00017466265,0.4946515,0.0012585022,0.013201352,0.00022697802
346,1.0719674e-08,1.8691298e-07,0.002063832,0.043622367,0.91274446,8.0157133e-07,7.0534206e-06,1.2777693e-06,2.1300204e-08,0.000491884,6.731693e-05,8.7216154e-05,0.000118333184,1.4074998e-07,4.549062e-05
347,8.7510166e-08,3.878588e-06,0.14958641,0.0020684018,3.2757514e-05,0.10640795,0.00037116383,0.00580588,0.00016456353,0.40830252,0.0121449325,0.000306077,0.0006293649,0.04291338,0.0002888651
348,3.1094773e-05,3.9860633e-06,0.12839204,0.0044856863,0.0014568781,0.0070465114,8.5046355e-05,0.00533791,0.31710663,0.08035222,0.0040195608,0.0020936343,0.0063143615,0.021148844,0.015853342
349,6.9439174e-08,2.03248e-05,0.0008543551,0.002317889,6.755855e-05,0.35745582,2.6843936e-05,0.1634836,0.005087778,0.0051593683,0.0003334842,0.000309149,0.00011070591,1.0251607e-07,9.185736e-05
350,4.597727e-05,3.7907887e-06,0.002347714,0.12333122,0.084054865,0.1076186,0.00396623,0.011291757,0.04240101,0.0528817,0.00045730438,0.042402446,0.0058145225,2.9048215e-07,0.031250767
351,3.131671e-05,5.904014e-05,0.20045893,0.0052979547,0.00027006597,2.8705058e-06,0.0008480261,6.628726e-08,1.8870262e-08,0.27575693,0.031098854,4.378377e-05,0.000797771,0.24457678,0.0010148918
352,4.9797855e-08,6.2590225e-05,0.000803009,0.0016099584,2.7040087e-05,0.0010616989,0.0046759015,0.0017270488,3.0538663e-06,0.65712434,0.00030134813,0.00023226872,0.0010345731,2.520641e-07,0.000106533465
353,0.00026032195,5.3476315e-06,0.034631025,0.032855943,0.20378834,0.0042848364,0.00030046713,0.001249008,0.44212273,0.0054211426,9.2983406e-05,0.05249903,0.013898192,0.0009832722,0.0007019519
354,0.00015921719,0.00021438095,0.1258543,0.00396731,0.000106385894,1.3252463e-05,0.00018516362,1.5797409e-06,5.9062895e-08,0.39706486,0.03042646,0.0007000591,0.00025259948,7.3608026e-06,0.0037414774
355,0.00010294044,1.2328006e-06,0.0010223249,0.0038428886,0.0015242023,0.033111423,0.00010619696,0.0049672853,6.1636776e-05,0.3660406,0.016431905,0.0050746133,0.00031936073,1.01919895e-07,0.026639793
356,2.3119183e-06,4.7392e-06,0.004974858,0.07595585,0.071228825,0.010631678,3.347873e-05,0.012314158,0.6077346,0.089777276,0.0012334859,0.0001388576,0.00020338238,2.690969e-07,6.827296e-05
357,3.1396856e-05,0.0002691049,0.0008921957,0.010292345,0.036726866,0.32463086,0.00023247061,0.013185244,0.0028944036,0.014798819,4.105301e-05,0.004264313,0.00010773877,1.4201335e-06,0.0012946114
358,0.01630824,9.428593e-06,0.009789674,3.616749e-05,0.008146856,6.1495866e-09,9.6234595e-05,1.3508966e-07,1.3898152e-07,0.11416893,0.008114164,0.0015652105,0.0041791783,6.1666933e-06,0.08573258
359,1.4502684e-06,0.0006074223,0.00040614037,0.0010954904,0.00024146894,0.26361403,0.00014880215,0.00027911953,6.8614034e-05,0.038834468,0.0008991566,0.0011558906,0.000105331914,2.2804452e-06,0.22701947
360,1.3157892e-06,2.9234363e-05,0.00052305777,0.0006406541,0.00071513496,0.0034714385,0.049705885,0.00027389973,2.8694029e-05,0.0021879384,0.00014767528,0.020864269,0.009127919,1.8940771e-06,0.0059084697
361,1.0392064e-07,1.6887536e-06,0.0020382016,0.18673141,0.0075556864,2.3586244e-05,0.00019684777,0.00015903045,9.312119e-08,0.00383563,0.00011564168,0.000101720136,0.002319999,5.125608e-07,0.00028318627
362,1.2278241e-07,3.094788e-05,0.43172982,0.00091691123,4.024654e-06,0.0028690018,0.00026227138,5.614986e-06,2.5135625e-07,0.431678,0.00066247256,0.00027028663,0.0013231697,1.4589107e-05,0.00044541797
363,2.8127792e-05,9.908229e-07,0.504086,0.12421145,0.0012762831,6.0501916e-05,3.835685e-05,0.00011183924,6.69074e-07,0.010996624,3.7612688e-05,0.2132221,0.00016032821,6.239866e-05,0.00023357321
364,3.8505723e-06,9.24351e-06,0.000984192,0.0011583782,0.00014073483,9.981948e-06,0.09824759,1.8144877e-06,7.5305495e-09,0.27631503,0.00056862226,5.860026e-05,0.0057087755,7.7734285e-07,0.0007424138
365,7.614486e-06,0.00010476147,0.5461464,7.541103e-07,5.251493e-06,7.5624384e-06,5.344664e-05,4.630601e-06,1.5283736e-06,4.687354e-06,8.140913e-06,0.00015101895,0.0003054094,0.24214292,0.0017244656
366,3.488655e-05,1.6872506e-06,0.0006357743,0.0020471523,0.00072215195,8.769709e-05,0.0041941274,0.0003468064,0.0015713584,0.38386774,0.0039435187,0.00011883848,0.005802272,1.14687715e-07,0.0010577543
367,0.00014573862,1.3149684e-06,0.0010264952,0.0005628832,0.00012922223,0.00033158367,0.0061462065,0.0030692709,4.8740687e-05,0.29497105,0.008019289,0.0003229946,0.010371253,8.8581125e-08,0.11685741
368,2.4831684e-07,3.9771476e-06,0.0012003471,0.000543322,1.6752916e-05,1.1262397e-06,0.025927525,2.116949e-07,1.5776339e-10,0.6842047,0.0010904954,5.7966015e-05,0.002227061,2.2711171e-07,0.0016581918
369,7.7520593e-07,1.9577346e-06,0.12755951,0.018835649,0.020931723,0.0023239576,0.004709213,0.00163552,0.019976923,0.2510839,0.021260945,0.0011407557,0.0015314078,0.0014811357,0.00024959346
370,1.013378e-06,8.61271e-06,0.0013992024,0.07194612,0.0016704808,5.497352e-06,0.0053402293,5.6291883e-06,8.2200655e-09,0.006306897,0.00030743857,0.00025384902,0.0059738066,1.7651436e-06,0.20500655
371,2.0179314e-05,0.0012397225,0.00019898487,0.0042892,0.0018301199,1.6681955e-05,0.0007045238,4.3853515e-06,3.320809e-07,0.001383116,1.769345e-05,0.0004194221,3.0617402e-06,6.374132e-06,0.17884493
372,2.673631e-05,1.0289591e-06,0.07086638,0.01484737,0.034703773,0.00013994297,0.0012770816,0.00031238265,0.19416407,0.2273871,0.014539629,0.00013910233,0.0024719667,0.0040707537,0.0015435644
373,9.858135e-07,5.160416e-07,0.47717986,0.16987497,0.0011592078,6.5571834e-07,0.00019993314,2.4746314e-06,3.9908045e-08,0.0067965426,0.00013424609,0.00015380836,4.933724e-05,0.12960972,0.0033203086
374,3.8382436e-07,2.7710474e-05,0.0025190467,0.0029385423,9.816987e-05,0.2990154,0.00020931623,0.00065975066,0.00013970246,0.049923524,0.00013261451,0.08169806,0.006606924,2.5684844e-06,0.029114315
375,2.770006e-07,1.484943e-05,0.32481742,0.018170658,0.00042810064,0.4245122,0.0003373783,0.00010662976,0.00035050156,0.0032245943,0.00013471456,0.08065233,0.0017136754,5.7464666e-05,0.0004842308
376,1.2103266e-05,2.1195622e-06,0.0009123313,0.024826132,0.3154384,4.73583e-06,6.549394e-05,9.831793e-07,7.60722e-08,0.02217286,3.212817e-05,0.00019849208,5.5248234e-05,4.5497003e-07,0.002032024
377,8.266466e-07,9.1403757e-07,0.0054957904,0.065186076,0.00604903,0.0028979531,9.326354e-05,0.0015355492,0.17006208,0.3674566,0.11295718,0.0015741138,0.000112102665,1.8079098e-07,0.0074252007
378,1.1871721e-07,5.9473805e-05,0.124753416,0.15866636,0.0015669091,0.016586555,0.00016231046,0.002799259,3.9516726e-06,0.26476142,0.002917973,0.047784086,0.0006282457,0.00094782835,0.02209388
379,8.2946156e-07,1.1546534e-05,0.36023498,0.0032715849,4.1164174e-05,0.12057628,4.3048934e-05,0.19481926,0.0018119726,0.0027459508,9.619067e-05,0.00044317858,0.0006647105,6.283191e-05,0.00017794855
380,6.3405935e-08,4.2152274e-06,0.09314987,0.027386457,0.00056589005,0.31922778,0.00017603162,0.00080487825,0.0002196297,0.28275052,0.011217696,0.0016620882,0.0005576878,7.6325205e-06,0.0012686336
381,2.8154205e-05,1.0544239e-06,0.51418686,0.17479448,0.0019046657,2.2762016e-07,9.3093324e-05,9.327791e-07,1.4304704e-08,0.039726432,0.00044580948,0.00025228265,4.5506902e-05,3.1340893e-05,0.08703183
382,0.0009581199,9.3234775e-07,0.0024721255,0.0013375832,0.67760575,2.2276389e-08,1.4156731e-05,7.175616e-08,1.17324745e-08,0.0090599265,0.0018193977,0.00018698582,0.00068017235,7.720767e-07,0.08583694
383,0.0001604212,2.0825264e-06,0.0012684377,0.008430008,5.50917e-05,4.7112357e-05,4.9234062e-05,4.997148e-07,5.9196857e-08,0.3100967,0.11670918,0.3266109,7.859855e-05,1.2415094e-06,8.983311e-05
384,0.00014380284,1.34937745e-05,0.31827036,0.0095104,0.0001487025,0.036384013,0.00010676414,0.079989314,0.00037172277,0.007915961,2.5133226e-05,0.23550887,0.0024688253,6.4898544e-05,0.0011016825
385,0.0055705816,8.834099e-05,0.004804946,0.0049867555,0.0028307438,0.004684757,0.00014209644,0.00451673,0.5365444,0.036371518,0.0012528724,0.00019877945,0.000653994,0.00023633437,0.010261261
386,9.737267e-09,1.8306596e-06,0.007942256,0.46444675,0.0907412,0.00064272224,0.00012813027,0.006736844,0.22867662,0.0091934595,0.00024315437,0.00036591684,0.000101348676,5.2102047e-07,0.0001751592
387,2.732391e-06,4.2737793e-05,0.021282008,0.013480473,0.0025191216,0.018444223,0.00064871117,0.03830135,0.20122553,0.4190009,0.00085505005,0.00017384616,0.00025511626,0.00016442552,0.00052568776
388,0.00070337235,0.00021324249,0.0005458845,0.0019920343,0.0010488498,8.1170965e-06,0.0009126305,2.1136428e-05,2.730223e-08,0.023254622,0.00011382741,0.00023450615,0.0016885728,1.756278e-05,0.13297091
389,3.5914059e-06,1.8471394e-06,0.42957032,0.00018209961,8.6195796e-05,1.528805e-06,0.052986003,5.445532e-07,5.1691016e-09,0.00054005685,4.9874863e-05,1.4043819e-05,0.0037302678,0.0019602145,0.0018774464
390,2.1977758e-05,1.8156428e-06,0.002108676,0.005148828,0.0012402026,0.0044778436,3.5982437e-05,0.00042944538,0.27850404,0.24042201,0.044859007,0.086177096,0.0005060722,2.1744414e-07,0.03573357
391,0.00042652723,3.784583e-05,0.0011262116,0.00781462,0.0008366797,0.00022383442,0.00020324843,3.732744e-05,4.282801e-07,0.122908756,0.0003047596,0.4086303,0.004592844,1.4384049e-06,0.0040087756
392,2.264133e-06,0.00028154894,0.00026918508,0.2960438,0.003818379,1.8524743e-05,0.00023227136,4.553891e-05,2.1066346e-07,0.003101678,2.4349123e-05,0.001210552,0.0005207176,4.707762e-07,0.00997326
393,3.1439757e-08,0.00023678038,0.0016072588,0.3148722,0.01722729,1.0339548e-05,0.0002520913,4.8917314e-05,1.5753646e-07,0.015296796,0.00012672723,0.0002588632,6.661161e-05,3.933122e-06,0.00012392201
394,0.00019197683,3.865291e-05,8.474571e-05,0.000190314,0.00030689692,0.00021303547,0.002806524,0.00021868979,1.0271227e-05,0.00061046414,6.1257933e-06,0.00078634557,0.0008536653,1.0223592e-06,0.0018161067
395,1.1829399e-05,0.00037222044,0.0007539593,0.010899661,0.0017502522,0.07575945,0.0010909016,0.1429568,0.00084941357,0.008398963,5.580415e-05,0.093652986,1.1345609e-05,1.5649357e-05,0.050055463
396,0.0054377704,5.7539582e-06,0.14182994,8.00831e-05,0.001147742,8.32612e-08,0.005201499,2.4682822e-07,2.4582736e-08,0.04708946,0.0032270309,0.00024376837,0.010544442,0.064479716,0.0641753
397,6.5663376e-06,7.5191306e-06,0.0004512207,0.0042426507,0.001499449,3.4689347e-05,0.00017390355,0.00011611639,1.2105235e-07,0.048693527,0.005309619,6.428606e-05,0.0026882987,5.5167504e-07,0.0008726575
398,0.0005469419,2.9774837e-05,0.28861904,0.0033143235,0.0011798237,0.0027619097,0.00028667695,0.0037529639,0.001686011,0.015520705,2.8644603e-05,0.29877546,0.007321674,8.3063e-05,0.00014089383
399,0.010095646,5.54305e-06,0.005235039,2.6429738e-05,0.0069819475,8.007765e-09,0.00010612695,1.10372504e-07,1.2226772e-07,0.17214409,0.033024017,0.0016482443,0.0029549508,2.214146e-06,0.10151253
400,0.00043516973,4.4849003e-06,0.003074197,0.010711436,0.0015025366,0.00408664,0.00013292702,0.0009040148,0.011819312,0.019755555,4.9806848e-05,0.35282263,0.0005920132,6.141191e-06,0.018092161
401,2.3310786e-08,2.0892246e-06,0.17251796,0.16917908,0.0039947703,0.0140018035,2.732223e-05,0.02469751,4.920455e-05,0.29037166,0.011729087,0.0029681863,0.00016784902,6.4262736e-06,0.000787654
402,0.00012849156,2.7819166e-05,0.0029101789,5.6742872e-05,1.8387102e-05,0.00884168,2.2393184e-05,0.00010212013,4.881277e-06,0.005315385,0.00030002525,0.18141855,0.0013048934,3.222856e-05,0.3251188
403,6.8009416e-05,9.141513e-05,0.00011068584,0.0012921221,0.00013935208,1.03031e-05,4.261663e-05,4.9844966e-06,2.828595e-08,0.36685652,0.000492421,0.00086188404,0.00051033794,1.4155383e-07,0.00070374645
404,7.775001e-08,3.0956045e-07,0.0013681339,0.005716213,0.8656268,0.012821972,0.00020674133,0.01393807,0.00036192234,0.00045582867,0.00015409148,0.00021008698,0.0005635372,1.368457e-07,5.5944685e-05
405,0.0004934529,5.1761257e-05,0.043183286,0.0057747653,0.28148714,3.1063178e-06,0.00021683756,2.339603e-06,2.1065685e-07,0.010461975,0.00011389909,0.016335547,0.00029088176,0.008771306,0.20283423
406,0.00037646998,8.862443e-06,0.0016970391,0.001969494,0.00021012338,0.27680576,1.8000654e-05,0.00016502276,0.00018235965,0.0108276,0.00025791672,0.4588984,0.00064373005,9.2057536e-07,0.0006558379
407,0.006818969,9.147359e-06,0.004889074,0.0004578273,9.1227266e-05,0.00016290494,7.576997e-05,7.727295e-05,8.5554643e-07,0.11494525,0.0017585662,0.4339558,0.0012352687,3.2687824e-06,0.10987417
408,3.280825e-06,1.3424449e-06,0.0806195,0.09980149,0.03611001,0.007032899,3.620879e-05,0.012282555,0.41941932,0.10724887,0.00045945073,0.025741152,0.0003457863,0.0027696826,0.00032132983
409,3.9337974e-05,6.403193e-06,0.14814007,0.012958236,0.10356011,1.2511379e-05,0.0004570534,1.612633e-05,1.1393108e-07,0.009088679,3.3117743e-05,0.0049106213,0.014104205,6.7473375e-05,0.04714947
410,4.1413036e-06,5.230255e-07,0.18520388,0.013083017,0.00029520484,8.5082414e-05,0.0010969256,1.0846704e-05,6.504379e-07,0.33344445,0.060842436,7.725204e-05,0.00019888295,0.101128116,0.0005021044
411,9.3649317e-07,5.1160987e-07,0.3341341,0.00070532877,0.32778496,1.2486618e-06,3.807248e-05,6.0543823e-07,7.1486355e-08,1.6696793e-05,2.9198214e-05,0.00011643732,3.087246e-05,0.1743435,0.0004580562
412,2.698645e-06,1.420582e-05,0.0016632036,0.008665111,0.462969,1.7198947e-05,0.0013435557,1.8997926e-05,0.00011902694,0.0021677888,1.814107e-05,0.0001382692,0.005661913,7.614993e-07,0.011590038
413,0.011509437,0.00013866187,0.1869771,0.000879904,0.00048084906,0.00036458403,0.00039929457,0.00020979471,1.1777573e-05,0.010355772,5.227967e-05,0.0009965644,0.00032774944,0.024624579,0.031565633
414,7.691724e-06,3.997805e-05,0.23043002,0.07746464,0.01719342,0.005591135,0.003612567,0.003639012,0.28793576,0.010355121,9.351812e-05,0.0003899779,0.015694873,0.00045893705,0.019756269
415,7.2860496e-07,8.2393433e-07,0.0017182943,0.0050297943,4.2226573e-05,0.045308273,0.00030764742,0.049213663,0.00015476625,0.39364412,0.08474337,0.010495945,9.514322e-05,8.1492196e-08,0.00020911272
416,3.6312326e-08,4.3895993e-06,0.0017877761,0.00075674464,4.95563e-06,7.220057e-07,0.00028430257,5.9123124e-08,7.705481e-11,0.8749775,0.0015098703,0.00017789229,0.0004142271,1.2700991e-07,0.00033995538
417,0.0017233853,2.294483e-06,0.027134962,0.11454074,0.40508735,7.795772e-06,0.00074403605,8.082379e-05,0.020857586,0.08129216,0.0026965581,0.0003364566,0.0007599548,7.81218e-05,0.02571479
418,1.2620493e-06,6.787597e-05,0.0011820843,0.0079876445,0.023922052,0.029116122,0.0007462545,0.002669689,0.0020008553,0.4288329,0.046928726,0.00016042942,4.6588993e-05,5.8397177e-06,0.00015502513
419,2.520771e-06,0.00020705757,0.23556532,0.001319834,9.355415e-05,0.039314404,0.0007275926,0.0033989255,3.8059443e-05,0.3593022,0.0040390654,0.0009925483,0.00070424046,0.0014553859,0.010614514
420,8.820104e-08,2.3841778e-07,0.18798147,0.0015799506,0.6506575,3.3504313e-07,1.3773595e-05,1.2117366e-07,7.590027e-09,4.3197764e-05,2.7549831e-05,5.1573978e-05,0.00023192125,0.02347405,0.00013313984
421,0.0004054352,5.687845e-05,0.13453291,0.0099214995,0.00071067526,2.640612e-05,0.003760616,1.7158687e-05,5.5166318e-08,0.32902548,0.0007086682,0.052952077,0.0016886955,0.097490594,0.009872414
422,0.0009112163,1.2206527e-06,0.0012474135,0.0005896241,0.0004316235,8.510896e-06,0.04295215,1.3802798e-05,2.070953e-07,0.24971196,0.0056261206,0.109663635,0.009757492,3.892191e-07,0.018383725
423,1.6329583e-06,2.494808e-06,0.0020926802,0.004203955,0.0003254728,0.06877386,8.542217e-05,0.08432683,0.19187054,0.28204966,0.03571557,0.00017162791,0.0001689543,3.628763e-08,0.00014544252
424,1.5049272e-06,1.6045531e-05,0.015109483,0.0031965205,8.902235e-05,1.4696703e-06,0.06133306,4.2269141e-07,1.0003035e-09,0.44091657,0.01647164,4.661475e-05,0.025199318,2.4665078e-05,0.0014423454
425,4.93233e-05,0.00015139421,0.0013070506,1.2616107e-05,1.0370781e-05,1.9975569e-05,1.4491831e-05,1.8423382e-06,2.212781e-07,0.0018436263,0.0002376081,0.0041984236,0.0072916094,1.3844615e-05,0.49451575
426,6.901103e-08,1.6207909e-05,0.051563147,0.002191644,5.8448346e-05,0.3310521,0.00015145002,0.00022952806,9.2832044e-05,0.35352242,0.0005916326,0.0006379186,0.0024814573,1.6726832e-05,0.0005271208
427,5.6855765e-08,6.721934e-06,0.0021092151,0.075255685,0.0011561228,0.108692355,4.563123e-05,0.3463789,0.0018855133,0.007853191,0.00025193114,0.00037821394,0.00022095286,7.950061e-08,7.599495e-05
428,2.935901e-06,8.8812536e-05,0.377391,0.0016730453,0.0001833178,0.06927102,0.00045057246,0.15504976,0.0014839984,0.0029629068,5.0500916e-05,0.00023559194,0.0010549674,0.12098436,0.00024851284
429,2.6805896e-05,0.0023930615,4.0348386e-05,0.009221768,0.00653121,1.6882263e-05,0.0008857191,7.158687e-06,1.6838486e-06,0.0062883827,1.2539756e-05,3.0745363e-05,7.0933e-06,1.4027999e-06,7.306946e-05
430,4.3058603e-06,0.0003483267,0.00030504802,0.3070596,0.0061677527,2.255529e-05,0.00019059553,5.8505088e-05,6.2790684e-07,0.0023943286,1.0971336e-05,0.00042787174,0.00021522865,3.7862918e-07,0.00012446748
431,3.931852e-07,5.809787e-05,0.02693802,0.047241773,0.010726564,0.14193627,0.0030793785,0.0040287348,0.32814503,0.0038469154,7.948372e-05,0.00033888835,0.014792872,0.00089204015,0.0003582152
432,2.6634839e-06,3.1282467e-05,0.0020218845,0.0040071188,0.0010911518,0.09325404,0.000168899,0.06209168,0.41936094,0.0026616056,4.0616196e-05,0.01836858,0.014552998,6.436655e-07,8.122007e-05
433,2.783709e-06,4.0641075e-07,0.0035852042,0.023698285,0.46791655,0.0003960258,2.792075e-05,0.00067852414,0.0125290835,0.09653602,0.011202613,0.016625194,0.00019891803,9.754468e-08,0.00020727764
434,1.2895911e-05,5.391702e-06,0.03811365,0.030862767,0.4806864,0.0028512417,7.272456e-05,0.002331563,0.08708685,0.004279785,0.00080898055,0.15611984,0.0023476386,0.0005950907,0.0002512536
435,0.00089464866,8.8381796e-07,0.0012576227,0.001127999,0.005852242,2.422458e-07,0.0017458567,2.743666e-06,3.0748208e-08,0.22283521,0.05275279,0.00029558892,0.011415072,1.629831e-07,0.020721883
436,4.4903056e-05,0.000108134496,0.005837092,0.015578453,0.03184424,0.10987148,0.00031443452,0.004366459,5.9433583e-05,0.047863595,4.4123135e-05,0.12995815,0.0016010549,1.9494146e-06,0.00093811867
437,3.550439e-06,4.3925097e-06,0.0012758493,0.028858922,0.0059266724,0.0013489468,6.069818e-05,0.000588029,0.3685135,0.004129691,5.714384e-05,0.00017439952,0.003157666,7.3496165e-07,0.078861535
438,7.568131e-06,5.544099e-05,0.0022273846,0.0017136843,0.00012550641,0.028377788,0.002350985,0.012302035,5.672792e-05,0.27673513,0.016919987,0.000907865,0.002965033,2.0231591e-06,0.058789242
439,1.9798774e-06,2.9084968e-06,0.10274002,0.017149027,0.0023831497,0.023971833,0.00010883269,0.11595299,0.00026076098,0.38618416,0.012573375,0.00044590572,0.00042925714,1.9744546e-06,0.0011356531
440,1.3579269e-08,4.861732e-06,0.19802895,0.537425,0.01599631,3.033384e-06,2.8986533e-05,2.826019e-05,6.748082e-08,0.011204732,0.00064953614,0.00041878637,0.00013568456,0.00439812,0.0031958092
441,0.00013922421,2.1002788e-06,0.08767825,0.40374073,0.03789913,0.00021318505,0.00026371123,0.0037969584,0.051871974,0.13302565,0.0015025231,0.07428892,0.00051637075,4.2587126e-05,0.0040049786
442,0.0002263177,0.00012711069,0.06570593,0.0018190385,8.033608e-05,1.4484242e-05,0.00023988864,3.379098e-07,2.8170954e-08,0.3019767,0.07482694,0.0012136861,0.00031746193,1.2400343e-05,0.09414973
443,2.2503161e-06,1.1805816e-06,0.0011568927,0.00484557,0.481182,9.696787e-06,0.00015604634,1.5834044e-05,7.364608e-07,0.29007968,0.0025387183,0.00012466511,0.010656996,9.989985e-08,0.025498025
444,7.928998e-07,6.251459e-05,0.017485162,0.025969593,0.23626974,0.06780303,0.00043334422,0.0070143547,0.0039784126,0.005828103,1.2921047e-05,0.011724031,0.0008449715,5.9843755e-06,0.012202871
445,3.054576e-08,2.1379258e-06,0.0044257557,0.24333696,0.028494306,5.4665743e-06,4.6003788e-05,3.2778058e-05,6.06749e-08,0.3291329,0.0007925446,0.0005517529,0.0004598749,1.2612932e-07,0.0047665117
446,2.068355e-06,0.00035781728,0.19839051,0.009359974,0.033192538,0.16550526,0.00067110575,0.004762133,0.038284756,0.015566548,0.0002496809,0.00034922097,8.016659e-05,0.0043280916,0.022488864
447,2.5528434e-06,1.585181e-06,0.50654864,0.008944077,0.12276915,0.041602254,0.00024478984,0.14829588,0.002666817,0.004444213,0.00010911226,0.0003970768,0.00011555962,2.3768912e-06,0.0006776572
448,0.012640207,7.901041e-06,0.10032466,9.411233e-06,0.0046039075,4.6967297e-09,3.3205793e-05,7.629688e-08,1.411063e-07,0.057286844,0.0048265923,0.0006355982,0.0035897817,0.02651445,0.09834613
449,0.0010447799,7.872803e-06,0.15893094,0.0047189854,0.00072346046,0.040237352,0.0003333532,0.21092358,0.054641496,0.06608354,0.0024979927,0.059437074,0.003253968,0.0006511678,0.011098739
450,1.1019908e-06,2.8125582e-05,0.17255363,0.065154366,0.0053666607,0.0030418052,0.00038464987,0.009301419,0.108573884,0.34121937,0.019027244,0.00018830155,0.0009803594,4.891638e-06,0.0008804531
451,4.2262004e-06,9.290094e-06,0.0012384127,0.0014709631,0.0016902095,4.2584918e-07,0.009307436,4.57022e-07,1.055506e-09,0.123338275,0.0018246287,0.00033326898,0.0038687778,1.2986588e-06,0.22788067
452,3.258019e-06,3.077157e-05,0.0022799731,0.15689477,0.10807714,0.0013514641,0.00012915544,0.0004165302,0.60082,0.0007407231,3.8656217e-05,0.00014156158,0.00045320523,3.6744618e-07,5.7997808e-05
453,2.6081455e-06,4.487764e-06,0.38522694,0.0024609112,0.41036612,3.9568213e-06,0.00048946735,4.4053804e-06,2.7356826e-05,0.004737691,0.0015769996,4.282151e-05,0.0010383375,0.00587373,0.00063481537
454,1.6190689e-06,5.779802e-06,0.00082905527,0.0035846683,0.00023815484,0.11001976,1.1109645e-05,0.11796781,0.57855743,0.0013365224,0.00016419029,0.00019478225,0.0003427994,1.8249486e-07,6.900413e-05
455,7.225453e-08,7.096379e-06,0.04434452,0.049889185,0.00026513866,0.027267342,7.513867e-05,0.0022070722,3.499727e-06,0.46793863,0.0062484145,0.19654621,0.0008055007,7.7232096e-07,0.002880815
456,0.00017268652,0.0002626829,0.0018116852,0.010505447,0.00046728808,0.0001144798,0.00031922307,1.4115211e-05,1.7894882e-07,0.18752871,0.00028835455,0.41936895,0.00021517053,3.773782e-06,0.00026830845
457,1.1046818e-05,0.000877765,0.099334486,0.056633923,0.0058095935,2.3737952e-05,0.0021206827,1.1736109e-05,8.9925487e-07,0.010134283,2.4315159e-05,4.2057294e-05,1.9603578e-05,0.21397378,5.9024125e-05
458,1.1860669e-07,9.76035e-06,0.00049368484,0.0013834564,0.00018762404,0.46235874,0.0006204169,0.000427874,0.11831355,0.17240745,0.00050107803,0.00034020608,0.0019866675,2.8655174e-07,0.00015602776
459,0.017417876,3.7698355e-06,0.30189073,9.464792e-06,0.0034261153,6.7668164e-09,4.41746e-05,1.860197e-07,1.1761129e-07,0.06464594,0.008203588,0.0007603359,0.002801709,0.00039296676,0.072267525
460,8.002978e-08,2.0327761e-05,0.078728184,0.009863346,0.00046327763,0.48179296,0.0021419043,8.453971e-05,0.00012294075,0.11512051,0.0024126796,0.0008042993,0.0040072314,0.009715809,0.00042690197
461,1.5626634e-05,6.5756393e-07,0.19924128,0.012986918,0.05402883,0.0027031398,0.00030500157,0.0091010155,2.3899369e-05,0.0030745808,4.1960917e-05,0.10225391,0.004148528,0.0058655795,0.0002794698
462,4.1980747e-06,9.7298536e-05,0.00038036966,0.0011601485,0.0003302377,2.6061962e-06,0.06064503,1.504007e-06,1.0300105e-08,0.007016967,1.5140805e-05,5.6094115e-05,0.01623507,1.6135456e-06,0.0042036898
463,1.9088761e-06,1.6623303e-06,0.11343954,0.013138309,0.1221474,0.05075262,0.0001189616,0.08050263,0.15406841,0.019471828,0.00017247481,0.00092116743,0.00113762,0.0039272867,0.0077218027
464,9.0115376e-05,3.170221e-05,0.0016414862,0.0109610865,0.00028488348,0.00013891769,0.0010591513,4.47874e-06,4.2181817e-08,0.2636417,0.0028641943,0.17466496,0.0009776041,1.68891e-06,0.001442067
465,0.0001261519,2.7929347e-05,0.03146657,0.17647846,0.008774772,0.002776504,0.0012555401,0.07218003,3.3644403e-05,0.15294032,0.0033932682,0.051614814,0.0033733617,2.4141218e-05,0.015630038
466,1.1648649e-06,6.418254e-06,0.0013082781,0.008512928,0.12569281,1.4781402e-07,2.3484477e-05,3.154811e-08,1.0695441e-09,0.38537523,0.0003062282,0.00025118093,0.0005260978,2.4036336e-07,0.0037966233
467,2.133267e-07,0.00016450178,0.00038458128,0.0027479343,5.473291e-05,0.30760765,8.634856e-05,0.18064429,0.0020978919,0.0045707882,0.00013639075,0.0003683213,0.0014189819,3.8933223e-08,6.374114e-05
468,1.7175971e-05,4.636714e-06,0.21763551,0.004752866,0.12075729,0.0015718283,0.0024104689,0.0007657032,4.0091154e-06,0.01317699,0.00015173186,0.06534581,0.02308215,0.07127453,0.0011616925
469,7.7129073e-07,9.7925695e-05,0.001403571,0.021898482,0.14296882,0.0066098585,0.007623647,0.0049551846,0.003896356,0.5199784,0.00072762166,0.0011040713,0.0010475094,1.644235e-07,0.004076562
470,8.855286e-09,0.00010310491,0.00027710808,0.0008352307,6.848711e-05,0.86194724,1.9130239e-05,1.1421357e-05,0.0010943527,0.0016185892,8.8521854e-05,0.0004808325,0.0003885633,6.102056e-07,0.00024867774
471,2.9984256e-05,1.4093737e-05,0.0015996794,0.11542711,0.0021117956,0.00018468828,0.009590123,0.0011321363,5.1410905e-07,0.05951966,0.00033326357,0.025124295,0.022843756,1.2723287e-06,0.0017087412
472,8.879428e-09,1.8806852e-05,0.00030127403,0.0009252418,7.053959e-05,0.86362976,2.0853966e-05,7.0130955e-05,0.0012472714,0.00349236,0.00024923135,0.0006287839,0.00022658918,4.2074095e-07,0.00025248132
473,1.31494255e-08,1.0380206e-05,0.07259043,0.08581793,0.0013805164,0.30479872,7.703788e-05,0.016447386,0.0004581817,0.22061053,0.00570368,0.0034034748,0.00039859352,0.00046124242,0.00037279192
474,0.0014366023,7.557344e-05,0.0004227209,0.002900727,0.00026891773,1.0202265e-06,0.0007668077,3.5980239e-07,2.0873303e-08,0.5117908,0.13479006,0.00028356106,4.5595112e-05,2.9745237e-07,0.0040411158
475,2.7660974e-06,5.5421486e-05,0.002364484,0.06982651,0.023888454,0.0008191817,0.00070114713,0.0007601479,0.20500736,0.0023962131,3.604369e-05,0.00035801542,0.027626824,2.8726677e-06,0.085366845
476,0.00049215765,5.5513712e-05,0.024623008,0.014914175,0.0047684116,0.017617255,9.740786e-05,0.013503833,0.41626891,0.024759589,8.214941e-05,0.00027545146,0.00031044058,0.0006988593,0.0006512315
477,9.18368e-06,2.8337988e-06,0.0007952134,0.005799988,0.00054675806,0.14512615,0.00015779343,0.0009107791,4.6227997e-05,0.15040986,0.0047567817,0.2699148,0.0012968564,3.73879e-07,0.00021789064
478,4.373562e-05,0.0016871252,9.118873e-05,0.013664875,0.0056687943,0.00016647867,0.0015953134,5.7383455e-05,5.2447294e-06,0.0153641775,1.252399e-05,6.0300055e-05,2.0626783e-06,2.216024e-06,0.0016195782
479,1.5514872e-06,1.8639816e-05,0.00023013384,0.002550739,0.00021935326,0.09402466,0.00069531845,0.0017300624,1.7824885e-05,0.28860408,0.0014003244,0.0041512283,0.012196833,2.8177936e-07,0.037768368
480,0.00021009047,0.00019491065,0.103083655,0.0073469654,0.006947985,0.002144714,0.00013927351,0.00043207034,0.37723014,0.016236097,0.00018347561,0.00046850267,0.0008030392,0.00071788474,0.007387374
481,0.0005292814,2.468672e-06,0.09841181,0.07428197,0.39575303,3.1861737e-06,0.0001074954,1.2084112e-05,2.0044139e-07,0.13098463,0.0017216963,0.09716333,0.00075916696,0.0022975965,0.015957557
482,2.7602543e-06,2.03998e-05,0.26663366,0.042244565,0.22683994,7.3347514e-06,0.0031616054,4.4366956e-05,4.4207175e-07,0.12960799,0.0019104005,5.6269782e-05,0.0016961007,0.025898367,0.00048109947
483,4.876102e-07,3.5534194e-05,0.20108514,0.0050920444,0.19332215,0.21109529,0.00012065603,0.008256569,0.00093720754,0.0015413498,6.0919872e-05,0.115951605,0.0018549394,0.06915014,0.00024029908
484,8.12429e-06,0.00013734146,0.0014926501,0.0063393526,0.00066921767,0.28402624,0.00018173733,0.07614572,0.0007793771,0.009816797,8.62301e-05,0.014924566,0.0011220446,8.723201e-06,0.00018677814
485,1.6414713e-05,1.9424244e-06,0.0352834,0.0062654153,0.43460605,1.1994495e-05,9.745451e-06,1.7900327e-06,1.2716184e-07,0.0009487678,8.389105e-05,0.05693955,0.00059253146,1.1849417e-05,0.11635961
486,2.8157002e-08,8.3064944e-05,0.00070987176,0.014037645,0.31541255,0.23547193,0.00028227983,0.007796156,0.00030630556,0.0018498012,3.5005633e-05,0.00043138402,4.016467e-05,2.6120322e-06,3.2457112e-05
487,0.0081795305,0.00051276654,0.0009359568,0.0010364532,0.010576039,0.0037084762,0.00022250919,0.0002809375,3.9612398e-05,0.040099278,0.0016541362,0.0008302272,6.0635863e-05,4.687945e-06,0.023860617
488,2.9784398e-05,6.6915627e-06,0.16003989,0.0008755178,0.00038631188,0.0016842028,0.00081348326,0.00039240732,0.02270129,0.20837063,0.0009606665,0.05226827,0.0020174293,0.031085933,0.11649202
489,0.00032393806,5.6077664e-05,0.00015758321,0.018140094,0.024089132,0.060981758,0.00045574666,0.19485894,0.0006221636,0.018045256,8.2416045e-05,0.040364552,6.28424e-05,2.3231888e-07,0.0016623402
490,4.4425883e-06,9.338664e-05,0.004667329,0.00904138,0.009589921,0.000924236,0.023515472,0.0016679094,0.056009077,0.0052100644,1.0132815e-05,0.0022655432,0.019168897,5.8782745e-05,0.00053093507
491,0.00023092849,1.5827375e-06,0.22092235,0.008089371,0.00016300617,0.0043915175,0.00039626466,0.00030047834,4.9940045e-06,0.25140485,0.00042621978,0.040467285,7.152416e-05,0.09696962,0.0009152547
492,1.4688081e-07,3.34662e-07,0.00093066844,0.003246893,0.9459921,2.308354e-07,0.00016625969,1.5228943e-07,8.216318e-09,8.7597815e-05,1.8898796e-05,3.1978776e-05,0.000875895,2.106613e-07,6.686044e-05
493,0.00012765783,6.6309512e-06,0.002668305,0.020684289,0.0039296965,0.00024914084,7.944043e-05,4.68455e-05,3.392187e-07,0.18537834,0.00019061593,0.33739543,0.0006676361,2.8258128e-06,0.0027151243
494,3.168492e-05,0.00014008523,0.23933452,0.0071871527,0.0010798124,4.016334e-05,0.0050935973,5.7560643e-05,4.4446125e-07,0.14617623,0.00213539,7.2900744e-05,0.0183495,0.16635337,0.00064347516
495,0.00020129923,3.0845873e-05,0.00032883816,0.06607496,0.0030898957,5.447061e-06,0.044098694,6.169939e-06,1.3960807e-08,0.053401478,0.00034793242,0.011450191,0.022559283,2.498336e-07,0.008937761
496,1.09067475e-08,5.2948726e-05,0.001922135,0.002260969,0.0018090702,0.13287306,0.0005051104,0.00044206684,1.9695543e-05,0.65441823,0.00082664686,0.0032147048,0.0008676371,3.5424947e-08,0.00016871122
497,1.1584204e-06,6.595435e-07,0.0024790978,0.01763849,0.67496854,0.0009856186,8.1219754e-05,0.0007813842,0.20811631,0.00021468825,0.00011341162,0.00014802141,0.0016502774,1.573302e-07,0.0002451326
498,5.261142e-05,7.317647e-05,0.103892274,0.0028681937,0.00015135111,0.00034794607,0.0015463687,0.00012633154,1.1314455e-07,0.010522516,2.2376094e-05,0.16019318,0.03221577,0.00018748411,0.058101024
499,8.2951665e-08,3.9566344e-06,0.00034059325,0.0062060105,0.07524919,0.4562634,0.00011406948,0.0012091078,0.0009666583,0.0025321313,0.00014181275,0.0015332381,0.0035399424,9.0860885e-07,0.0002019572
